soil_moisture_pct,temperature_c,humidity_pct,rainfall_mm,soil_ph,irrigation_target
0.37,33.46,91.83,77.08,5.53,0
93.62,54.9,72.01,426.2,1.89,0
49.62,58.55,38.76,3.26,6.07,0
98.07,51.27,85.83,467.5,4.17,0
69.01,26.08,66.95,353.2,12.97,0
68.58,18.24,77.86,268.8,4.57,0
97.9,53.74,34.14,136.05,13.83,0
23.84,50.3,12.3,363.29,4.37,0
86.6,39.5,57.2,398.08,9.9,0
91.31,9.2,4.86,210.43,3.5,0
43.09,-7.55,64.82,167.36,4.84,0
89.28,4.41,74.02,70.32,1.9,0
69.48,53.27,82.03,117.21,8.37,0
51.98,-2.48,8.21,446.92,11.54,0
60.73,51.54,60.07,343.92,4.12,0
22.39,57.28,7.07,323.8,8.04,0
54.17,-3.26,7.55,121.79,7.69,0
56.02,57.51,92.25,475.71,10.86,0
78.52,11.32,40.67,41.95,8.9,0
40.6,29.55,99.02,112.93,9.58,0
96.76,46.87,42.81,166.15,1.91,0
32.33,57.91,40.42,257.3,13.83,0
89.93,29.45,3.29,464.38,4.4,0
38.69,43.81,54.01,217.69,10.75,0
12.77,-0.67,26.45,83.43,0.55,0
18.85,37.83,17.17,194.51,11.23,0
85.24,20.0,21.98,81.95,0.24,0
27.15,55.81,28.66,274.26,7.0,0
54.88,29.61,70.39,88.84,11.24,0
89.91,4.09,99.01,86.1,13.7,0
22.95,53.31,25.41,132.68,7.43,0
93.55,57.1,25.09,208.98,11.28,0
77.39,-0.71,89.41,280.52,11.69,0
45.13,13.46,41.83,46.11,13.07,0
97.18,24.96,15.63,37.29,13.9,0
56.56,17.45,30.62,8.33,2.2,0
56.25,5.49,14.59,130.39,13.09,0
48.29,46.33,68.5,148.72,1.02,0
18.1,16.68,97.25,255.19,4.34,0
93.26,46.72,62.73,291.51,6.59,0
11.78,38.27,90.78,65.22,5.05,0
43.35,24.17,68.81,302.06,2.23,0
43.27,40.33,63.61,333.91,2.98,0
49.14,52.28,8.0,400.51,0.85,0
95.98,15.96,33.25,423.53,3.75,0
54.98,59.9,22.12,88.14,9.37,0
95.2,17.28,50.72,391.1,11.6,0
82.72,15.14,54.0,55.97,0.52,0
62.8,48.77,96.38,277.69,6.02,0
45.08,41.95,48.04,249.85,10.69,0
76.65,43.55,76.16,299.64,6.08,0
91.01,7.67,91.21,1.0,2.69,0
37.7,40.22,73.6,190.83,8.99,0
21.35,4.65,39.66,122.04,11.93,0
1.84,30.81,66.35,21.74,2.38,0
36.32,26.71,34.84,422.62,2.08,0
19.42,32.98,1.67,418.64,11.88,0
23.71,22.99,61.31,182.96,6.98,0
88.46,8.19,33.25,263.27,0.61,0
93.01,1.57,85.45,340.33,2.46,0
57.93,40.3,43.53,61.31,9.02,0
20.82,38.21,10.97,373.83,12.93,0
19.5,33.8,99.57,499.34,10.54,0
74.29,46.62,41.29,426.74,2.55,0
8.36,25.93,23.08,26.38,2.48,0
60.45,57.85,30.58,239.98,9.76,0
92.43,-9.67,24.04,406.82,11.64,0
65.42,8.65,77.03,310.58,6.54,0
8.57,14.07,54.14,485.35,8.26,0
63.59,21.49,16.57,383.47,0.99,0
76.13,-6.84,65.79,216.1,2.36,0
97.6,1.13,22.6,403.6,4.93,0
66.42,49.53,49.88,206.18,9.46,0
27.47,22.8,77.15,395.18,13.42,0
63.5,-1.03,9.52,72.02,11.81,0
45.22,6.74,76.29,110.81,2.02,0
61.88,-1.92,12.41,482.04,10.43,0
29.34,5.92,65.77,327.67,9.31,0
80.41,20.3,53.99,100.04,5.63,0
73.89,16.49,15.24,55.23,1.22,0
26.61,37.5,26.86,414.41,0.85,0
13.97,28.95,27.95,215.98,8.55,0
99.53,12.56,75.19,317.56,1.43,0
23.19,54.78,84.25,150.8,10.0,0
21.86,24.9,66.19,434.3,4.97,0
40.78,7.95,26.88,491.29,8.23,0
89.2,39.55,80.0,416.22,10.35,0
35.5,18.02,77.33,385.39,3.23,0
91.26,29.21,29.66,166.12,5.21,0
93.97,51.94,51.86,252.96,7.96,0
72.13,35.88,99.75,129.71,5.86,0
25.36,49.85,42.36,182.82,3.86,0
95.86,46.17,27.36,407.21,7.65,0
4.12,12.16,12.65,130.2,2.58,0
19.35,54.54,16.59,496.05,2.04,0
66.27,24.11,88.93,32.21,3.69,0
10.36,25.87,81.18,106.18,2.66,0
38.43,49.42,19.97,360.22,8.63,0
59.45,34.19,78.61,206.53,9.11,0
1.3,11.56,15.86,315.23,9.58,0
52.5,46.02,36.27,115.21,13.26,0
52.65,47.07,26.73,198.45,5.22,0
71.78,6.4,49.38,181.5,3.93,0
99.88,-2.23,16.72,403.87,13.5,0
92.81,-3.02,92.08,191.08,1.12,0
2.27,4.63,53.8,101.9,7.33,0
13.58,44.26,74.22,428.03,6.67,0
69.68,30.7,89.8,176.73,6.92,0
10.09,36.31,59.09,182.68,3.31,0
68.4,47.51,71.68,195.01,5.04,0
88.64,44.0,2.94,403.55,3.81,0
14.28,24.36,3.63,371.5,5.1,0
42.12,-1.31,17.11,163.44,5.36,0
76.07,28.11,89.7,117.31,13.59,0
4.34,12.88,89.92,259.29,2.7,0
49.56,58.06,94.16,335.67,11.0,0
63.75,28.75,71.67,295.16,11.85,0
98.91,12.94,71.68,100.91,11.35,0
26.26,50.36,20.5,423.92,4.38,0
3.99,25.96,91.53,271.99,5.59,0
92.62,23.98,22.24,347.33,11.21,0
18.91,50.68,55.41,409.58,3.43,0
72.97,30.67,92.34,432.15,0.93,0
54.46,16.13,90.18,363.1,7.57,0
94.55,-2.6,2.75,345.13,1.55,0
95.62,-0.58,49.88,265.18,0.68,0
57.88,21.49,91.55,229.08,0.54,0
15.24,33.95,49.75,402.36,2.0,0
44.77,57.42,8.4,434.4,10.04,0
83.08,47.02,80.42,307.82,10.27,0
88.09,51.55,36.95,78.87,11.67,0
99.6,36.32,44.37,70.25,5.6,0
18.07,9.89,20.75,482.78,8.55,0
34.17,15.67,98.86,353.62,7.61,0
99.05,50.55,0.67,130.48,2.52,0
90.04,43.23,24.51,3.19,5.74,0
90.27,59.29,6.42,48.86,5.55,0
72.14,-5.81,13.2,34.62,1.59,0
49.03,-8.09,3.87,243.72,12.68,0
42.97,1.19,84.28,122.56,5.67,0
11.48,55.14,14.73,46.36,6.89,0
64.37,26.74,61.79,337.75,10.35,0
5.59,40.21,13.19,31.94,0.95,0
2.37,11.01,62.21,455.02,9.97,0
7.75,10.0,27.17,159.85,7.56,0
14.99,34.35,6.38,253.59,11.7,0
46.18,56.42,63.46,102.37,7.5,0
85.91,-1.2,24.44,21.46,3.89,0
31.18,18.51,79.04,54.17,13.41,0
3.46,12.92,6.73,147.07,8.15,0
10.66,-3.24,81.31,298.16,3.14,0
34.21,41.16,42.41,478.67,13.05,0
87.8,44.62,63.98,90.98,13.53,0
14.0,-7.27,99.67,427.16,13.07,0
36.05,46.69,35.42,99.06,6.09,0
66.27,51.84,71.12,269.16,12.18,0
64.01,34.33,46.33,78.53,10.81,0
79.82,40.6,21.77,102.28,11.44,0
43.22,29.03,68.43,318.84,12.8,0
53.2,40.94,88.95,244.81,4.48,0
97.45,53.87,67.88,74.15,3.38,0
73.0,53.77,64.22,248.09,11.65,0
68.02,-1.62,15.99,91.17,12.36,0
79.48,37.3,29.11,90.64,3.11,0
53.27,18.06,41.34,310.44,7.67,0
11.57,16.47,80.65,428.63,10.6,0
92.52,49.68,29.89,286.69,1.5,0
53.4,43.78,1.31,154.34,3.04,0
41.39,56.47,60.93,57.57,12.66,0
83.37,42.38,52.43,101.92,1.55,0
67.19,25.51,84.54,420.32,12.27,0
63.71,52.27,24.52,356.82,10.83,0
9.68,26.56,0.73,301.49,13.82,0
79.97,25.35,87.73,307.48,8.56,0
62.65,37.8,80.3,182.22,0.6,0
16.0,-8.05,79.66,296.25,3.38,0
50.91,4.65,97.19,155.68,4.32,0
61.68,42.59,5.09,253.66,1.38,0
98.49,28.67,62.54,186.14,13.05,0
16.64,58.41,54.03,202.74,10.13,0
3.52,14.77,45.66,307.86,13.27,0
10.5,49.99,96.35,5.21,3.57,1
37.39,18.55,1.86,45.01,12.96,0
93.59,26.8,5.67,216.97,0.04,0
87.72,3.46,83.85,451.61,7.69,0
3.6,22.56,44.29,162.22,0.49,0
72.09,50.72,65.17,23.37,3.34,0
29.09,33.64,17.65,18.66,5.37,1
82.71,1.33,84.5,327.17,11.14,0
90.74,-9.77,62.37,367.19,1.76,0
91.01,11.3,32.54,499.67,6.89,0
47.01,34.5,98.1,126.83,0.23,0
35.75,-3.86,65.47,439.55,10.95,0
58.52,5.47,78.93,44.72,11.61,0
95.04,15.43,5.43,111.46,6.36,0
61.36,32.77,93.16,190.91,0.1,0
21.89,23.12,35.46,405.85,8.92,0
18.23,48.65,57.95,380.12,3.41,0
26.94,-4.03,6.44,337.71,13.83,0
75.93,59.18,12.32,276.95,5.87,0
17.93,4.22,15.14,413.9,5.46,0
23.01,44.44,77.36,45.81,1.76,0
31.26,40.29,73.42,430.39,13.66,0
9.29,57.72,14.52,24.21,2.11,0
42.52,46.93,0.47,367.72,4.77,0
11.53,-3.58,77.0,164.41,2.64,0
10.22,-3.38,59.99,263.11,10.1,0
67.97,47.3,72.69,180.1,12.7,0
87.99,48.67,70.99,108.54,10.42,0
74.64,54.97,82.8,204.01,13.63,0
93.5,15.12,68.18,200.31,8.85,0
59.05,26.94,85.85,380.24,4.37,0
23.33,-3.7,91.13,300.23,10.68,0
55.4,38.46,41.42,303.66,8.33,0
24.0,32.27,95.71,453.65,10.09,0
30.57,52.23,57.44,154.77,4.76,0
42.72,14.56,12.51,327.43,3.7,0
26.73,50.06,98.55,339.65,1.33,0
38.34,35.72,97.42,205.15,8.91,0
54.6,24.66,32.1,348.15,7.01,0
55.24,41.79,27.79,85.66,12.6,0
55.65,11.92,61.23,196.66,9.75,0
98.7,47.15,0.16,34.92,9.75,0
89.86,1.49,21.28,268.11,12.81,0
53.94,8.74,42.53,274.03,8.47,0
94.38,-1.51,58.43,376.29,3.91,0
84.12,58.47,84.7,420.21,10.3,0
26.52,12.12,79.23,83.33,8.96,0
72.68,48.36,39.25,3.39,9.08,0
68.45,12.49,74.77,26.76,7.8,0
68.75,47.87,79.95,99.33,5.8,0
96.01,0.09,67.73,457.08,11.13,0
86.32,-1.71,40.14,155.48,10.42,0
77.46,58.33,14.72,94.95,11.96,0
34.76,2.4,62.26,183.76,5.57,0
79.26,12.36,47.84,367.59,3.65,0
27.16,37.86,49.18,52.27,3.31,0
42.8,10.5,43.11,432.9,12.28,0
20.01,38.79,89.21,212.89,8.09,0
90.25,41.83,74.77,365.26,8.01,0
39.07,49.97,28.57,69.49,13.73,0
30.55,15.72,65.22,169.27,2.04,0
39.77,22.28,50.4,245.85,11.86,0
90.83,46.6,17.98,5.07,2.5,0
27.29,46.08,16.36,287.6,8.92,0
84.76,-8.86,13.54,453.11,9.37,0
12.68,8.11,53.82,376.5,8.83,0
28.2,11.43,58.09,386.86,1.64,0
71.43,25.32,17.26,123.87,6.13,0
60.21,48.97,65.7,65.58,4.11,0
10.42,5.66,67.43,320.38,10.4,0
2.68,46.32,24.1,263.65,10.48,0
55.33,59.54,90.57,131.58,12.81,0
90.37,58.33,66.39,73.32,6.23,0
79.06,23.14,64.84,337.22,9.16,0
46.65,28.0,70.48,137.96,7.36,0
40.42,42.34,27.3,421.66,1.89,0
20.81,10.56,27.81,189.18,5.28,0
42.55,42.22,33.08,351.43,3.79,0
10.86,29.87,45.15,447.37,1.31,0
2.68,16.63,17.96,308.47,11.47,0
93.88,0.39,1.45,451.33,0.02,0
20.86,49.72,19.34,344.67,4.71,0
80.15,2.27,38.83,112.56,3.47,0
29.31,23.3,25.35,316.77,7.54,0
66.71,-9.97,2.82,352.0,4.95,0
62.41,58.47,24.03,183.35,10.37,0
32.59,47.41,88.05,138.07,6.98,0
18.1,12.82,79.35,281.77,6.2,0
11.75,23.76,13.03,301.74,11.59,0
2.26,5.54,34.44,490.67,7.83,0
13.41,47.78,9.34,297.88,7.3,0
13.67,23.92,69.72,386.3,8.51,0
62.65,40.47,56.76,4.74,0.92,0
58.7,19.07,18.79,65.85,12.69,0
57.16,42.63,43.0,473.32,5.65,0
63.28,11.95,68.95,279.1,9.66,0
8.56,40.41,48.86,379.08,9.67,0
90.45,28.92,68.04,210.23,8.32,0
90.32,57.2,80.89,454.85,2.99,0
0.96,37.98,2.46,232.02,6.85,0
3.83,15.04,82.38,19.24,0.98,1
14.5,18.31,79.1,9.39,7.54,1
59.34,33.08,52.61,415.9,3.98,0
45.33,-7.88,47.53,175.72,6.46,0
81.89,47.05,23.63,73.22,2.76,0
6.9,14.29,73.89,268.77,8.16,0
47.32,-7.86,93.76,59.11,3.3,0
77.36,-7.93,27.33,496.29,6.87,0
84.03,32.85,66.13,60.58,2.04,0
38.84,15.45,32.6,199.44,10.13,0
13.16,23.46,27.17,64.89,11.83,0
45.85,-6.04,56.03,443.68,8.86,0
99.25,50.16,22.33,216.96,9.84,0
73.58,52.31,40.46,450.99,0.14,0
21.12,38.54,2.29,82.49,8.31,0
32.46,56.79,84.28,465.61,11.19,0
37.78,4.92,68.39,204.24,2.5,0
2.7,20.86,81.47,139.83,12.14,0
59.14,-7.21,96.03,228.03,11.65,0
78.42,25.52,47.57,156.74,11.3,0
76.93,52.59,95.48,390.86,13.49,0
71.34,38.48,22.84,61.52,13.5,0
4.48,-0.08,24.62,334.27,12.35,0
58.64,49.64,29.01,75.77,6.48,0
13.96,-6.49,97.08,388.72,13.44,0
71.61,30.88,62.58,371.14,13.18,0
16.2,5.98,31.69,145.68,3.74,0
53.45,24.36,28.53,347.92,9.71,0
50.55,30.09,14.99,164.06,7.28,0
88.81,11.11,49.78,192.28,4.83,0
7.56,24.95,78.57,165.16,12.75,0
70.46,-6.79,22.79,144.69,1.12,0
50.59,27.77,58.33,369.3,1.05,0
41.66,36.51,8.56,487.33,0.95,0
83.29,-1.75,76.26,61.09,11.75,0
10.59,-5.4,10.44,196.95,1.69,0
32.18,12.86,70.4,499.45,10.42,0
15.79,19.24,81.25,459.49,1.11,0
6.08,5.13,9.6,7.28,7.83,1
16.89,0.46,97.84,324.55,9.19,0
78.13,29.38,56.95,50.03,7.07,0
68.52,17.9,15.09,296.84,9.54,0
2.57,35.21,51.89,478.13,13.29,0
71.14,57.19,83.31,336.55,10.28,0
45.93,53.89,90.63,419.99,11.84,0
45.99,9.78,44.7,483.21,2.17,0
68.63,32.75,63.37,234.12,3.7,0
20.35,57.75,37.33,492.65,10.95,0
41.52,38.74,55.34,219.33,12.96,0
1.02,21.55,89.79,329.55,1.04,0
46.12,29.71,9.23,475.54,5.03,0
87.96,-4.36,42.98,229.01,6.99,0
0.78,0.9,82.47,120.34,3.11,0
77.32,-2.34,94.72,193.77,6.76,0
1.33,12.6,50.4,288.3,4.37,0
57.56,37.03,73.97,296.56,11.67,0
15.53,6.63,59.6,111.9,6.12,0
49.78,7.11,74.1,486.65,5.03,0
72.71,28.84,3.08,484.46,10.57,0
44.41,30.69,3.26,144.95,5.89,0
71.66,24.18,95.9,412.81,11.77,0
3.13,0.47,85.22,7.85,2.05,1
41.04,-9.13,93.69,308.61,3.96,0
43.82,6.08,63.26,480.62,0.72,0
32.03,25.22,49.77,62.47,9.61,0
57.82,8.54,22.1,17.75,6.43,0
80.73,18.2,59.79,286.39,13.2,0
52.3,9.13,79.47,388.13,2.63,0
14.47,56.0,83.72,249.92,6.38,0
14.05,40.74,16.93,197.88,11.6,0
38.26,32.12,59.03,396.8,13.36,0
73.78,59.9,25.14,75.81,3.6,0
72.02,-8.31,97.07,66.97,13.27,0
22.73,16.49,53.12,291.22,5.55,0
34.91,51.24,91.12,136.9,12.56,0
75.27,38.1,11.37,474.74,8.0,0
90.17,20.34,50.74,81.45,10.78,0
58.95,24.33,37.47,474.36,4.43,0
9.32,20.47,13.72,100.02,1.39,0
0.48,14.31,67.66,130.56,11.77,0
73.47,14.83,95.09,487.34,10.35,0
62.3,41.08,3.7,285.94,6.04,0
19.47,-3.02,60.56,188.8,2.03,0
45.36,-0.94,16.89,67.34,12.35,0
99.05,-2.03,62.78,196.77,13.08,0
86.43,-8.66,86.74,324.71,3.24,0
40.82,19.46,64.49,13.09,9.06,0
30.47,42.38,90.35,171.93,5.78,0
40.92,46.99,28.09,436.86,8.66,0
94.24,1.55,88.98,78.55,1.42,0
20.83,1.33,29.18,111.4,11.09,0
13.67,22.85,15.47,94.81,0.18,0
30.05,53.66,10.81,102.24,9.16,0
11.0,16.86,48.96,64.12,3.05,0
92.27,10.68,5.31,232.54,5.41,0
61.65,23.15,72.3,283.32,3.25,0
41.39,56.68,0.15,498.69,10.45,0
82.46,32.0,88.5,293.46,7.36,0
50.05,14.15,2.46,52.27,5.82,0
72.65,5.57,53.46,392.45,12.69,0
0.7,38.51,6.57,44.91,9.34,0
27.95,53.62,69.41,306.8,2.65,0
76.8,15.78,42.32,328.22,3.43,0
46.55,13.48,26.98,397.83,11.23,0
75.36,-7.74,81.4,51.24,12.15,0
94.81,4.06,20.62,422.87,10.75,0
39.75,6.95,18.71,139.33,9.54,0
66.7,9.13,74.6,281.68,2.18,0
10.92,17.17,72.13,338.98,12.02,0
10.74,14.49,77.34,13.77,5.62,1
38.41,45.37,51.17,474.88,5.3,0
91.14,30.88,73.53,219.59,4.93,0
20.31,25.38,72.44,263.49,11.47,0
30.07,18.09,25.46,356.28,1.14,0
65.45,50.84,72.72,431.1,9.11,0
12.8,11.64,31.98,331.28,13.24,0
18.99,58.98,30.0,425.0,7.04,0
52.8,-7.76,27.14,197.97,3.71,0
14.47,45.95,25.95,277.66,3.51,0
10.62,38.34,89.63,490.82,12.67,0
84.97,55.98,65.35,148.59,3.87,0
58.83,57.52,79.66,158.66,9.98,0
50.25,30.17,78.93,111.0,7.48,0
3.43,11.69,77.72,427.32,3.03,0
54.61,58.35,37.6,95.19,6.26,0
35.7,44.66,86.58,165.96,1.74,0
93.86,-3.05,27.8,119.81,12.21,0
53.29,40.79,36.97,98.09,0.58,0
19.66,-4.66,72.42,45.9,3.51,0
50.94,58.86,57.3,249.13,8.95,0
52.98,6.67,49.2,29.95,13.96,0
82.44,56.18,92.03,112.63,9.18,0
23.24,10.05,57.01,329.75,5.94,0
67.94,0.52,66.73,150.78,11.45,0
94.06,40.87,92.27,327.61,11.29,0
50.57,3.8,62.45,6.01,12.91,0
13.55,-5.81,10.0,35.12,13.94,0
35.17,-6.59,35.69,212.21,10.46,0
22.5,-9.81,49.08,188.49,11.87,0
12.69,50.63,24.97,355.7,11.6,0
21.12,-0.39,25.55,164.06,0.11,0
69.37,-1.84,12.88,390.15,0.25,0
78.06,-8.06,67.17,465.39,5.47,0
99.52,20.68,0.07,69.93,12.63,0
88.04,-0.41,92.07,430.29,11.22,0
88.56,59.15,88.65,34.44,1.89,0
78.41,14.08,71.91,483.18,4.93,0
70.06,15.67,96.77,360.79,11.76,0
67.45,47.01,54.04,433.52,6.44,0
3.89,30.8,98.82,307.18,11.5,0
79.0,2.99,41.33,279.83,3.25,0
18.34,29.8,39.36,472.84,3.36,0
39.43,45.46,64.24,223.48,9.96,0
51.72,-6.38,97.87,79.95,9.66,0
94.47,39.17,77.78,93.08,2.02,0
42.36,56.32,38.72,6.89,10.85,0
31.75,46.24,2.15,188.79,5.97,0
65.83,17.82,70.91,161.79,1.86,0
56.71,38.79,44.68,457.34,6.86,0
17.08,43.76,60.44,63.7,1.44,0
55.51,16.57,16.97,36.39,6.65,0
30.59,6.7,79.78,365.46,0.04,0
59.09,21.45,30.03,326.03,0.54,0
32.69,44.24,54.26,428.74,5.37,0
35.85,-5.26,8.66,451.5,9.19,0
71.29,19.27,39.6,371.79,4.55,0
11.61,15.74,85.33,477.03,8.08,0
8.69,54.02,77.63,408.54,4.47,0
64.32,27.94,89.92,333.61,1.84,0
44.9,-0.22,40.32,431.51,9.4,0
63.65,48.21,63.9,392.29,2.31,0
7.84,-4.59,93.55,112.29,7.05,0
85.41,34.76,76.24,406.05,6.47,0
93.06,4.18,91.58,200.66,6.54,0
92.4,4.84,2.7,470.76,12.43,0
23.5,22.14,80.13,224.05,11.99,0
57.35,-0.01,3.45,34.41,10.85,0
9.0,50.39,44.65,412.69,5.69,0
63.76,17.86,13.85,437.31,13.34,0
26.37,25.84,42.94,133.81,10.44,0
69.48,58.73,59.98,165.57,8.1,0
50.22,8.37,62.3,28.79,0.98,0
97.42,44.64,53.18,399.3,11.85,0
10.55,19.85,19.75,281.82,11.03,0
49.6,37.76,93.0,423.52,6.9,0
21.2,8.46,81.78,87.05,11.03,0
32.42,35.4,68.83,193.36,7.88,0
99.22,10.62,61.6,431.89,10.59,0
30.11,37.98,68.83,47.92,8.12,0
53.21,37.71,0.07,321.77,9.55,0
85.54,28.05,0.58,441.35,3.33,0
69.64,3.66,85.63,196.89,1.83,0
79.61,10.54,37.48,72.78,7.44,0
40.84,46.76,84.04,154.8,5.92,0
40.59,-0.35,4.74,167.0,6.24,0
83.87,13.84,76.9,477.43,5.55,0
90.24,2.86,14.42,323.97,0.22,0
93.24,59.6,46.13,274.83,4.07,0
54.55,12.48,8.01,330.46,4.29,0
60.27,16.93,43.22,216.36,8.12,0
93.78,38.73,13.53,206.78,6.31,0
1.06,40.38,14.32,281.38,8.05,0
50.71,48.46,85.87,211.03,2.74,0
18.56,3.01,56.27,434.02,6.66,0
52.22,32.55,0.14,181.8,6.63,0
1.35,57.06,26.02,14.45,13.99,1
66.8,9.48,8.33,394.5,4.95,0
99.09,-8.96,71.98,406.31,1.07,0
97.97,53.29,23.86,239.2,8.96,0
10.04,17.9,76.34,44.99,2.27,0
95.5,-3.25,42.57,174.19,8.31,0
81.09,12.29,74.51,319.4,12.44,0
2.59,1.58,8.63,347.9,2.85,0
10.17,16.64,60.25,230.55,3.64,0
6.54,47.59,78.24,95.94,9.48,0
95.07,8.76,96.33,98.01,10.75,0
30.83,8.55,11.99,78.81,9.6,0
28.36,32.03,31.2,488.09,6.22,0
16.79,4.12,23.18,342.21,10.87,0
0.59,44.33,37.73,403.46,3.42,0
84.15,-9.14,77.1,322.2,12.84,0
96.29,20.08,58.9,305.65,3.61,0
3.51,51.51,34.12,41.43,6.37,0
4.31,14.82,71.34,129.33,11.07,0
34.96,10.67,18.63,358.61,0.63,0
45.33,27.02,57.9,295.99,11.12,0
7.69,0.41,69.99,457.97,10.78,0
48.2,28.77,71.16,277.97,1.96,0
77.7,-5.84,58.84,394.38,9.01,0
76.03,-7.17,27.26,267.22,11.91,0
45.97,-7.7,55.67,430.18,4.24,0
32.32,43.04,49.68,155.94,1.05,0
21.55,46.19,62.79,492.56,5.51,0
30.22,9.66,53.33,21.59,4.25,0
31.24,33.6,59.37,11.7,5.89,1
7.97,35.28,94.66,10.35,1.82,1
40.81,4.76,11.91,280.4,5.38,0
58.62,34.02,66.98,480.33,7.91,0
92.77,53.35,74.09,249.83,7.19,0
87.88,-8.53,21.33,40.81,10.18,0
26.36,49.71,63.0,157.56,1.37,0
57.1,-0.96,69.13,57.57,6.7,0
11.74,54.13,29.5,307.31,3.07,0
30.43,41.99,90.92,3.95,3.92,1
23.34,7.69,36.12,188.99,10.35,0
92.3,-5.3,83.18,46.62,1.35,0
86.15,8.54,53.11,414.01,4.71,0
78.88,6.78,55.27,154.63,13.42,0
5.97,-3.18,18.46,84.49,2.9,0
54.42,-3.84,63.65,48.14,1.94,0
38.85,53.69,39.3,489.0,3.58,0
26.56,54.88,8.41,215.74,2.11,0
37.82,16.2,59.95,488.49,3.42,0
15.91,44.43,73.45,200.56,5.72,0
36.0,44.72,26.07,493.79,5.13,0
68.62,42.9,80.05,334.76,3.37,0
99.56,49.46,51.7,360.28,10.99,0
75.45,-5.3,37.74,0.29,6.45,0
5.1,18.51,30.64,316.65,3.24,0
4.69,24.43,47.28,25.29,0.16,0
20.17,57.16,12.43,1.89,11.65,1
51.5,59.86,88.81,348.94,5.68,0
49.95,49.86,29.96,184.72,0.74,0
50.3,0.14,62.41,114.72,11.87,0
89.14,28.16,30.71,296.28,10.16,0
76.04,15.31,36.7,129.5,12.24,0
38.24,2.57,23.38,322.68,5.03,0
71.49,37.07,71.44,259.83,3.47,0
12.59,41.92,45.75,403.11,11.23,0
64.45,-6.94,24.83,41.8,2.0,0
4.56,-8.23,15.2,428.17,2.49,0
92.98,-5.46,26.73,14.35,7.05,0
61.91,52.53,36.52,363.3,13.27,0
41.24,48.71,34.7,161.62,8.33,0
93.16,4.95,59.52,306.17,6.7,0
88.93,14.94,74.83,420.99,9.59,0
27.59,15.47,79.92,58.6,12.71,0
89.69,43.48,33.21,224.51,5.69,0
5.92,19.95,16.74,181.5,4.7,0
74.31,56.22,41.91,371.13,2.16,0
53.27,25.13,61.41,440.17,1.92,0
18.15,44.36,20.14,354.66,8.33,0
38.14,48.99,40.12,440.81,7.87,0
4.08,-7.49,45.51,102.49,7.53,0
6.54,0.11,92.42,397.45,2.68,0
98.45,38.37,47.12,433.23,6.3,0
89.23,-1.99,3.17,232.32,2.42,0
72.63,15.8,90.22,46.85,2.54,0
2.93,52.78,28.96,24.84,13.7,0
93.55,21.11,50.21,231.59,9.76,0
21.05,9.67,39.86,383.02,1.15,0
31.45,-7.79,41.39,248.53,3.33,0
87.61,34.7,20.57,394.97,11.63,0
86.76,0.92,32.68,426.9,11.01,0
73.21,26.46,83.1,147.47,1.53,0
25.56,-3.73,30.68,203.64,2.37,0
69.0,58.64,70.75,315.77,6.49,0
61.92,36.84,24.89,333.2,12.91,0
97.74,8.21,44.13,146.75,5.96,0
60.86,31.46,94.0,217.87,2.48,0
31.16,-6.56,82.54,141.99,12.41,0
4.07,-3.0,84.74,306.22,10.89,0
71.06,42.12,43.74,125.17,6.5,0
36.67,35.24,86.94,20.67,8.93,0
64.91,-4.57,3.09,416.04,9.4,0
29.92,5.35,31.22,282.99,1.66,0
62.02,12.05,31.36,433.39,8.36,0
42.57,28.48,53.27,373.13,3.38,0
99.46,43.46,15.13,426.52,9.2,0
0.17,-5.67,53.56,423.56,13.72,0
70.89,31.32,59.93,128.38,6.58,0
76.12,6.35,94.66,376.03,3.78,0
66.29,45.8,73.06,391.22,8.54,0
68.9,-6.15,51.36,66.13,8.82,0
95.73,50.47,50.97,494.82,0.07,0
57.71,15.93,14.78,430.72,12.94,0
4.59,49.64,66.34,85.26,5.01,0
38.52,53.96,5.94,335.62,5.67,0
33.42,31.43,44.77,113.72,3.27,0
21.9,56.93,46.43,76.63,1.38,0
38.38,-5.82,21.99,429.31,2.93,0
38.7,7.29,4.17,164.48,8.89,0
89.89,4.71,24.95,51.4,10.92,0
74.28,51.2,20.01,285.1,10.46,0
91.16,9.91,84.16,201.41,12.54,0
50.59,51.77,62.78,125.35,10.16,0
68.66,59.74,44.7,126.82,7.03,0
62.5,-6.29,20.79,205.09,11.98,0
32.33,52.72,5.22,255.85,6.16,0
32.38,16.89,54.06,12.24,13.39,1
87.62,38.4,79.45,379.23,3.14,0
97.09,51.16,82.71,135.99,12.28,0
80.28,14.02,17.59,18.04,5.43,0
96.57,-8.18,46.14,307.67,1.25,0
24.45,-3.93,33.04,256.61,8.89,0
74.93,36.69,12.91,99.74,8.48,0
88.03,39.08,27.63,5.08,13.27,0
11.43,53.55,32.88,372.61,1.35,0
72.04,-4.96,56.62,459.16,4.79,0
72.44,33.12,2.91,87.81,4.63,0
16.16,16.67,87.95,439.42,4.62,0
89.87,49.75,50.42,454.04,0.89,0
7.91,45.53,72.74,163.56,7.1,0
60.15,0.21,66.54,400.65,9.84,0
92.15,-8.88,19.67,399.89,0.88,0
16.15,54.7,17.19,79.46,5.95,0
74.18,27.31,26.86,437.28,3.79,0
19.48,44.53,1.61,307.5,5.13,0
24.3,0.6,90.29,44.19,5.5,0
69.77,37.11,25.57,16.13,11.93,0
86.8,-0.86,93.13,158.11,13.06,0
56.64,53.12,34.19,492.99,1.37,0
30.67,25.2,63.42,50.37,4.55,0
27.66,30.64,45.09,311.11,11.79,0
79.68,1.09,10.35,193.56,6.12,0
1.94,4.55,39.4,88.5,2.05,0
76.51,54.22,39.05,468.61,6.03,0
38.41,53.48,27.83,340.29,4.42,0
80.62,56.05,8.48,157.4,13.75,0
9.34,28.17,70.82,127.19,11.17,0
42.68,35.92,73.52,454.38,4.28,0
2.1,37.42,37.89,393.71,1.55,0
6.09,59.52,31.45,289.39,1.86,0
23.74,50.4,91.27,368.33,7.4,0
74.87,47.52,10.18,11.03,9.98,0
75.41,22.03,76.61,61.25,4.02,0
19.91,24.04,0.57,387.87,11.3,0
33.35,46.15,65.4,122.95,5.86,0
51.17,45.32,15.17,193.7,8.07,0
66.01,3.95,82.93,312.13,12.73,0
21.15,3.08,36.22,358.65,1.66,0
95.11,3.2,72.88,341.6,3.39,0
9.12,41.83,97.87,134.86,6.81,0
75.63,47.23,51.47,54.11,10.21,0
28.5,47.56,6.51,148.34,5.75,0
18.34,16.52,26.03,348.83,11.04,0
60.34,56.62,38.41,362.61,8.75,0
56.24,53.18,99.26,112.73,4.68,0
93.36,25.64,10.24,316.88,9.47,0
59.83,42.25,93.83,120.6,6.66,0
68.12,42.12,47.41,30.09,5.42,0
92.68,56.29,32.25,375.8,5.02,0
2.74,30.66,70.54,459.69,11.45,0
91.82,18.24,22.84,363.58,1.84,0
62.45,18.23,25.47,270.51,9.23,0
56.62,7.29,75.34,419.89,5.06,0
7.1,34.18,22.89,452.71,12.03,0
9.28,-0.65,10.7,202.33,1.48,0
53.61,28.19,24.64,173.25,4.49,0
5.18,51.09,94.34,376.84,8.65,0
11.65,3.75,20.15,315.35,13.64,0
29.61,0.06,84.8,100.86,7.41,0
98.44,59.1,82.66,185.89,11.73,0
90.25,-5.95,63.16,356.68,9.25,0
13.92,12.76,21.63,154.4,9.24,0
2.73,46.17,92.9,77.13,12.18,0
83.21,25.89,48.96,442.71,6.67,0
36.11,44.87,60.13,399.96,13.08,0
71.75,32.35,62.27,56.36,13.32,0
85.23,20.94,85.63,134.78,8.73,0
4.34,15.29,87.08,402.39,4.12,0
79.32,17.8,79.06,431.49,7.67,0
12.27,33.03,58.32,55.42,11.51,0
69.18,11.43,58.16,236.63,7.43,0
31.12,-2.82,62.85,235.55,9.25,0
33.27,34.31,10.04,119.91,3.59,0
99.41,55.42,6.9,466.89,0.44,0
24.71,26.76,4.89,473.76,11.3,0
89.58,42.83,95.93,161.38,1.56,0
37.41,34.88,31.3,68.67,13.97,0
96.57,59.25,94.72,487.05,2.61,0
40.56,9.11,54.57,19.46,6.01,0
85.26,22.85,84.58,369.49,3.45,0
8.66,54.22,60.16,146.85,0.94,0
19.3,58.68,93.77,263.22,3.64,0
19.48,46.4,61.44,228.13,0.01,0
13.06,58.48,62.42,367.32,0.27,0
79.93,31.96,50.53,253.84,12.59,0
78.32,50.69,52.15,229.02,13.5,0
73.93,37.03,86.51,395.59,9.64,0
12.14,43.62,77.95,232.65,1.71,0
64.48,9.19,99.21,415.73,1.41,0
98.77,6.64,34.72,412.42,11.17,0
31.21,56.41,34.18,42.96,9.85,0
5.44,31.94,15.61,315.41,0.6,0
82.47,23.73,80.65,373.28,4.74,0
24.95,15.84,50.13,277.72,6.39,0
13.91,44.71,14.59,332.49,9.1,0
96.85,20.93,57.32,187.16,12.19,0
61.23,13.44,58.26,78.98,2.56,0
23.25,5.67,49.15,429.24,10.62,0
36.86,48.89,84.14,453.71,6.45,0
68.88,4.7,13.81,45.7,9.09,0
85.33,58.03,91.3,121.25,11.59,0
77.44,49.25,86.07,480.28,5.23,0
67.58,13.8,68.32,146.92,13.43,0
73.38,19.47,96.06,399.11,4.05,0
67.81,58.05,38.26,339.6,2.14,0
0.49,-0.54,39.38,364.81,10.74,0
51.37,28.17,92.62,203.53,3.8,0
59.34,57.88,62.7,202.0,0.48,0
65.58,-7.72,9.98,336.79,6.47,0
55.29,35.85,51.86,181.05,2.78,0
67.24,58.69,65.01,479.16,7.05,0
47.95,38.93,5.86,295.4,11.44,0
45.84,36.49,35.82,31.67,7.48,0
4.72,11.21,18.82,482.09,0.73,0
15.14,-7.54,59.46,389.72,3.31,0
63.23,15.53,29.6,209.62,9.73,0
74.9,28.3,39.94,148.38,6.1,0
70.0,39.2,7.58,93.52,4.5,0
21.98,40.94,93.98,133.8,6.74,0
45.67,5.04,77.72,216.36,7.77,0
25.87,49.99,17.74,474.22,6.98,0
30.95,26.63,83.33,35.43,1.48,0
18.07,31.94,17.99,277.36,11.21,0
68.6,-2.52,7.22,263.91,6.27,0
83.19,7.66,8.19,9.69,7.55,0
94.77,46.98,66.15,60.06,8.88,0
54.3,-4.38,24.65,491.33,7.3,0
0.43,57.95,52.08,401.5,1.24,0
85.2,3.74,21.93,64.9,13.19,0
4.93,9.6,1.45,477.38,8.4,0
60.41,58.95,88.95,376.96,9.52,0
11.75,10.69,14.69,108.22,5.75,0
22.27,4.41,69.47,296.78,10.07,0
12.82,-5.45,25.96,284.95,3.19,0
97.78,28.73,0.58,471.8,12.56,0
81.44,42.8,71.47,246.52,12.84,0
50.02,-2.22,60.4,165.63,12.88,0
86.4,23.43,43.47,16.01,4.32,0
13.93,22.48,26.48,341.89,9.41,0
44.56,-6.93,89.83,96.26,7.19,0
63.77,43.61,52.13,313.37,3.84,0
21.78,22.24,77.8,56.95,0.38,0
83.03,34.92,75.95,373.01,9.46,0
64.76,-8.53,16.29,88.87,5.52,0
85.18,37.42,27.51,48.97,4.03,0
60.52,41.07,66.23,271.14,13.65,0
68.18,54.88,38.44,303.49,4.31,0
15.28,-0.65,72.49,110.03,6.63,0
44.51,46.56,87.69,1.72,8.93,0
7.64,-1.36,81.78,206.47,10.0,0
87.91,31.17,98.78,125.66,6.87,0
3.1,39.04,86.12,191.88,7.55,0
50.22,26.3,50.86,290.06,4.63,0
80.16,48.51,92.21,388.4,3.48,0
16.44,44.56,15.76,441.52,5.21,0
64.59,25.88,16.1,110.39,11.69,0
55.84,57.03,92.09,29.79,4.89,0
26.38,40.65,66.71,389.53,0.38,0
12.35,-2.01,44.94,181.47,7.33,0
51.44,40.68,40.04,436.11,1.44,0
27.47,58.03,68.9,122.05,11.56,0
16.56,56.21,55.03,325.64,10.79,0
16.09,38.88,11.09,274.78,0.8,0
64.36,12.62,5.55,35.36,13.33,0
24.76,31.16,46.89,109.75,8.98,0
93.91,41.63,38.12,451.26,3.56,0
19.78,-3.23,41.48,457.65,10.8,0
66.43,7.91,72.42,153.39,1.82,0
65.01,53.08,34.24,130.53,12.1,0
64.79,34.52,23.5,460.62,10.36,0
15.81,50.56,94.93,338.63,3.66,0
89.05,24.59,2.66,374.65,1.17,0
96.42,6.57,26.1,157.5,11.21,0
49.29,-1.17,0.3,291.7,0.47,0
30.79,57.87,15.76,375.07,0.53,0
75.42,56.47,19.94,10.19,2.13,0
20.88,11.21,42.43,135.54,13.11,0
87.45,14.63,66.19,298.59,8.91,0
80.89,33.7,28.68,41.26,7.08,0
81.46,-5.29,46.74,24.49,2.75,0
84.04,37.27,47.38,265.2,7.9,0
20.63,-9.54,16.78,178.76,0.57,0
84.48,18.08,79.83,470.04,1.61,0
52.26,-9.71,12.07,323.98,4.74,0
71.67,22.72,2.68,386.09,5.8,0
16.24,24.83,30.61,312.66,12.73,0
83.37,54.39,65.63,330.7,0.22,0
35.74,14.59,66.12,123.81,9.07,0
66.17,50.55,86.66,128.07,4.98,0
30.29,56.75,19.45,284.65,5.85,0
80.49,45.29,8.94,212.19,7.41,0
39.81,12.03,16.24,423.0,11.34,0
95.5,27.37,49.3,493.16,13.31,0
57.62,53.54,59.52,150.2,10.23,0
53.45,-2.86,94.05,483.95,6.06,0
43.77,33.53,87.85,46.48,11.41,0
62.41,-5.62,5.59,400.93,5.93,0
5.92,38.95,18.52,404.31,6.68,0
51.66,39.76,28.02,22.36,5.15,0
45.05,31.57,29.13,115.74,9.9,0
6.74,-3.13,72.56,243.6,4.63,0
30.36,27.64,25.59,64.45,6.01,0
53.25,32.78,11.81,82.12,4.0,0
41.49,1.02,17.24,468.15,13.51,0
47.21,53.59,10.08,92.42,13.28,0
47.33,7.53,50.69,486.96,5.08,0
50.24,29.31,0.21,443.35,4.72,0
57.2,-4.25,16.1,102.48,3.06,0
73.57,35.93,39.38,399.53,1.25,0
22.8,22.02,34.52,84.33,6.19,0
74.93,-2.98,31.67,110.2,9.32,0
47.53,4.68,79.57,325.77,4.23,0
83.29,37.19,88.67,408.93,5.05,0
52.77,38.48,82.02,216.2,0.3,0
39.92,-6.03,69.75,55.44,6.59,0
32.73,23.28,63.93,86.28,3.93,0
9.19,17.89,19.62,441.12,13.79,0
85.97,18.76,15.7,55.37,7.51,0
55.89,23.56,86.95,166.48,13.4,0
79.98,40.0,32.49,382.2,12.34,0
21.72,15.31,69.22,140.31,9.36,0
45.6,5.83,37.28,48.49,0.01,0
13.59,38.32,66.68,263.69,4.83,0
68.53,50.22,17.86,479.18,5.67,0
28.25,33.12,44.97,374.03,9.56,0
37.67,43.27,0.08,459.15,4.11,0
64.03,55.3,66.46,133.22,9.8,0
74.07,19.36,32.18,208.13,10.08,0
19.3,47.81,87.33,484.66,2.61,0
69.71,35.03,10.91,475.19,11.09,0
68.93,0.3,39.81,269.7,7.97,0
60.01,33.86,39.55,348.0,6.29,0
89.44,13.92,98.1,21.9,3.56,0
0.78,-9.6,10.52,290.92,13.97,0
60.27,20.09,63.76,344.74,5.03,0
30.84,35.3,46.77,239.3,4.84,0
93.35,-5.65,19.35,79.39,9.24,0
37.1,41.71,6.12,159.97,12.25,0
89.61,6.62,5.47,242.58,2.63,0
13.73,33.1,58.68,121.23,9.38,0
15.07,-8.07,65.52,238.79,12.2,0
9.13,7.65,24.25,448.12,7.08,0
81.71,59.17,42.23,66.09,0.99,0
2.42,46.67,3.03,161.25,10.61,0
64.28,2.88,27.21,318.03,10.97,0
36.03,-4.92,50.74,416.23,9.47,0
55.96,30.63,26.03,251.87,13.02,0
54.76,-5.84,21.1,333.44,2.69,0
69.67,51.54,79.06,227.72,9.91,0
72.93,16.12,94.95,276.76,7.77,0
40.55,38.62,96.9,416.64,1.76,0
87.3,11.62,94.28,467.75,3.48,0
75.3,52.15,96.58,206.65,6.25,0
30.35,27.47,32.71,154.07,13.28,0
50.23,15.68,6.87,107.17,10.74,0
19.36,51.85,19.85,126.88,13.72,0
22.45,14.33,49.47,25.48,9.92,0
97.51,32.4,82.67,58.48,1.36,0
89.17,-7.03,33.91,166.41,0.01,0
4.65,49.58,73.85,398.15,5.22,0
19.44,31.0,76.55,21.95,0.42,0
16.04,49.73,21.41,182.21,12.47,0
43.57,59.14,36.46,278.99,2.19,0
93.8,22.45,57.26,284.15,7.26,0
19.58,-9.02,90.02,160.07,9.97,0
72.0,26.26,50.34,134.21,5.43,0
48.51,-1.88,89.51,360.7,8.3,0
80.11,40.9,7.89,301.23,11.51,0
38.71,55.09,38.77,361.67,7.79,0
49.06,24.97,85.03,495.23,3.11,0
61.96,43.49,62.53,289.47,1.2,0
97.72,37.75,62.08,407.8,1.19,0
88.43,16.92,99.24,101.17,11.6,0
56.17,8.32,26.03,223.14,13.95,0
51.57,41.38,26.62,326.42,13.71,0
32.14,29.57,40.65,2.79,9.67,1
42.0,23.64,92.81,104.89,11.89,0
39.33,9.18,62.04,75.17,12.15,0
82.95,54.34,50.19,354.68,5.93,0
45.61,15.94,17.25,478.3,13.95,0
27.38,24.61,83.32,491.63,3.43,0
74.69,44.48,27.69,335.72,8.46,0
90.61,9.53,13.74,486.46,3.65,0
40.99,31.8,31.03,471.97,9.17,0
94.37,-4.23,83.43,385.0,6.27,0
42.01,10.15,99.5,293.21,5.45,0
26.11,7.88,60.17,107.42,5.8,0
9.96,5.14,28.67,24.55,6.72,0
14.1,4.48,83.88,377.43,0.38,0
32.58,11.11,74.49,213.95,4.41,0
45.54,4.44,5.96,88.03,13.21,0
94.33,20.43,98.26,172.13,1.25,0
54.44,27.24,82.34,123.76,4.85,0
45.64,54.26,70.46,136.99,11.53,0
15.93,51.47,77.75,474.49,12.93,0
84.98,35.43,65.64,278.54,12.05,0
13.84,6.19,69.39,353.21,0.9,0
70.35,32.82,98.72,326.99,0.11,0
47.51,39.25,28.97,50.75,7.87,0
43.04,10.5,23.12,3.61,5.23,0
21.95,7.75,46.84,33.86,9.69,0
65.71,52.42,71.61,118.72,1.84,0
86.33,-1.74,21.26,236.68,10.45,0
7.23,29.09,27.25,387.2,7.78,0
48.6,-5.16,76.06,382.92,1.8,0
88.57,-0.31,76.93,226.04,4.75,0
10.77,9.15,27.59,353.15,6.35,0
99.06,51.69,57.57,353.31,9.64,0
86.43,-2.05,97.0,203.19,7.29,0
12.15,21.22,10.85,449.12,6.79,0
96.06,32.87,62.55,113.71,3.37,0
51.0,0.28,35.23,358.42,6.32,0
49.64,35.61,39.47,354.55,12.38,0
1.13,4.08,28.16,395.1,4.31,0
82.2,-4.73,72.47,55.82,6.6,0
43.94,26.59,15.87,186.43,3.96,0
86.01,57.33,63.89,56.41,2.42,0
67.89,29.61,48.23,363.02,11.63,0
99.08,17.09,85.64,422.56,2.27,0
54.67,56.95,72.95,433.15,6.46,0
64.91,52.83,64.62,104.62,2.61,0
63.43,28.56,81.68,110.32,3.76,0
8.65,-3.68,84.07,496.56,3.15,0
53.05,26.37,80.7,173.78,10.61,0
42.11,42.58,85.62,320.76,2.73,0
44.97,51.79,23.98,178.85,4.33,0
93.13,19.4,48.15,136.45,2.89,0
74.85,8.96,71.67,319.04,4.58,0
76.05,58.56,1.5,237.29,7.23,0
35.49,-1.9,99.43,426.01,11.23,0
4.61,-8.58,82.81,302.55,5.49,0
83.17,47.02,97.3,366.11,1.99,0
19.52,36.02,16.35,477.66,11.1,0
1.77,6.03,94.21,469.66,4.63,0
97.2,51.08,27.08,334.7,9.35,0
90.77,27.32,24.46,8.61,6.96,0
75.06,19.37,2.45,69.72,4.43,0
51.14,17.03,87.12,344.23,9.73,0
35.04,58.46,64.96,324.16,3.92,0
70.26,57.47,47.15,429.9,8.19,0
74.64,4.83,84.23,260.56,11.88,0
20.27,2.02,44.14,358.13,13.74,0
80.46,38.48,60.7,170.53,10.05,0
57.99,-7.06,71.74,30.41,10.0,0
54.63,35.24,2.44,44.0,5.16,0
67.89,16.4,46.78,447.98,12.77,0
24.27,25.21,66.6,97.72,8.49,0
72.13,56.93,67.82,86.32,0.78,0
73.43,57.02,56.92,105.68,0.68,0
70.98,20.42,77.19,201.32,6.37,0
22.68,2.25,9.05,427.27,10.31,0
75.51,23.54,88.39,422.82,1.77,0
54.21,34.93,5.87,16.91,11.85,0
69.2,50.08,31.41,248.09,1.7,0
99.49,39.78,57.57,370.43,2.09,0
99.51,40.54,58.12,345.96,2.98,0
76.15,40.57,93.22,88.95,13.23,0
95.88,19.12,12.87,112.75,13.81,0
0.65,-5.63,2.07,3.09,2.1,1
36.46,41.92,33.87,313.33,1.99,0
40.47,43.27,44.95,414.7,1.32,0
42.19,15.03,40.3,348.91,4.2,0
20.27,15.13,69.93,335.57,8.65,0
94.12,14.39,86.35,487.6,6.19,0
17.61,57.34,44.14,197.23,4.17,0
13.12,40.19,49.8,425.24,1.78,0
94.88,57.86,83.98,240.92,5.5,0
57.94,25.31,69.31,400.5,5.55,0
36.65,31.26,43.97,478.87,2.53,0
45.84,55.38,21.55,34.56,3.85,0
39.65,-6.84,7.01,71.96,6.02,0
45.46,49.41,96.72,60.71,5.23,0
73.72,40.98,6.33,238.44,9.92,0
2.64,17.79,76.5,41.63,3.67,0
48.75,43.45,3.62,389.65,10.2,0
36.28,13.35,27.33,434.43,3.16,0
49.82,8.18,0.41,302.74,12.8,0
19.73,59.16,60.55,93.03,4.03,0
99.61,-4.87,21.32,132.6,13.07,0
93.56,55.64,33.71,32.21,4.15,0
2.44,7.14,47.51,424.87,1.02,0
46.47,38.7,39.06,148.35,5.85,0
53.4,11.66,80.86,234.51,11.69,0
37.76,20.67,90.58,111.62,12.06,0
84.3,35.1,89.46,441.15,1.77,0
17.72,30.5,73.05,64.19,5.42,0
34.52,41.89,96.8,265.84,8.32,0
62.75,58.42,0.34,479.31,4.58,0
15.7,41.2,32.72,166.01,9.58,0
86.47,24.74,92.83,7.75,11.11,0
30.74,9.17,86.53,97.65,6.67,0
19.47,35.05,8.56,197.59,11.44,0
25.5,16.23,50.16,214.54,7.33,0
0.44,28.22,85.02,442.52,3.62,0
94.06,28.23,90.15,286.3,1.44,0
60.16,58.98,35.28,260.96,4.03,0
15.26,50.93,50.06,161.48,10.58,0
29.76,-5.18,71.1,73.1,11.04,0
85.34,6.77,45.32,490.42,1.91,0
99.93,-1.51,11.91,399.16,0.32,0
0.52,52.31,18.62,177.27,1.42,0
42.57,30.93,40.08,67.24,5.62,0
97.35,46.3,62.76,178.58,7.17,0
65.05,53.4,18.68,274.18,9.06,0
28.08,24.46,51.41,184.23,13.58,0
69.49,9.12,2.26,281.62,0.89,0
22.3,50.72,3.82,159.18,8.81,0
86.94,36.54,83.67,481.62,5.9,0
29.12,-3.49,96.69,280.5,6.77,0
5.38,14.04,26.12,320.54,4.77,0
65.41,28.64,86.34,425.15,2.26,0
34.38,6.25,21.97,454.54,4.75,0
50.38,3.56,31.21,433.67,8.79,0
77.74,42.37,62.71,469.1,7.41,0
54.06,9.07,44.48,484.77,9.77,0
96.98,35.93,95.09,162.46,10.24,0
90.48,38.31,60.01,221.31,1.39,0
41.98,45.83,28.06,281.99,2.44,0
87.76,33.41,47.92,257.04,8.6,0
74.94,8.07,65.75,335.91,5.82,0
92.52,1.94,44.52,127.67,7.54,0
96.55,-0.54,19.23,125.42,12.95,0
63.67,56.67,79.28,440.15,13.05,0
71.17,33.65,7.06,344.89,3.97,0
92.77,20.67,69.83,60.71,13.62,0
13.79,-3.76,4.11,211.12,0.69,0
42.49,26.42,20.02,346.57,5.07,0
26.02,59.35,3.11,202.2,6.33,0
65.51,24.69,18.56,12.48,11.53,0
63.62,55.7,92.46,92.38,0.9,0
39.08,-4.57,76.36,338.69,2.15,0
79.01,0.87,59.03,71.37,0.23,0
52.98,41.13,73.26,124.4,8.42,0
49.05,48.65,13.97,395.01,9.78,0
26.66,0.59,67.92,425.08,8.91,0
44.03,52.96,25.73,407.19,8.27,0
68.81,38.44,58.78,280.22,5.16,0
55.39,4.72,71.97,199.28,8.13,0
49.08,22.22,61.42,431.13,10.96,0
9.31,31.58,61.36,241.37,0.43,0
74.3,30.06,54.48,325.15,12.9,0
69.87,38.98,40.77,380.94,12.33,0
7.49,28.26,34.29,362.68,13.86,0
30.76,12.77,45.37,163.38,4.59,0
98.0,0.66,68.04,251.16,6.74,0
75.59,33.06,30.24,121.32,7.17,0
58.42,25.2,85.27,78.72,13.45,0
9.26,20.39,57.35,495.82,11.96,0
44.14,25.37,73.49,380.16,11.47,0
0.56,11.73,9.41,184.43,3.55,0
24.47,-4.47,84.34,372.54,5.17,0
11.87,-3.23,83.5,476.55,1.15,0
49.15,45.27,52.39,161.04,6.99,0
15.42,39.82,63.39,369.83,4.43,0
87.98,4.25,51.32,269.71,7.25,0
66.61,37.15,47.73,401.4,11.95,0
34.16,48.28,32.67,178.6,13.57,0
23.7,47.38,48.86,234.88,0.27,0
50.18,46.55,29.76,415.07,11.5,0
2.23,18.32,70.08,443.83,1.68,0
24.45,43.04,88.57,110.85,10.99,0
83.21,32.07,51.12,348.48,8.43,0
24.18,29.92,9.91,289.07,0.2,0
58.74,-1.07,68.52,43.9,12.39,0
43.84,44.15,76.42,121.45,4.11,0
74.27,-6.5,91.63,488.0,1.04,0
46.91,39.93,27.32,475.48,11.23,0
11.2,50.82,26.28,10.73,4.95,1
36.95,17.53,46.45,403.41,12.84,0
89.67,13.31,84.82,131.25,1.47,0
68.63,49.33,23.45,333.31,10.33,0
88.69,40.23,43.42,323.43,1.75,0
55.62,56.22,12.54,356.05,3.97,0
55.06,4.61,84.66,200.73,6.42,0
10.32,58.31,98.53,329.77,7.0,0
73.39,-3.8,81.73,176.61,5.89,0
19.84,51.41,67.67,315.94,4.41,0
83.64,-8.9,2.13,45.72,6.32,0
61.54,7.38,86.53,79.85,4.58,0
27.07,59.71,19.67,292.61,1.13,0
38.56,-8.84,97.72,313.92,4.14,0
71.68,35.12,29.58,222.7,4.04,0
95.39,32.71,56.55,470.21,3.65,0
77.18,25.15,30.26,351.04,3.24,0
7.67,51.72,16.35,130.07,11.1,0
88.09,51.4,26.38,262.91,9.46,0
95.19,16.45,98.49,129.3,3.17,0
26.92,48.52,29.31,122.01,3.4,0
9.41,11.96,93.41,80.74,3.92,0
30.63,47.8,51.77,205.77,3.69,0
44.23,16.97,99.77,70.2,1.22,0
68.65,53.94,32.56,387.78,9.28,0
8.55,59.45,82.9,305.86,1.47,0
4.93,28.24,93.46,240.09,5.64,0
53.48,41.89,87.26,485.22,0.78,0
18.29,18.05,96.23,135.92,5.4,0
18.63,-1.89,33.8,492.51,3.33,0
73.57,7.24,7.16,388.39,4.53,0
86.88,12.76,41.11,329.76,9.52,0
37.43,34.96,65.7,149.55,4.83,0
37.91,14.54,25.82,370.76,7.01,0
92.55,24.86,67.55,396.72,10.85,0
71.76,4.25,63.42,131.99,6.84,0
89.36,17.26,28.72,94.85,4.16,0
98.2,-5.86,37.31,84.26,13.49,0
60.75,52.76,17.07,473.26,5.45,0
96.51,-2.39,97.31,94.94,9.29,0
32.34,58.1,74.3,167.26,0.89,0
19.22,1.9,39.09,496.74,1.51,0
70.1,12.59,98.16,48.63,5.66,0
58.8,52.97,66.56,105.85,13.66,0
96.99,19.33,85.32,321.63,7.57,0
33.47,-4.45,35.74,100.33,13.13,0
40.63,11.71,86.71,248.45,4.23,0
13.0,-3.98,4.71,265.46,13.52,0
96.9,54.85,84.87,83.16,6.8,0
61.26,14.16,98.8,227.49,12.87,0
71.43,26.98,42.2,157.93,0.89,0
16.97,-4.06,51.55,316.47,4.69,0
10.3,26.05,21.72,155.15,4.48,0
94.5,27.07,36.41,482.53,2.07,0
75.8,-5.36,5.66,345.07,9.65,0
69.67,48.56,81.15,320.51,10.03,0
34.23,5.03,58.77,377.66,1.99,0
26.92,58.37,56.48,281.87,11.06,0
81.5,57.48,0.46,343.37,3.22,0
43.11,43.2,69.12,258.27,13.39,0
78.91,-9.37,4.2,391.74,6.65,0
87.02,15.28,53.07,137.77,4.2,0
64.71,13.42,13.78,424.3,6.15,0
69.63,46.42,27.65,285.28,2.23,0
94.21,2.54,74.3,6.12,0.47,0
42.89,8.21,8.91,183.96,13.26,0
3.08,50.51,32.67,491.48,3.78,0
60.27,51.47,14.85,413.0,2.24,0
40.19,31.05,28.17,274.51,0.86,0
68.07,-8.73,53.42,343.13,1.71,0
14.87,46.69,11.19,44.52,5.88,0
81.27,25.65,5.65,218.86,6.29,0
13.25,3.12,44.88,277.37,5.71,0
60.21,30.52,7.08,40.32,5.97,0
88.41,38.98,38.52,161.6,5.06,0
33.29,6.44,90.82,498.37,13.15,0
55.5,38.13,70.11,498.22,11.42,0
42.99,9.83,67.85,243.32,9.34,0
84.07,55.67,17.41,82.78,6.15,0
48.07,59.64,75.26,240.58,10.12,0
43.54,-5.51,22.18,40.02,0.53,0
86.75,-6.21,37.56,354.24,13.16,0
80.83,15.25,78.84,411.22,12.77,0
59.32,47.78,51.12,346.83,13.29,0
69.7,10.92,62.26,255.33,7.19,0
92.71,29.89,75.38,145.35,1.41,0
65.12,41.89,76.4,479.64,10.6,0
41.2,-4.79,53.1,37.56,4.32,0
60.14,18.11,21.92,207.32,1.01,0
66.11,42.85,51.75,251.31,7.47,0
74.36,21.61,84.8,476.73,2.58,0
41.24,30.64,72.54,98.79,9.67,0
38.04,-9.59,35.18,376.74,11.95,0
83.47,20.23,68.79,416.81,2.23,0
52.57,55.76,1.03,286.22,3.2,0
76.45,53.7,80.76,342.32,3.99,0
76.29,8.92,79.68,217.67,1.74,0
41.3,9.24,3.0,231.55,7.82,0
99.9,18.98,33.38,280.21,8.93,0
14.43,2.26,96.99,219.74,3.56,0
41.61,29.98,14.32,172.52,2.37,0
0.83,54.55,94.7,238.53,0.13,0
40.48,44.21,33.46,88.78,5.37,0
65.92,48.68,62.82,451.7,9.05,0
75.33,29.59,38.04,34.97,13.1,0
56.83,4.63,24.2,309.34,9.86,0
5.17,-9.01,9.06,146.94,1.71,0
92.66,30.27,57.51,22.45,6.93,0
94.82,59.57,88.88,275.41,9.23,0
87.62,32.16,24.64,72.19,13.37,0
71.17,-3.49,92.13,448.64,7.28,0
14.92,52.36,36.76,331.77,9.27,0
47.77,25.84,28.86,197.71,6.24,0
95.59,-5.13,10.87,407.03,10.8,0
31.62,11.11,68.74,188.24,10.34,0
96.75,5.46,56.56,468.34,1.97,0
17.99,28.33,67.28,415.84,0.17,0
49.41,42.81,75.99,224.45,12.94,0
4.48,44.81,9.37,220.6,12.64,0
74.18,59.36,52.63,86.39,8.76,0
35.29,50.74,48.69,241.06,8.46,0
25.9,17.28,23.26,66.93,9.85,0
12.87,26.28,22.48,255.18,12.7,0
15.79,13.42,10.99,382.98,11.39,0
60.1,38.93,37.77,394.03,2.9,0
43.99,54.48,78.52,264.67,11.98,0
17.75,23.94,50.91,214.16,3.48,0
84.07,15.41,90.92,291.72,11.6,0
60.43,27.27,37.54,114.71,1.16,0
49.94,0.18,45.8,160.11,0.06,0
6.04,15.23,37.29,134.34,7.76,0
65.93,33.32,90.04,274.1,10.7,0
47.48,-0.52,44.24,244.92,1.47,0
99.96,37.06,26.95,20.12,10.59,0
32.4,8.32,20.75,458.4,5.4,0
75.82,7.92,30.67,111.81,1.41,0
57.73,11.25,88.62,396.83,1.06,0
53.77,50.81,87.13,111.04,7.4,0
33.05,29.89,87.6,473.13,2.02,0
49.19,38.15,24.48,59.68,3.88,0
11.24,1.87,11.01,50.87,13.38,0
86.8,8.18,78.49,55.4,13.26,0
68.87,38.98,94.27,250.24,6.91,0
3.79,54.64,59.81,472.94,10.35,0
6.43,29.5,61.18,321.28,2.58,0
53.43,5.56,12.48,108.89,1.16,0
8.88,-9.73,27.61,125.71,5.51,0
89.78,42.23,43.12,373.06,2.9,0
22.78,2.2,18.15,189.42,13.62,0
9.32,55.5,28.2,154.51,13.93,0
92.32,31.17,38.72,253.15,2.53,0
92.03,-1.52,88.86,449.35,11.51,0
25.82,25.61,59.77,373.6,10.06,0
40.71,46.69,20.35,116.93,10.19,0
40.71,24.98,13.05,320.14,1.96,0
45.03,21.25,5.34,441.24,3.25,0
93.77,-3.72,53.13,226.47,13.96,0
31.99,48.16,13.42,419.39,13.86,0
18.47,22.25,26.42,275.68,11.77,0
10.23,25.81,66.24,421.64,5.24,0
92.88,52.48,78.56,484.67,13.22,0
71.83,39.1,69.17,1.8,2.53,0
58.7,-3.96,71.96,300.73,10.61,0
35.7,54.06,22.03,356.57,13.18,0
48.39,7.38,42.43,133.32,11.78,0
38.77,6.37,55.35,404.57,13.51,0
13.53,41.12,97.75,310.39,6.24,0
43.54,12.31,83.02,32.21,2.85,0
69.73,48.47,57.89,124.62,2.44,0
8.71,21.92,78.69,449.93,6.72,0
14.67,28.84,38.76,303.35,3.23,0
93.74,8.59,61.82,290.31,12.9,0
48.77,23.86,99.94,374.2,13.95,0
26.11,0.92,5.99,159.63,1.05,0
88.11,14.24,54.63,333.14,7.32,0
96.39,12.48,64.59,453.97,1.25,0
28.17,41.76,88.48,422.65,10.32,0
16.21,46.97,80.87,96.15,8.15,0
0.21,35.23,18.38,290.88,4.78,0
35.93,-4.06,63.28,367.66,1.96,0
50.72,-6.26,76.86,216.0,0.6,0
48.34,6.59,64.02,39.68,3.11,0
63.91,0.02,13.53,304.16,4.75,0
38.49,6.0,65.09,469.26,4.25,0
14.69,49.19,49.52,212.34,4.55,0
96.7,16.43,71.7,81.03,13.89,0
8.86,16.47,89.22,436.85,7.08,0
15.38,12.01,56.24,192.71,11.32,0
19.24,27.74,70.67,448.63,6.54,0
9.61,51.77,31.83,331.08,7.77,0
69.06,-7.64,85.79,16.51,5.69,0
72.95,40.41,15.53,50.06,4.2,0
39.7,24.68,93.66,481.07,12.96,0
80.25,40.63,27.47,376.85,5.6,0
62.36,49.07,42.6,339.08,8.97,0
73.0,51.06,38.51,493.73,2.84,0
52.91,-9.67,38.48,13.83,12.67,0
75.33,20.49,41.34,491.28,5.68,0
61.09,3.13,93.02,196.45,6.4,0
14.93,17.95,69.45,84.92,13.08,0
27.07,29.77,53.74,73.17,8.48,0
60.94,58.37,27.77,345.33,1.35,0
23.98,56.17,15.01,92.86,13.0,0
79.24,46.47,90.27,226.62,4.14,0
70.35,23.75,24.2,338.5,1.39,0
60.71,45.15,12.08,252.83,2.22,0
93.82,1.99,65.93,80.56,9.27,0
21.79,53.97,50.71,44.34,11.75,0
12.43,28.91,52.93,2.49,8.76,1
8.6,16.45,2.57,362.85,0.86,0
55.92,54.52,66.19,321.27,13.94,0
39.03,45.87,68.58,495.24,11.44,0
21.34,41.52,78.71,319.04,6.22,0
75.48,20.47,21.7,166.25,7.06,0
59.34,38.78,84.19,222.63,4.26,0
4.7,-8.73,88.09,178.52,2.22,0
55.24,1.61,75.37,289.49,2.19,0
48.83,41.83,58.64,110.85,8.52,0
42.63,54.89,65.52,105.78,9.83,0
54.4,22.59,58.74,367.69,6.65,0
70.44,0.99,81.89,41.85,11.91,0
27.73,49.48,59.11,494.17,1.63,0
26.6,-9.44,54.5,60.34,12.03,0
71.18,36.48,44.66,387.98,4.2,0
47.64,36.43,8.3,429.51,9.15,0
51.04,38.8,86.7,382.15,11.97,0
36.33,-3.75,17.92,385.97,3.61,0
9.17,56.6,0.38,395.8,3.26,0
17.06,-4.09,47.31,239.72,0.04,0
10.42,23.38,20.13,342.82,10.83,0
18.62,42.56,20.79,17.67,11.34,1
60.47,33.31,29.02,69.75,7.81,0
38.03,2.82,66.78,55.5,0.72,0
60.19,43.93,13.19,326.02,9.45,0
34.52,19.47,34.94,355.71,12.82,0
34.89,19.18,84.29,189.48,8.26,0
94.41,15.85,95.18,300.8,5.72,0
89.1,37.2,59.04,395.73,8.4,0
92.2,6.88,10.69,209.13,12.28,0
30.94,25.69,79.85,235.41,7.73,0
94.26,28.65,58.77,468.72,2.94,0
18.99,37.45,23.74,108.57,7.99,0
92.12,7.5,33.44,55.07,9.32,0
65.38,41.44,19.29,306.04,2.75,0
83.65,20.39,84.78,150.35,14.0,0
99.54,46.42,10.38,324.81,8.63,0
46.32,-8.3,16.51,235.83,7.26,0
63.75,44.14,74.77,33.45,13.9,0
47.46,13.38,17.75,131.92,1.08,0
93.81,32.74,3.76,90.0,7.0,0
47.05,58.17,42.47,458.69,1.89,0
1.62,-9.6,77.82,122.58,11.69,0
47.49,28.06,8.3,362.14,10.02,0
82.29,14.42,41.74,146.06,7.11,0
85.96,3.15,51.52,69.04,13.05,0
53.04,30.63,17.89,146.66,5.27,0
63.81,16.43,71.45,69.35,13.98,0
31.04,27.71,26.39,444.49,12.62,0
5.05,25.52,14.17,439.59,4.27,0
33.51,57.14,99.28,120.92,13.63,0
83.63,56.59,32.16,495.7,11.77,0
37.1,8.41,30.23,104.31,8.3,0
97.76,35.36,28.85,11.85,11.86,0
93.22,-4.85,26.37,131.2,1.75,0
50.24,19.77,46.67,341.09,0.24,0
81.14,9.4,87.83,281.21,1.57,0
41.98,17.66,33.11,85.82,12.08,0
72.08,1.69,12.69,390.56,3.76,0
39.22,16.04,45.36,347.19,6.46,0
80.11,1.34,30.52,408.42,6.42,0
67.61,58.05,12.3,32.92,8.27,0
59.43,-3.9,46.69,23.07,7.29,0
41.76,58.07,74.09,187.45,1.76,0
9.94,38.0,54.45,488.92,5.02,0
58.31,55.56,42.34,86.63,2.35,0
43.29,24.98,55.96,117.45,9.28,0
78.41,15.23,12.86,37.69,9.45,0
47.75,-6.91,69.55,120.82,6.71,0
54.54,38.52,17.78,326.57,13.33,0
86.08,39.97,37.74,348.57,6.45,0
7.4,59.35,47.92,200.4,7.09,0
16.14,3.12,83.22,167.16,4.53,0
80.49,36.37,35.68,423.47,11.33,0
69.78,25.24,5.4,450.21,9.88,0
1.04,57.1,53.26,426.42,13.79,0
5.84,47.91,86.64,11.61,10.07,1
93.08,39.58,58.99,183.08,0.39,0
75.4,1.38,5.4,275.6,8.61,0
52.44,48.06,0.98,208.15,2.1,0
36.44,12.39,96.44,453.67,5.5,0
45.05,21.84,54.39,370.62,9.68,0
86.45,40.28,14.09,32.12,10.62,0
38.4,32.69,98.28,284.52,9.84,0
62.67,10.58,60.27,339.68,7.69,0
15.01,10.07,12.88,420.0,8.28,0
31.85,38.52,13.3,28.38,13.94,0
24.66,29.17,35.84,307.82,12.47,0
85.19,50.86,7.49,245.82,3.37,0
96.98,23.35,51.01,245.43,4.12,0
23.74,51.8,90.56,70.33,3.65,0
4.4,41.17,88.71,43.87,8.87,0
59.22,22.4,55.51,411.01,2.47,0
25.79,53.76,91.42,33.51,5.43,0
59.13,-7.34,18.44,52.83,3.3,0
30.32,16.92,16.76,238.72,5.65,0
38.06,43.78,91.23,282.75,9.23,0
95.02,28.83,49.8,63.56,13.94,0
19.27,35.11,82.85,400.67,8.09,0
83.27,21.07,5.57,60.91,5.66,0
25.69,31.73,59.19,77.18,10.24,0
85.62,-1.9,24.91,71.65,12.12,0
34.62,-6.13,59.44,251.5,6.34,0
67.96,-7.52,98.1,35.78,12.38,0
55.36,48.86,81.84,209.32,7.5,0
83.94,25.96,95.25,211.36,5.31,0
85.68,-0.03,22.66,62.67,1.82,0
22.24,34.86,68.05,39.75,2.37,0
4.01,49.32,68.51,103.47,0.41,0
73.25,32.26,15.41,455.39,10.88,0
57.85,44.41,18.59,466.17,6.2,0
33.99,38.1,83.36,95.47,8.88,0
5.3,19.01,6.53,106.9,7.48,0
68.41,21.34,0.85,192.41,5.35,0
33.51,49.03,41.13,123.73,12.74,0
71.04,-8.25,99.54,232.33,8.19,0
42.58,20.42,98.76,30.46,8.79,0
43.23,6.37,1.57,85.56,8.61,0
6.58,37.43,55.93,147.46,5.34,0
72.47,-5.97,39.46,76.98,10.07,0
52.59,40.67,33.65,169.22,0.57,0
86.01,13.36,23.01,299.57,4.5,0
85.14,-9.42,75.94,442.37,2.07,0
60.41,40.41,71.76,322.48,7.76,0
24.57,9.15,28.75,286.7,8.32,0
46.03,57.33,46.2,43.56,7.28,0
95.62,26.58,27.58,228.52,5.55,0
12.82,35.88,10.0,309.76,12.6,0
45.63,34.49,80.45,497.13,5.9,0
44.45,14.61,58.4,232.63,8.7,0
31.17,-4.77,91.59,138.62,8.63,0
80.54,46.17,60.0,330.27,9.53,0
26.2,35.86,17.04,434.95,12.52,0
11.2,55.83,50.62,100.89,12.67,0
39.91,-7.97,48.39,284.12,11.06,0
78.07,-5.21,0.42,199.49,10.85,0
33.03,34.09,60.3,303.92,12.14,0
90.64,16.88,59.53,433.48,8.97,0
23.66,-0.55,20.29,268.2,10.51,0
53.31,-6.75,10.47,47.52,0.85,0
84.9,13.1,60.05,460.41,11.61,0
85.15,-7.55,97.99,253.07,5.09,0
98.3,37.06,27.01,419.23,11.09,0
41.6,11.87,45.96,149.06,3.16,0
9.83,44.86,53.9,185.77,11.02,0
20.51,15.88,44.77,232.94,0.03,0
13.43,41.31,87.79,231.42,5.02,0
64.46,8.99,44.49,431.4,5.08,0
29.15,-5.59,87.18,116.16,13.26,0
44.43,32.47,40.02,306.3,1.14,0
12.84,41.3,31.37,427.63,5.54,0
69.53,56.33,61.77,485.45,0.03,0
20.79,-6.45,93.71,347.94,3.07,0
19.97,7.67,43.75,143.04,2.82,0
55.5,30.41,33.11,97.19,1.78,0
35.71,25.44,24.22,145.25,3.69,0
34.2,55.96,39.83,54.01,7.48,0
76.84,37.59,4.13,453.78,10.18,0
76.38,12.81,74.88,16.47,9.72,0
39.74,7.84,87.34,475.1,7.89,0
87.49,15.08,52.84,297.43,2.48,0
36.31,47.77,8.4,189.21,10.77,0
30.25,10.61,59.98,248.17,10.34,0
57.02,39.56,55.4,315.83,11.34,0
10.53,46.14,39.03,453.91,12.32,0
40.7,22.74,71.7,59.02,9.63,0
37.76,57.26,25.71,366.82,8.84,0
84.17,30.34,17.43,91.92,12.76,0
9.98,15.81,5.07,162.9,8.84,0
25.5,13.14,70.97,77.4,2.15,0
83.79,42.54,99.75,384.28,2.83,0
69.05,40.84,83.31,454.14,12.21,0
12.32,-9.65,59.67,268.58,13.26,0
90.47,29.57,15.56,31.9,6.76,0
36.56,32.95,71.63,238.89,10.48,0
6.12,-5.12,76.3,288.94,13.47,0
26.45,24.29,57.87,174.43,8.99,0
7.77,22.34,46.34,12.33,8.34,1
3.82,37.16,94.66,182.99,3.06,0
0.15,10.58,92.07,429.83,2.06,0
71.83,16.34,22.13,315.6,0.91,0
92.24,27.78,23.64,222.53,3.44,0
68.38,-6.86,6.29,181.96,13.09,0
97.83,10.53,91.13,153.27,13.11,0
29.31,27.85,39.75,41.02,10.83,0
44.97,34.17,83.17,18.37,11.69,0
81.44,13.14,66.49,263.35,9.35,0
53.33,31.69,35.03,142.27,10.99,0
18.67,57.35,15.88,493.51,6.18,0
94.16,0.79,65.87,360.32,8.47,0
33.62,13.38,74.52,285.61,1.86,0
20.69,23.48,6.76,417.42,2.89,0
15.58,5.02,5.58,27.89,10.68,0
32.81,13.27,79.21,131.43,10.99,0
48.15,33.9,89.21,268.48,4.69,0
31.44,57.01,46.06,228.46,9.88,0
50.22,2.61,46.44,486.83,8.82,0
47.52,40.4,60.57,380.98,7.07,0
32.0,18.9,32.42,187.76,11.59,0
18.55,-8.69,85.68,388.01,3.34,0
81.85,16.2,30.09,19.31,1.98,0
78.32,32.66,11.25,425.05,3.14,0
1.02,-1.14,62.73,6.52,0.51,1
35.71,23.67,9.65,56.18,12.33,0
35.11,57.98,50.46,176.74,6.23,0
29.37,39.4,40.11,403.48,3.29,0
78.21,10.16,49.42,65.1,11.99,0
9.85,32.48,19.04,195.68,5.11,0
95.37,-7.84,90.19,134.33,11.5,0
40.95,54.01,41.45,277.91,9.94,0
85.56,40.2,4.27,163.87,12.31,0
61.45,12.77,2.72,29.25,5.46,0
14.51,13.92,63.27,372.4,11.92,0
70.38,-4.53,56.42,30.88,7.67,0
44.22,4.96,47.32,450.59,11.14,0
24.68,25.46,25.55,424.65,10.9,0
7.26,37.67,97.59,220.64,1.9,0
74.53,6.66,98.24,83.94,12.39,0
16.08,22.7,28.25,263.7,1.47,0
32.22,48.33,19.06,338.37,8.77,0
6.09,51.67,61.58,306.37,13.81,0
7.64,47.32,92.34,239.76,4.36,0
51.98,59.04,5.5,6.12,9.4,0
74.91,-4.53,33.99,219.47,0.93,0
76.4,17.31,15.77,393.77,12.21,0
68.65,47.72,5.65,386.86,2.78,0
56.64,-5.29,96.81,466.47,5.29,0
42.84,15.94,50.6,170.62,11.89,0
30.52,44.18,51.1,345.49,2.01,0
83.67,2.22,37.83,316.38,13.26,0
94.0,30.3,39.71,422.12,2.54,0
36.54,-3.2,81.17,347.2,13.83,0
21.34,46.2,3.8,301.62,8.59,0
15.48,-1.36,82.16,128.92,8.92,0
60.57,27.92,68.87,491.99,11.49,0
75.12,11.59,70.33,434.33,6.92,0
11.85,24.08,50.11,183.45,7.8,0
42.8,19.42,37.13,463.0,11.79,0
44.73,43.82,88.66,313.97,2.77,0
34.03,-0.84,63.9,75.11,13.63,0
47.87,57.51,71.36,51.64,9.23,0
55.62,0.87,96.01,91.92,6.27,0
19.63,6.52,83.45,213.56,3.69,0
18.33,4.47,49.62,416.36,8.58,0
66.18,27.8,47.2,262.24,6.78,0
90.81,4.15,65.84,94.1,10.4,0
15.27,57.94,90.97,164.64,7.59,0
59.63,-9.04,81.43,276.27,13.41,0
98.24,44.44,6.7,201.63,5.69,0
20.61,-4.1,9.21,32.46,3.2,0
75.65,9.37,6.2,350.78,4.38,0
83.21,0.43,20.24,467.28,11.24,0
96.78,17.8,60.46,430.65,1.92,0
58.92,17.23,6.83,254.48,6.26,0
90.97,-4.86,8.08,304.15,0.92,0
23.9,43.44,6.92,28.6,4.86,0
76.84,19.4,26.67,377.09,2.63,0
8.06,34.81,20.49,99.51,1.37,0
27.91,48.35,69.55,487.04,10.74,0
10.84,40.21,82.91,94.46,13.9,0
95.5,35.41,76.68,446.39,2.19,0
48.6,31.85,83.29,181.06,7.02,0
69.32,24.69,12.04,161.91,10.01,0
17.04,6.07,34.0,249.46,8.05,0
85.2,31.08,86.81,49.23,4.81,0
66.63,-2.46,20.09,355.25,10.35,0
91.01,4.4,94.3,163.77,13.22,0
9.58,-8.02,70.87,182.82,4.99,0
18.19,51.35,94.48,442.17,3.14,0
29.35,47.87,64.51,482.57,4.93,0
55.34,58.14,81.37,494.52,0.18,0
55.34,5.58,57.63,308.64,5.03,0
80.24,9.64,9.41,195.73,2.23,0
51.1,6.59,32.58,185.68,11.52,0
69.4,21.35,10.16,147.99,13.68,0
73.22,48.85,49.29,71.07,11.91,0
26.62,-5.39,10.1,113.23,8.68,0
28.33,51.37,40.86,94.51,9.93,0
45.82,59.37,26.32,396.82,2.93,0
50.63,42.22,41.3,150.23,10.14,0
35.97,23.22,7.45,206.44,7.68,0
77.71,16.8,33.27,30.03,13.38,0
74.04,12.39,48.03,404.39,5.73,0
34.21,26.55,68.95,97.09,13.88,0
46.84,42.98,20.51,282.5,11.56,0
90.52,58.47,57.2,84.79,5.33,0
54.39,55.9,6.79,357.45,10.6,0
50.06,44.24,7.43,325.06,1.35,0
67.51,56.24,39.33,35.6,8.31,0
33.21,9.63,84.15,8.78,2.68,1
10.95,48.08,47.32,263.37,11.2,0
12.16,24.27,36.71,444.58,9.61,0
28.9,48.6,40.41,276.73,0.45,0
6.92,-9.61,33.99,16.89,2.86,1
91.7,32.29,66.4,277.77,6.85,0
92.41,28.25,21.96,492.1,3.21,0
75.86,22.74,97.16,221.08,3.5,0
91.45,28.82,6.89,77.51,4.14,0
68.6,58.29,28.95,303.55,2.71,0
9.36,29.47,21.51,24.96,9.14,0
15.91,42.44,53.09,59.67,10.99,0
6.71,-6.16,6.72,437.84,7.45,0
90.32,54.85,71.2,275.29,7.69,0
13.57,50.06,19.49,228.76,2.56,0
28.49,-6.44,51.7,61.65,6.14,0
22.68,35.99,91.29,247.19,10.79,0
19.66,13.05,30.27,407.78,9.57,0
62.72,35.64,69.16,205.94,7.91,0
76.7,10.46,54.29,469.43,2.64,0
17.72,43.76,69.7,4.22,6.48,1
96.14,29.43,88.86,384.43,11.81,0
28.69,6.76,28.53,251.22,4.68,0
29.93,40.02,20.66,34.84,4.81,0
56.74,45.77,19.28,339.14,3.38,0
56.25,24.91,39.62,156.22,12.54,0
12.2,57.87,42.31,419.76,2.29,0
83.84,31.13,6.8,139.17,8.0,0
58.92,10.33,36.84,226.03,7.99,0
18.92,40.22,7.36,294.43,13.93,0
13.37,8.3,79.04,299.35,2.77,0
58.91,6.15,8.45,49.37,9.6,0
82.34,51.65,99.05,272.0,7.27,0
32.27,-1.26,42.94,105.51,8.46,0
58.66,31.47,98.84,29.35,10.37,0
71.93,44.59,82.44,223.63,4.12,0
33.7,-8.34,5.78,171.05,8.26,0
38.16,59.73,52.91,485.54,12.05,0
29.76,31.1,45.5,335.13,8.73,0
75.89,48.25,99.27,139.02,0.33,0
69.44,44.68,5.06,469.38,11.32,0
40.89,43.83,76.58,489.17,9.04,0
28.24,43.15,3.6,379.42,12.86,0
38.09,3.73,37.05,457.68,5.81,0
34.08,4.72,52.38,20.62,1.38,0
35.23,53.99,77.33,115.49,7.29,0
63.09,3.86,21.68,202.5,4.52,0
78.52,56.74,35.94,259.57,0.08,0
15.78,55.13,2.78,192.78,1.34,0
88.83,-8.51,96.78,403.02,13.44,0
36.0,24.08,54.74,460.96,3.77,0
31.72,18.51,85.22,356.34,9.86,0
94.29,-4.04,88.92,61.3,12.37,0
96.28,45.0,91.88,496.24,12.14,0
9.82,43.24,61.62,453.89,6.92,0
90.17,44.32,88.74,416.02,9.08,0
12.46,-2.3,54.84,32.98,8.96,0
25.69,56.83,21.99,317.79,1.7,0
7.65,-4.72,1.86,253.59,0.44,0
73.95,-8.15,60.64,469.65,3.08,0
64.68,30.11,75.87,203.6,7.83,0
92.27,38.8,43.86,235.41,2.12,0
44.71,-1.69,49.74,326.69,1.44,0
65.42,43.82,16.1,481.83,7.23,0
41.02,11.57,7.01,16.02,7.53,0
52.82,43.05,27.28,314.48,9.17,0
65.73,32.48,53.81,117.74,11.23,0
31.21,40.78,97.06,152.73,2.49,0
64.16,34.11,79.1,68.05,5.61,0
57.76,20.57,18.27,186.94,3.41,0
75.86,54.48,10.3,325.25,3.54,0
43.86,6.94,79.46,263.49,5.6,0
52.68,49.95,34.83,81.39,1.92,0
17.03,-0.36,46.07,63.14,12.07,0
22.52,-9.57,83.04,484.72,4.02,0
97.8,31.03,1.68,320.95,0.95,0
92.39,13.61,89.25,127.64,11.3,0
74.84,7.48,55.76,90.89,0.3,0
60.65,6.39,40.53,120.2,2.2,0
44.12,27.01,35.01,225.2,4.19,0
23.41,35.88,70.37,0.54,6.68,1
46.17,51.34,84.33,20.83,2.67,0
91.59,34.19,87.95,383.37,5.69,0
83.53,-9.11,20.38,437.6,4.15,0
16.07,38.77,35.47,346.45,5.45,0
68.13,14.24,71.28,156.31,5.69,0
21.13,24.51,53.06,7.1,7.96,1
46.76,13.88,18.21,384.58,4.25,0
17.08,59.86,97.92,165.15,11.31,0
82.7,0.49,97.55,238.88,1.31,0
23.56,-1.77,53.02,47.84,5.07,0
42.8,39.08,89.75,140.72,10.47,0
83.83,17.36,49.1,10.98,1.03,0
98.46,11.65,32.66,120.34,2.08,0
50.5,8.75,21.38,489.84,5.97,0
38.77,4.59,42.85,294.85,6.7,0
6.88,10.8,39.1,190.63,6.92,0
85.13,-2.68,46.91,317.33,4.97,0
19.02,0.7,60.74,184.64,1.22,0
56.07,50.31,94.11,26.13,6.5,0
92.66,3.5,2.96,11.52,7.16,0
90.63,18.58,23.58,491.7,1.2,0
78.41,18.44,76.31,272.25,2.05,0
20.46,18.34,93.2,53.66,8.02,0
44.75,55.75,80.72,253.79,4.99,0
37.58,35.05,2.79,301.08,11.43,0
47.1,-8.64,7.86,20.66,7.38,0
18.04,55.5,78.64,301.31,8.85,0
21.48,16.23,81.9,140.08,12.94,0
28.93,6.46,94.33,401.81,5.83,0
42.8,42.09,32.56,312.09,11.6,0
64.99,15.83,6.73,109.28,4.22,0
35.65,30.88,21.83,470.76,10.86,0
0.27,29.28,8.86,391.73,9.64,0
28.59,49.31,80.83,261.36,0.35,0
14.43,14.1,33.49,416.34,3.51,0
63.72,27.94,31.22,14.24,5.42,0
52.87,50.08,32.23,166.78,0.16,0
76.78,15.84,33.99,411.62,8.55,0
66.17,-7.88,11.38,161.65,4.23,0
34.06,2.08,93.14,78.41,10.51,0
39.23,-9.01,62.14,29.61,7.99,0
33.96,55.63,78.29,227.04,4.59,0
46.95,48.78,91.43,185.35,5.8,0
2.53,15.6,46.61,335.02,10.2,0
88.75,53.36,13.49,25.25,3.59,0
14.28,31.79,4.11,466.81,10.74,0
66.9,0.44,9.01,255.85,10.13,0
57.79,4.89,65.67,112.12,1.52,0
73.22,1.41,28.28,421.7,12.49,0
83.41,-7.13,36.91,1.29,9.33,0
69.8,40.57,21.73,246.74,13.89,0
64.15,59.72,87.82,457.93,3.66,0
77.24,54.47,65.82,450.63,9.16,0
18.07,-1.53,72.17,223.25,10.12,0
2.83,57.14,69.55,481.92,7.49,0
92.45,1.69,84.31,5.55,7.24,0
24.32,29.51,18.11,239.45,6.68,0
62.57,3.08,4.8,354.85,10.66,0
39.51,40.53,23.77,271.17,11.82,0
49.17,27.71,27.51,458.22,8.07,0
29.14,17.62,28.11,213.52,9.68,0
84.34,1.5,75.76,328.45,5.12,0
24.51,44.18,59.01,364.56,3.4,0
53.75,19.66,91.15,225.87,0.01,0
87.0,14.68,99.82,137.28,13.72,0
62.31,0.91,59.42,26.82,1.96,0
49.6,-6.52,38.04,451.61,11.05,0
50.62,36.32,80.19,338.72,5.94,0
25.05,21.65,49.21,366.92,7.83,0
87.24,-7.49,6.84,315.58,12.89,0
0.51,58.61,4.01,235.33,10.76,0
66.01,32.06,53.46,415.91,5.46,0
74.44,43.84,31.55,444.41,10.57,0
70.23,23.34,27.84,19.14,2.18,0
81.46,24.15,63.2,152.09,11.59,0
89.43,31.23,82.73,51.17,2.71,0
88.86,58.54,74.68,353.37,13.75,0
9.25,40.72,19.05,134.23,9.43,0
58.69,57.59,41.4,91.94,0.32,0
46.77,-7.8,11.53,329.17,2.61,0
65.17,36.63,79.08,185.92,11.22,0
41.57,43.83,24.53,404.57,4.78,0
29.65,53.07,97.2,446.87,6.55,0
81.12,51.71,91.34,132.17,10.24,0
61.61,-3.08,63.43,72.22,10.51,0
71.98,47.88,17.0,364.86,3.99,0
72.77,-3.78,63.62,388.35,4.82,0
1.77,26.1,72.72,355.96,0.4,0
31.18,-7.3,36.12,0.68,10.43,1
42.19,45.18,34.95,59.41,12.42,0
16.19,31.88,41.57,441.73,9.6,0
71.34,34.91,17.87,102.45,1.59,0
67.72,24.22,95.52,105.26,13.95,0
42.14,13.43,64.79,50.1,12.78,0
98.85,24.86,12.85,1.31,11.35,0
23.08,47.97,45.69,177.93,12.64,0
57.0,24.17,95.86,187.9,10.02,0
77.48,45.45,2.7,310.96,8.24,0
85.25,-1.59,96.71,393.72,9.03,0
29.52,36.33,65.77,149.13,9.21,0
40.71,23.89,40.75,116.87,12.41,0
31.12,29.79,24.68,177.89,5.33,0
54.49,5.43,58.93,404.72,0.09,0
12.57,18.65,69.8,194.92,6.9,0
60.23,14.66,46.52,344.74,0.41,0
90.4,3.31,61.95,494.74,0.53,0
83.32,39.43,85.64,360.82,4.55,0
7.07,8.05,4.54,175.9,7.86,0
53.0,18.36,56.3,117.9,2.09,0
70.26,22.26,63.61,446.02,4.6,0
44.3,55.36,89.41,466.63,3.83,0
91.32,47.39,85.27,239.04,2.75,0
87.26,21.06,69.4,451.71,0.64,0
1.93,9.76,77.51,305.25,5.86,0
30.9,5.42,49.55,273.82,0.98,0
46.33,19.11,5.13,473.86,12.56,0
0.79,-7.83,80.88,485.55,4.66,0
62.72,21.6,76.94,38.15,2.61,0
41.09,7.83,9.6,278.31,9.18,0
30.95,54.85,8.43,8.11,5.6,1
69.65,14.33,65.94,162.99,11.28,0
66.77,50.98,0.91,491.93,8.11,0
56.27,-2.93,28.61,267.82,4.81,0
95.7,6.34,44.05,280.4,8.24,0
65.12,24.31,60.67,484.36,1.49,0
20.17,35.98,80.39,143.0,0.47,0
80.3,-0.9,45.21,484.43,0.35,0
26.96,7.44,10.36,3.99,12.52,1
58.19,18.36,59.0,453.15,7.72,0
20.8,47.04,77.64,3.23,11.04,1
24.9,9.97,44.83,317.8,3.81,0
75.59,-2.6,37.7,221.89,12.96,0
57.52,21.2,39.11,386.17,8.24,0
62.16,-4.21,40.83,224.32,12.4,0
56.42,16.22,33.72,11.68,1.46,0
90.21,5.19,79.0,22.63,6.38,0
70.85,41.53,25.62,47.64,0.82,0
13.84,7.5,64.12,437.06,7.76,0
93.84,23.52,24.55,190.19,0.18,0
8.0,35.01,52.47,287.79,5.57,0
93.11,45.73,21.03,174.96,11.23,0
52.51,57.35,94.33,176.97,8.48,0
25.21,33.22,99.4,21.5,2.0,0
96.66,56.97,92.61,162.91,2.42,0
50.37,39.18,43.67,437.49,12.69,0
80.87,21.74,51.32,228.4,0.81,0
51.94,58.16,17.16,273.06,10.28,0
84.47,59.34,43.2,284.74,7.04,0
3.85,55.7,55.67,46.24,0.43,0
86.13,28.52,5.06,499.64,11.7,0
13.46,23.98,26.79,331.83,4.79,0
81.09,47.65,53.18,491.55,4.52,0
53.83,17.86,69.56,99.31,1.27,0
38.15,35.57,64.19,167.0,7.31,0
3.61,0.79,67.07,96.1,5.5,0
52.83,58.44,98.69,466.96,1.85,0
15.78,-1.81,57.23,338.05,12.16,0
25.81,40.63,11.6,146.38,11.28,0
16.19,12.58,57.21,241.92,4.81,0
34.93,32.23,83.04,329.51,9.68,0
84.39,59.89,22.3,168.65,11.75,0
55.63,34.36,90.69,341.83,9.92,0
62.79,-1.5,58.04,350.4,10.76,0
20.81,40.72,39.81,36.92,5.65,0
8.07,47.18,5.69,122.87,3.39,0
19.74,27.97,21.5,243.62,7.97,0
95.94,47.58,16.51,122.94,11.9,0
87.4,-9.95,43.58,36.58,0.58,0
10.66,19.76,17.59,478.98,7.25,0
93.03,6.08,68.27,87.81,1.15,0
16.64,54.69,71.18,142.62,13.62,0
90.39,33.58,80.05,132.34,2.68,0
6.6,41.95,65.52,402.68,3.0,0
43.99,22.65,96.59,240.1,11.82,0
23.65,-6.51,79.54,112.64,13.72,0
34.43,12.62,96.23,482.21,10.33,0
60.9,52.12,8.16,299.94,4.9,0
52.83,-5.08,37.98,206.08,11.33,0
79.53,5.93,2.37,96.56,4.6,0
57.41,27.46,72.31,468.33,12.79,0
67.7,-0.84,23.97,38.72,10.26,0
26.52,7.47,6.78,128.33,1.51,0
60.57,11.85,32.37,256.18,0.33,0
87.57,-8.46,24.08,418.15,11.42,0
82.66,-6.28,28.52,22.82,2.68,0
50.66,22.41,21.76,9.73,0.85,0
51.73,20.62,9.96,400.59,7.06,0
72.24,-9.17,25.26,17.34,8.31,0
25.27,56.0,38.95,217.95,3.69,0
33.17,-3.87,5.43,397.11,7.81,0
53.39,-0.14,94.46,193.54,0.64,0
22.2,21.58,34.96,13.34,0.75,1
20.97,20.58,51.0,171.42,7.49,0
80.04,20.96,73.97,382.97,11.76,0
55.92,51.91,51.09,326.18,6.22,0
83.99,34.78,68.11,221.53,6.03,0
63.15,15.07,23.97,448.95,4.16,0
25.11,0.13,73.88,284.47,11.17,0
77.42,40.86,98.7,55.22,0.84,0
74.32,1.13,83.34,324.49,12.59,0
60.43,24.55,73.95,483.94,10.84,0
81.08,44.25,61.12,362.51,2.53,0
25.89,42.92,45.35,416.36,6.41,0
59.25,53.73,6.55,152.46,4.73,0
83.44,49.68,64.39,348.12,5.99,0
93.97,42.93,29.42,378.41,9.69,0
60.15,-9.42,1.42,425.84,4.53,0
47.82,-0.47,47.88,113.18,4.11,0
96.0,9.25,88.34,166.77,7.05,0
39.77,31.03,90.1,259.27,2.64,0
83.85,10.0,10.38,11.67,10.99,0
61.76,-7.76,28.25,477.93,6.89,0
31.37,13.28,77.73,316.9,5.59,0
46.43,-3.01,17.47,19.72,4.07,0
79.66,1.08,73.29,127.08,11.65,0
83.41,21.51,48.84,336.29,11.44,0
10.58,30.25,11.04,477.54,7.52,0
25.14,39.23,6.8,435.74,13.55,0
87.81,44.57,53.17,390.92,5.85,0
33.23,34.88,36.24,424.49,13.33,0
73.38,51.58,52.65,416.06,12.05,0
88.38,27.16,90.09,295.84,13.47,0
55.39,59.68,32.15,111.19,2.32,0
94.46,51.9,84.12,456.97,10.8,0
56.37,8.8,33.08,226.77,8.22,0
11.1,5.02,71.95,91.55,12.3,0
48.49,0.99,30.15,115.0,10.81,0
18.78,-8.64,4.96,267.49,2.6,0
28.68,52.87,34.05,282.02,10.33,0
72.12,14.04,59.95,450.13,6.91,0
19.85,58.07,75.19,64.95,4.66,0
39.93,16.91,17.08,434.94,8.05,0
54.35,59.91,47.21,387.6,5.12,0
3.16,56.37,10.99,9.47,4.39,1
22.42,22.68,36.76,53.69,13.47,0
88.46,6.67,12.23,403.34,4.61,0
7.29,19.2,34.66,442.41,2.2,0
74.39,53.07,17.41,150.74,0.07,0
62.29,53.87,4.95,44.73,3.86,0
51.81,34.19,23.93,330.71,5.41,0
80.82,27.67,48.35,217.79,10.23,0
57.94,-2.76,45.91,297.95,1.5,0
56.34,-4.5,25.04,117.53,13.18,0
22.53,47.0,65.8,13.56,8.73,1
5.22,34.11,1.91,36.08,3.57,0
13.89,39.12,57.42,181.74,6.57,0
20.82,2.78,64.16,176.56,1.32,0
0.1,26.94,18.52,73.32,6.58,0
89.76,24.08,94.66,346.97,4.18,0
64.56,3.16,21.14,411.98,10.37,0
82.16,44.96,37.53,20.94,10.0,0
36.76,36.6,53.94,111.23,8.69,0
49.44,32.9,88.71,372.39,4.34,0
65.07,50.25,82.04,119.7,6.82,0
73.46,18.92,70.18,266.97,11.91,0
79.59,27.74,91.79,228.93,10.31,0
91.69,46.78,21.29,326.68,0.65,0
49.43,59.73,72.59,170.35,8.75,0
25.61,12.86,43.99,425.32,4.33,0
37.78,14.61,5.62,55.78,11.79,0
56.83,32.81,37.09,183.92,12.47,0
74.81,5.87,62.06,403.16,1.54,0
56.69,-8.31,94.59,49.4,12.89,0
31.86,-9.24,32.89,232.69,11.13,0
2.6,37.69,68.06,197.08,8.26,0
78.8,51.52,63.41,260.85,1.76,0
17.71,51.16,21.18,85.66,12.16,0
92.8,-2.57,78.69,150.68,1.21,0
2.25,21.98,2.07,284.92,6.97,0
37.81,2.0,3.51,87.55,11.8,0
53.39,8.88,61.2,408.51,9.2,0
98.28,19.11,20.87,190.63,3.78,0
53.09,52.27,99.36,306.23,8.57,0
94.64,0.67,32.81,488.36,8.4,0
78.9,37.98,55.79,217.71,4.87,0
59.57,-3.59,64.8,42.02,2.21,0
91.52,-6.69,21.29,339.83,10.08,0
5.15,31.6,84.87,445.5,5.04,0
28.66,27.71,39.72,499.14,6.42,0
52.15,0.31,89.39,491.09,13.81,0
33.07,5.76,68.73,354.84,3.12,0
19.42,20.54,25.53,456.54,10.11,0
17.3,-7.85,56.84,104.0,9.98,0
48.17,56.05,17.44,195.41,3.9,0
10.2,-0.09,37.72,180.29,1.3,0
57.6,34.28,77.26,449.94,12.27,0
74.47,8.91,19.13,402.98,9.44,0
81.7,53.71,62.15,141.47,6.83,0
74.6,-3.75,11.27,201.35,1.81,0
98.34,-5.67,79.86,420.28,12.32,0
32.96,-1.44,35.36,332.67,10.5,0
69.61,3.87,23.45,449.3,11.83,0
64.69,5.65,77.43,251.64,13.82,0
76.09,40.62,15.27,466.08,3.44,0
92.42,6.34,40.72,268.77,3.06,0
63.01,57.44,7.08,416.73,0.24,0
35.57,-0.31,36.71,291.08,3.26,0
36.46,45.43,97.67,168.2,6.71,0
48.79,4.27,10.79,302.97,7.99,0
0.35,43.98,63.71,130.98,10.38,0
96.42,-6.03,68.48,204.96,7.48,0
52.78,14.1,40.45,295.39,12.75,0
36.05,51.72,14.01,404.5,11.39,0
92.16,32.47,3.35,137.48,6.7,0
83.05,-3.53,90.16,171.01,10.54,0
87.39,15.9,87.94,58.74,3.04,0
78.85,28.22,17.82,402.14,0.34,0
20.47,58.69,23.86,56.78,6.7,0
61.54,5.0,1.67,164.64,10.64,0
95.77,31.83,12.04,366.71,10.3,0
71.88,15.89,46.69,363.88,12.83,0
60.72,17.39,4.35,302.51,5.66,0
96.15,31.09,75.23,356.36,5.58,0
99.75,-5.4,78.45,21.15,8.55,0
60.45,18.59,43.45,216.38,12.43,0
64.23,2.39,28.41,446.88,9.67,0
41.63,56.8,56.9,9.03,11.77,0
52.56,-5.64,92.1,418.96,1.13,0
95.65,27.34,51.71,194.12,0.84,0
78.32,11.06,73.87,135.22,3.6,0
54.14,49.42,58.06,461.26,7.26,0
29.13,35.88,45.9,101.81,9.1,0
42.29,21.6,57.63,11.47,11.06,0
15.55,7.64,27.74,243.64,3.9,0
95.84,30.84,1.0,232.42,8.47,0
66.98,59.84,60.65,414.73,9.75,0
73.37,32.42,95.24,101.27,7.05,0
88.52,44.28,14.74,154.34,4.8,0
30.06,58.09,99.13,25.64,8.28,0
35.99,7.87,11.2,228.48,0.1,0
40.62,14.0,75.71,465.71,5.76,0
7.29,43.43,60.65,420.34,12.93,0
92.93,17.65,60.61,494.85,8.94,0
45.86,11.95,67.1,165.51,1.66,0
73.5,56.16,9.41,308.36,12.31,0
11.37,11.61,51.35,212.68,3.74,0
58.91,36.58,44.72,441.1,10.55,0
39.17,34.81,94.24,52.39,10.34,0
36.28,-4.84,3.0,57.59,4.07,0
51.65,11.72,40.37,31.48,13.4,0
7.09,6.66,66.9,107.12,1.85,0
9.9,45.67,72.56,85.46,4.94,0
10.28,10.77,51.15,418.24,1.99,0
87.61,46.92,57.49,347.1,13.52,0
32.89,34.39,22.33,378.42,0.81,0
0.81,59.05,40.42,63.78,4.12,0
7.7,39.31,2.76,415.59,7.38,0
89.42,11.29,13.82,378.92,6.32,0
87.58,7.06,71.79,20.71,10.88,0
26.5,40.71,88.18,176.47,9.05,0
12.63,53.6,30.1,437.24,10.94,0
5.41,50.76,95.26,341.84,3.78,0
50.91,2.84,57.2,242.69,11.86,0
69.76,21.66,80.01,194.43,4.83,0
82.69,22.47,36.17,402.75,10.57,0
16.64,-4.29,90.52,6.23,6.51,1
38.54,18.09,5.73,392.27,9.3,0
72.84,0.86,41.23,255.38,2.83,0
66.7,48.66,29.84,460.19,0.69,0
25.01,38.42,90.72,398.24,10.06,0
82.66,57.64,28.05,402.37,1.44,0
76.14,55.25,47.32,168.51,6.01,0
73.7,57.69,66.97,297.56,8.16,0
51.43,2.93,63.74,197.17,0.85,0
85.68,23.07,45.44,130.91,8.91,0
17.25,57.23,70.74,421.19,11.71,0
38.22,28.96,29.26,205.44,5.35,0
60.26,19.83,68.98,175.77,0.59,0
26.53,40.99,95.5,432.49,6.91,0
84.02,57.01,94.56,221.15,3.89,0
4.89,0.38,65.33,18.36,11.95,1
40.02,10.72,34.88,493.86,11.97,0
36.97,20.99,2.63,332.67,9.03,0
60.4,18.42,1.58,296.92,11.92,0
79.24,17.96,78.22,228.03,7.06,0
78.81,-2.11,66.59,292.79,0.12,0
55.08,10.33,45.8,296.29,8.96,0
79.82,47.67,62.58,292.3,4.54,0
74.92,11.39,45.35,103.07,3.74,0
34.63,10.31,52.91,452.68,3.01,0
10.71,52.91,25.21,122.15,13.41,0
47.3,30.86,96.61,468.27,9.74,0
86.39,48.57,18.79,477.55,6.36,0
82.54,4.85,12.87,254.66,2.73,0
4.18,28.19,84.56,197.38,0.69,0
65.5,55.14,84.92,406.6,8.49,0
53.77,13.17,6.11,234.35,2.19,0
38.47,23.82,23.72,285.96,8.05,0
46.97,21.83,4.64,490.29,4.54,0
99.32,35.43,6.03,206.85,12.12,0
99.1,57.13,27.35,100.38,1.74,0
11.04,0.18,32.77,238.53,2.24,0
90.38,19.53,39.37,372.15,4.86,0
66.18,45.29,66.15,369.67,11.26,0
1.37,31.57,28.09,457.0,12.08,0
52.24,22.08,2.96,361.7,10.44,0
83.93,38.5,66.64,76.74,3.33,0
44.45,53.98,59.92,172.77,11.52,0
67.69,25.82,92.55,321.26,9.89,0
61.17,27.23,79.58,56.38,10.26,0
92.07,35.68,51.33,298.23,10.74,0
63.09,12.41,30.12,165.33,6.36,0
89.19,22.05,8.02,448.97,4.04,0
8.14,-2.65,69.93,187.84,10.6,0
86.87,13.57,38.28,456.36,5.82,0
16.43,-5.7,75.92,330.09,8.98,0
26.4,-6.96,81.94,254.06,8.67,0
79.06,21.85,26.77,111.24,12.01,0
71.01,-8.73,70.15,436.49,10.14,0
57.79,49.28,23.67,250.86,5.75,0
15.42,35.09,61.64,466.67,5.89,0
75.78,26.23,3.62,53.99,8.95,0
55.74,47.87,33.32,222.31,10.95,0
76.67,25.63,61.57,336.45,7.93,0
1.05,57.87,75.93,373.06,9.26,0
52.86,34.25,27.91,30.22,10.27,0
41.72,-3.8,77.03,196.95,7.47,0
84.92,20.43,98.62,404.73,5.37,0
36.35,4.52,9.84,272.24,11.93,0
63.57,-0.94,81.44,493.31,12.69,0
43.49,56.49,80.03,227.48,10.07,0
36.64,32.42,7.09,465.11,2.92,0
47.32,-7.63,15.65,95.74,0.92,0
53.84,21.18,67.16,43.69,7.17,0
53.76,57.06,94.07,403.6,4.36,0
70.22,39.12,17.66,499.23,0.47,0
87.05,10.89,63.89,304.49,2.14,0
75.76,40.58,46.14,395.96,4.38,0
90.46,30.22,51.54,469.96,6.87,0
31.71,39.23,51.16,255.4,9.33,0
43.82,16.58,55.05,142.19,4.52,0
65.87,25.15,38.01,306.3,1.78,0
90.72,11.96,29.22,312.55,4.17,0
28.78,39.84,82.7,293.96,8.89,0
36.32,11.24,73.15,150.99,12.86,0
28.55,7.48,12.47,308.07,12.71,0
83.45,48.01,8.35,415.03,9.96,0
97.15,-8.5,5.54,386.81,11.36,0
66.88,45.69,82.1,103.61,4.25,0
17.96,2.75,39.3,41.65,12.27,0
53.42,50.22,68.19,368.96,7.73,0
35.97,46.25,14.05,170.27,13.17,0
45.78,25.42,57.61,393.84,1.61,0
81.43,-0.11,63.22,126.44,0.44,0
73.66,13.25,93.08,401.12,12.1,0
96.81,0.45,89.07,70.37,7.43,0
61.74,5.91,68.69,460.34,3.93,0
31.64,55.24,18.73,130.16,0.98,0
88.18,24.99,33.9,127.35,6.11,0
43.74,49.91,93.14,412.35,5.64,0
54.06,-4.1,84.07,90.22,8.81,0
56.73,30.02,27.72,462.78,4.07,0
77.0,21.92,25.23,222.95,4.75,0
51.11,11.69,21.64,90.46,4.68,0
79.82,-6.27,14.86,114.93,0.5,0
9.61,41.03,8.98,153.74,13.17,0
75.26,-7.58,45.15,80.12,1.53,0
31.98,59.94,74.64,148.48,11.41,0
15.01,55.18,85.75,276.43,12.8,0
94.4,54.56,64.51,300.02,4.76,0
62.91,49.9,83.1,150.45,3.28,0
16.83,18.87,88.63,483.31,5.53,0
60.04,22.88,2.43,467.63,3.42,0
51.91,-5.58,36.54,321.15,13.51,0
89.58,22.21,61.73,296.87,2.62,0
43.0,32.63,28.88,273.36,0.23,0
56.55,50.24,28.91,19.96,12.16,0
78.34,52.38,42.62,351.33,1.64,0
64.24,-4.87,99.06,174.81,3.16,0
52.72,24.85,37.46,446.89,4.91,0
76.98,0.22,78.3,86.76,6.56,0
16.35,16.4,73.69,113.29,10.02,0
47.26,0.43,52.64,76.46,13.18,0
77.43,29.32,89.33,291.96,6.27,0
14.88,33.21,35.33,294.03,9.66,0
99.58,-7.41,5.61,393.89,0.6,0
77.98,33.67,72.16,473.04,1.61,0
16.3,29.2,32.81,360.56,11.03,0
5.79,-3.97,43.45,226.69,8.52,0
0.32,13.72,50.09,168.61,12.4,0
26.05,-2.59,78.67,300.36,12.07,0
48.88,8.67,91.34,459.39,1.19,0
14.38,15.45,24.68,60.34,13.64,0
78.86,58.93,21.34,77.36,10.83,0
88.92,59.35,47.88,261.69,8.76,0
9.59,-4.2,51.77,64.95,10.2,0
44.49,31.97,98.26,44.13,9.53,0
61.36,2.44,12.89,479.0,12.75,0
38.47,38.66,8.58,316.53,6.04,0
91.44,3.51,39.61,235.41,7.14,0
19.74,12.82,23.05,270.17,7.14,0
62.87,52.13,38.38,282.62,11.89,0
82.53,44.17,60.24,84.99,4.3,0
42.28,48.01,91.16,140.19,9.63,0
63.79,58.92,43.77,370.21,3.24,0
17.98,12.32,21.9,447.88,10.9,0
44.06,31.92,23.76,361.31,12.79,0
7.13,54.68,95.51,384.3,3.06,0
84.54,15.73,76.26,287.05,11.3,0
31.05,32.14,5.63,238.11,2.29,0
46.08,43.81,19.83,43.21,1.94,0
95.24,34.2,65.0,227.54,0.41,0
85.72,33.46,92.78,377.98,11.66,0
79.75,11.67,7.67,241.78,9.96,0
53.38,-4.77,3.75,319.44,12.3,0
92.53,52.89,41.0,475.32,6.43,0
17.29,38.31,1.29,209.17,13.94,0
94.26,22.78,50.05,200.65,1.45,0
30.36,0.15,33.37,176.97,10.43,0
74.48,42.73,10.34,298.34,8.52,0
89.53,42.66,4.07,459.42,5.88,0
84.9,-1.04,68.0,489.42,3.76,0
97.35,33.53,16.03,22.31,13.02,0
83.99,0.75,36.08,213.8,4.12,0
99.27,10.67,97.79,329.11,3.84,0
43.11,-6.34,30.51,270.77,4.87,0
69.47,40.22,81.12,110.55,11.61,0
32.35,-7.14,30.82,489.98,7.04,0
45.2,12.97,79.47,276.08,0.45,0
68.97,46.72,99.58,22.06,7.88,0
97.15,27.16,91.35,415.24,3.6,0
70.48,18.85,3.5,52.42,13.99,0
25.72,5.31,86.39,454.84,6.73,0
17.02,31.27,55.82,177.15,5.01,0
25.41,54.18,95.55,130.83,5.98,0
22.88,42.35,99.89,144.47,2.6,0
19.3,38.25,35.82,67.37,12.58,0
91.19,-8.21,60.9,404.02,7.15,0
32.31,51.35,0.92,140.99,2.58,0
48.27,25.0,19.02,461.82,10.25,0
80.02,33.35,72.4,53.31,3.95,0
9.42,12.66,20.41,308.37,8.3,0
51.19,-2.89,56.45,53.69,5.95,0
60.95,9.62,39.08,90.59,10.52,0
72.42,-0.16,11.19,367.24,13.06,0
29.21,20.91,50.59,366.28,1.39,0
74.66,27.69,64.51,61.22,11.64,0
90.69,24.04,4.69,363.46,2.29,0
37.08,38.94,91.07,49.33,13.3,0
44.91,-0.27,25.42,206.42,1.3,0
98.6,7.99,65.99,419.64,11.17,0
12.3,-0.98,20.62,80.61,7.87,0
6.8,31.64,57.54,55.71,10.71,0
85.97,51.42,7.61,258.2,2.33,0
46.25,-1.23,88.08,60.72,1.91,0
37.35,38.3,43.06,280.32,13.26,0
24.87,10.42,71.43,201.65,3.35,0
2.8,9.75,54.16,32.66,8.36,0
10.05,9.91,78.98,341.52,8.75,0
24.47,28.31,61.98,278.77,11.55,0
98.97,-4.07,75.86,391.09,13.99,0
64.73,9.85,45.19,272.85,6.41,0
7.78,1.13,40.7,491.16,6.64,0
89.67,25.15,86.78,349.66,9.08,0
47.44,2.34,67.01,21.56,9.03,0
73.94,49.27,78.95,415.15,3.11,0
97.51,29.55,61.65,481.44,6.18,0
41.15,13.61,78.14,347.62,4.01,0
10.15,47.21,17.87,62.07,6.48,0
19.43,2.7,79.97,426.13,11.92,0
72.39,42.74,71.33,290.47,4.47,0
95.74,12.28,68.21,171.32,3.66,0
53.06,35.84,96.81,125.83,10.56,0
48.25,36.67,54.09,118.48,8.33,0
73.12,12.32,85.86,7.59,5.78,0
17.18,0.95,82.71,489.75,8.63,0
29.46,13.57,68.94,440.64,7.71,0
31.85,36.74,50.87,458.9,3.53,0
6.63,6.81,55.73,429.91,0.69,0
82.13,23.92,0.59,89.32,10.3,0
83.68,20.22,79.93,424.77,4.33,0
64.31,24.27,35.46,128.63,5.57,0
6.77,19.91,55.05,146.42,1.88,0
83.99,-8.48,7.95,382.06,6.15,0
17.81,19.27,26.31,190.15,8.17,0
61.24,17.0,31.82,400.8,7.83,0
33.47,15.27,56.04,465.92,3.61,0
82.59,4.72,53.51,180.82,0.92,0
72.0,0.76,73.0,386.58,7.34,0
56.95,35.23,88.69,313.83,4.07,0
25.49,6.0,36.66,498.55,6.7,0
70.98,37.48,53.29,146.13,8.69,0
59.97,40.67,1.31,144.62,3.55,0
16.31,-5.41,43.2,152.32,12.95,0
88.5,33.59,31.8,195.71,12.59,0
54.36,-0.73,59.14,270.07,9.02,0
85.58,17.77,1.07,57.34,12.84,0
62.66,56.3,54.59,308.23,7.54,0
58.17,46.54,75.29,77.82,3.24,0
36.2,-0.1,48.12,3.31,5.63,0
31.1,-6.26,9.6,256.96,2.35,0
45.48,47.79,33.73,184.34,13.82,0
70.98,55.47,55.32,80.92,5.85,0
82.73,-3.2,5.55,482.25,0.29,0
69.18,-6.67,27.91,103.6,7.67,0
83.59,37.41,8.1,210.68,7.84,0
50.34,17.65,74.69,28.88,3.36,0
52.59,24.75,28.73,447.67,4.67,0
41.43,50.19,8.55,215.91,12.45,0
92.64,56.67,22.27,5.05,12.75,0
0.3,17.33,15.8,426.05,5.75,0
79.46,2.44,92.81,457.78,6.97,0
6.85,18.77,41.48,151.73,0.31,0
56.44,41.01,12.61,365.08,6.91,0
70.63,29.94,88.93,257.42,3.82,0
51.56,9.48,93.63,184.54,13.3,0
63.16,32.69,80.71,45.53,9.43,0
93.31,10.01,99.77,476.83,9.11,0
8.68,31.43,38.23,2.89,0.65,1
60.67,-2.88,41.63,478.3,9.71,0
20.76,40.21,82.24,281.32,2.64,0
6.11,42.63,0.72,291.22,13.83,0
26.11,8.07,82.48,361.66,7.77,0
86.63,40.94,88.45,204.43,3.65,0
49.65,24.22,46.12,259.83,6.67,0
86.46,-4.78,45.99,143.42,5.89,0
67.47,25.36,78.19,189.54,11.63,0
23.11,32.52,20.49,194.87,13.4,0
19.47,14.23,63.48,211.56,2.86,0
23.62,46.54,19.54,356.26,0.94,0
46.42,29.19,43.61,323.46,0.52,0
94.8,59.72,80.9,65.42,5.13,0
84.2,57.19,92.69,20.0,9.06,0
8.16,46.23,77.7,212.77,11.7,0
34.15,27.06,96.77,230.02,4.99,0
9.85,27.48,54.69,180.83,3.3,0
52.8,39.47,77.46,237.4,8.0,0
73.06,35.93,0.36,361.58,6.85,0
14.51,-5.85,37.98,30.97,0.36,0
44.0,59.08,45.58,196.21,6.2,0
12.03,42.37,11.78,308.55,6.9,0
59.68,50.63,95.72,190.45,2.56,0
32.13,31.3,1.6,399.04,8.14,0
29.05,27.74,49.95,33.53,2.38,0
1.73,2.96,73.51,254.43,4.49,0
32.82,30.64,29.92,482.74,12.96,0
9.28,8.25,78.17,228.99,7.24,0
97.68,3.02,72.12,145.92,8.29,0
59.26,48.19,93.18,118.16,1.09,0
67.1,-0.73,4.02,499.07,10.43,0
65.68,10.52,29.85,125.71,4.5,0
42.74,41.83,56.34,199.75,13.09,0
31.35,59.94,19.03,293.61,0.6,0
50.29,38.7,6.87,165.21,4.92,0
69.9,51.77,37.04,36.52,9.63,0
9.03,47.59,23.55,105.19,12.46,0
96.72,52.72,69.57,126.67,6.54,0
8.28,29.1,87.29,329.74,10.29,0
63.54,51.88,31.8,425.78,6.75,0
0.42,39.28,35.0,115.0,6.33,0
31.62,42.63,7.25,229.14,13.98,0
65.23,-4.74,66.25,477.49,2.47,0
10.49,44.11,25.82,117.43,8.06,0
57.59,35.44,17.45,390.15,4.97,0
13.93,-3.86,23.1,23.44,10.36,0
1.64,21.8,16.3,81.7,11.16,0
71.33,-5.68,79.48,107.25,12.59,0
60.49,0.63,73.59,396.31,2.72,0
43.24,-4.38,83.17,228.58,10.61,0
63.84,30.86,33.56,210.31,2.36,0
75.66,-5.26,19.37,314.02,3.52,0
84.37,30.1,84.59,416.7,6.23,0
56.25,-7.57,31.69,171.92,5.22,0
45.15,8.49,62.91,188.77,5.21,0
70.28,9.18,92.69,378.3,13.95,0
25.27,50.6,67.58,62.68,13.28,0
3.61,-8.6,94.04,51.26,5.57,0
46.24,46.48,72.33,197.97,11.43,0
41.47,6.91,90.02,207.28,0.22,0
45.87,1.57,0.08,73.75,12.36,0
71.89,26.8,76.92,411.67,1.03,0
63.4,57.68,63.87,244.23,11.73,0
39.32,13.64,79.31,207.26,9.53,0
22.76,46.27,94.76,476.13,3.01,0
53.27,13.38,46.4,86.14,12.7,0
63.54,58.3,28.62,227.56,4.01,0
10.68,-3.28,65.26,26.69,9.82,0
4.57,12.02,94.35,4.24,4.99,1
59.1,32.8,67.87,408.34,6.83,0
67.33,35.53,80.25,221.64,5.99,0
66.82,56.4,15.9,476.41,13.49,0
78.28,15.86,24.92,424.5,9.77,0
91.15,17.53,40.24,132.98,3.59,0
66.13,10.13,11.59,117.42,13.85,0
86.57,20.49,6.06,193.89,3.14,0
61.17,46.07,33.01,343.97,5.09,0
75.68,37.84,57.97,486.15,12.62,0
42.02,48.01,72.53,166.67,10.57,0
53.14,44.04,54.81,213.38,2.71,0
45.16,5.99,33.89,226.75,5.82,0
91.04,45.0,52.23,454.93,10.12,0
3.35,30.15,99.13,487.12,10.29,0
57.27,-7.98,7.36,447.99,0.16,0
76.04,-7.61,65.84,166.83,7.75,0
57.79,10.2,85.53,251.69,3.09,0
83.95,58.11,11.06,230.36,10.61,0
59.71,13.61,53.56,178.02,10.68,0
6.55,36.92,77.36,432.48,5.94,0
4.29,54.32,81.14,14.59,3.1,1
21.67,18.78,59.87,261.62,6.69,0
51.92,15.34,26.77,433.18,11.29,0
41.92,-2.45,82.84,25.81,2.69,0
34.78,2.49,53.73,264.42,10.19,0
45.8,3.48,13.93,321.44,6.72,0
26.02,23.66,56.43,471.91,5.3,0
69.96,12.6,1.12,69.94,13.0,0
14.6,8.37,82.52,376.79,1.56,0
30.9,19.47,88.58,63.06,5.86,0
49.19,59.55,12.47,104.06,12.86,0
61.39,26.88,26.78,18.32,11.87,0
32.73,-9.83,77.41,366.36,10.23,0
55.18,-0.2,22.0,10.25,3.92,0
57.41,55.45,71.47,226.55,3.57,0
22.01,46.98,55.54,479.97,9.13,0
27.86,21.05,97.89,457.94,0.07,0
53.62,44.85,23.22,263.09,10.99,0
76.29,4.93,50.18,160.01,7.43,0
68.92,55.24,33.96,482.24,4.93,0
46.02,-4.45,3.98,34.59,0.51,0
49.96,0.7,4.28,80.1,4.4,0
33.62,23.54,50.99,321.94,4.26,0
50.24,32.76,39.92,161.97,7.72,0
28.72,26.56,76.8,75.29,11.54,0
6.71,13.44,91.85,483.89,12.24,0
88.29,48.58,43.34,58.21,2.68,0
47.83,-5.19,95.51,432.85,1.82,0
88.9,14.47,46.31,24.89,3.26,0
81.4,12.15,22.86,73.68,5.16,0
27.98,10.34,57.57,407.36,7.07,0
97.82,25.09,81.19,312.9,12.3,0
56.54,22.95,44.91,420.28,7.55,0
90.51,13.98,21.38,460.68,2.63,0
60.67,41.17,70.39,260.25,4.55,0
15.17,52.8,65.69,43.9,5.35,0
15.74,33.25,67.4,136.05,9.27,0
17.79,38.85,54.64,69.42,10.3,0
96.78,54.05,72.76,117.82,12.94,0
47.12,27.28,46.03,304.83,13.38,0
3.32,32.62,79.28,114.77,10.07,0
22.09,41.13,81.4,20.25,10.91,0
34.04,4.56,76.41,189.62,0.75,0
62.34,38.43,89.25,213.76,5.82,0
2.63,55.04,82.95,133.72,2.53,0
46.47,0.3,4.57,102.33,5.2,0
12.47,10.86,73.69,226.57,13.76,0
80.93,44.0,88.18,425.1,4.74,0
77.38,-2.42,18.99,66.73,3.64,0
41.31,3.16,98.62,478.77,11.38,0
81.76,45.77,32.59,324.73,11.09,0
77.85,48.24,23.77,225.55,2.62,0
45.25,2.37,36.35,242.64,3.11,0
54.27,23.29,81.44,96.03,0.1,0
70.66,55.34,78.86,344.47,8.72,0
66.91,23.14,94.22,469.76,9.42,0
68.7,45.3,26.04,139.42,6.41,0
54.45,45.07,80.41,270.16,2.76,0
37.45,-9.93,72.83,20.84,12.51,0
76.42,20.14,72.59,304.21,7.88,0
0.99,44.82,59.71,38.9,9.35,0
6.56,16.66,42.91,274.49,7.51,0
61.89,-0.3,61.99,499.45,8.39,0
91.5,44.9,59.24,153.03,10.75,0
70.43,6.48,55.73,273.92,10.14,0
65.36,10.82,3.5,60.04,1.99,0
51.48,23.86,18.34,78.31,2.44,0
36.56,2.27,55.88,33.5,9.93,0
77.33,31.36,84.74,494.48,7.55,0
37.66,13.31,95.35,377.8,12.78,0
6.43,1.71,3.38,255.68,8.22,0
28.69,43.41,25.47,328.01,6.17,0
56.54,55.27,6.68,388.87,0.32,0
64.79,43.75,61.12,216.75,9.23,0
57.63,54.17,25.74,102.0,6.35,0
86.85,25.26,48.16,199.9,10.39,0
33.05,17.45,68.78,102.12,1.31,0
97.42,21.02,82.58,134.71,5.83,0
58.28,20.66,56.1,438.42,11.53,0
44.35,38.99,38.39,90.9,8.26,0
23.19,18.35,18.45,320.24,6.05,0
53.03,38.77,60.24,369.24,1.25,0
51.63,12.24,28.18,54.99,11.77,0
98.64,47.4,94.8,147.74,9.38,0
48.24,40.15,65.29,12.76,3.59,0
67.74,-7.76,40.45,125.76,12.38,0
89.7,17.34,30.83,26.21,0.07,0
12.96,29.72,32.7,266.92,4.67,0
18.07,8.51,98.64,279.67,12.52,0
27.85,-3.67,99.48,90.94,5.39,0
4.22,55.62,52.09,126.66,8.94,0
21.84,9.08,67.27,51.69,0.06,0
77.26,-8.2,59.51,341.5,1.6,0
47.66,13.63,40.61,355.5,4.3,0
28.96,8.55,89.01,322.84,3.0,0
44.85,34.63,2.27,443.49,11.48,0
54.62,15.69,97.82,284.07,9.87,0
84.49,26.22,53.51,120.62,7.29,0
31.15,27.16,84.03,403.35,1.72,0
93.62,21.12,22.15,9.89,3.94,0
73.75,7.27,18.41,27.05,8.18,0
71.99,13.07,66.62,206.54,1.94,0
63.46,45.1,11.42,147.48,5.99,0
31.28,48.82,67.75,139.52,2.24,0
60.48,17.09,16.58,205.36,8.68,0
18.76,35.24,31.92,286.56,5.14,0
74.22,41.17,68.19,139.98,2.57,0
42.02,26.65,95.57,441.68,13.77,0
95.2,16.16,68.22,252.97,3.68,0
49.04,53.82,10.14,211.28,2.15,0
38.58,59.08,13.28,179.87,13.73,0
5.54,57.85,99.6,374.93,9.76,0
36.86,30.18,54.2,101.99,5.57,0
50.51,34.48,12.39,15.28,5.21,0
98.4,58.25,56.19,219.8,7.27,0
8.92,49.66,16.29,389.75,3.99,0
96.58,43.86,77.26,116.69,1.27,0
93.29,-2.04,4.2,476.91,6.59,0
25.4,7.87,0.94,402.32,12.62,0
59.5,45.11,17.74,227.67,8.11,0
2.15,7.32,52.94,166.78,5.51,0
95.66,-7.38,34.2,3.2,0.35,0
13.16,10.13,32.99,68.18,3.66,0
76.0,26.21,64.41,331.48,6.66,0
69.54,13.3,99.1,493.94,8.14,0
53.7,-3.56,22.12,106.68,4.65,0
96.41,12.96,3.72,148.36,9.39,0
22.54,14.69,26.74,340.11,3.88,0
62.24,14.57,15.42,387.78,2.46,0
25.81,6.48,25.53,182.05,4.36,0
28.28,53.79,82.21,187.48,11.24,0
7.74,31.91,70.61,213.62,8.25,0
16.9,27.44,47.19,179.6,5.68,0
9.95,31.77,49.79,171.31,9.42,0
70.47,29.0,4.06,164.06,1.62,0
74.45,54.01,11.12,273.0,1.07,0
2.32,26.95,30.94,338.12,11.82,0
13.07,3.86,38.13,253.67,0.61,0
66.09,-3.46,55.06,286.46,4.83,0
76.19,9.82,11.45,96.63,3.82,0
36.71,10.37,35.9,21.4,12.42,0
65.15,13.55,71.04,120.59,14.0,0
91.88,53.17,56.63,329.31,8.53,0
55.98,35.27,53.49,240.15,0.01,0
20.77,45.85,23.18,183.83,11.01,0
1.11,19.19,7.27,226.85,13.04,0
50.71,1.94,89.25,396.31,5.38,0
83.89,9.05,56.5,79.78,5.2,0
53.83,8.91,8.54,106.82,11.21,0
12.74,11.58,89.9,398.06,12.05,0
0.66,33.2,84.5,275.21,1.93,0
24.3,0.45,81.23,376.37,1.38,0
18.84,52.79,61.34,415.71,7.36,0
99.99,14.5,65.01,390.62,9.12,0
68.54,-7.47,2.68,266.91,5.68,0
76.33,28.36,60.98,303.95,13.84,0
35.52,-6.73,87.77,133.75,2.12,0
19.83,23.9,21.0,20.16,4.18,0
21.2,3.71,4.04,301.68,4.69,0
59.85,-0.44,0.1,52.33,0.79,0
99.31,18.36,86.62,9.14,11.85,0
61.33,13.08,60.5,9.96,10.11,0
19.9,36.97,87.22,100.18,5.64,0
47.34,59.42,41.58,317.35,7.07,0
7.5,13.05,61.28,406.24,3.78,0
5.81,30.67,36.96,493.78,10.67,0
92.19,8.76,29.37,472.41,11.34,0
65.05,37.51,4.86,248.61,9.0,0
91.12,34.97,77.61,307.15,10.8,0
38.93,22.32,50.07,203.6,7.74,0
88.76,23.29,4.66,37.17,12.96,0
16.49,53.77,75.42,53.73,4.97,0
72.16,44.38,56.76,42.48,0.74,0
47.28,16.58,37.89,22.13,1.8,0
9.14,19.52,98.93,168.56,2.69,0
74.83,45.4,86.78,250.71,1.36,0
17.73,46.56,25.32,219.2,0.03,0
68.66,4.49,98.97,371.62,1.83,0
1.23,27.66,64.8,212.69,9.14,0
82.44,38.89,50.63,175.93,8.43,0
68.58,48.44,46.3,352.06,7.73,0
86.41,57.51,65.76,497.17,6.25,0
23.28,34.49,63.88,36.61,8.56,0
40.7,15.44,65.74,45.15,13.2,0
4.3,47.22,43.12,142.38,0.74,0
94.03,50.58,90.12,258.52,7.03,0
59.97,4.6,5.18,275.82,4.44,0
16.95,-3.31,32.97,267.4,2.72,0
53.65,21.24,58.34,494.45,5.61,0
52.74,58.96,17.39,324.46,0.95,0
9.77,-0.63,47.71,116.26,12.03,0
92.16,50.75,6.21,470.95,6.51,0
26.64,-0.77,82.33,173.31,4.11,0
23.73,36.3,47.54,419.96,1.39,0
97.4,36.78,51.99,288.58,12.37,0
86.17,-8.43,26.81,237.59,10.71,0
10.1,46.52,15.02,293.59,5.35,0
69.24,4.43,63.98,261.54,5.77,0
66.7,31.73,12.82,347.28,6.95,0
7.75,22.7,26.51,287.93,4.1,0
31.88,16.67,60.82,330.03,5.15,0
93.84,4.69,91.9,237.42,1.63,0
49.57,28.87,44.21,180.03,5.54,0
79.01,40.9,65.62,416.32,6.68,0
47.79,11.07,31.73,260.75,5.94,0
47.84,10.48,86.94,248.28,10.29,0
85.94,16.56,63.04,71.25,11.24,0
62.51,36.28,93.37,212.57,7.62,0
69.43,12.57,11.54,176.12,6.73,0
53.56,17.45,85.91,247.42,6.49,0
65.08,7.16,68.96,228.03,0.56,0
53.37,35.56,66.05,455.11,4.61,0
85.57,21.08,62.17,473.5,10.1,0
67.78,55.99,4.44,364.45,7.98,0
61.4,40.01,51.94,125.62,6.48,0
72.87,35.6,93.02,170.71,10.99,0
82.33,45.85,47.45,90.15,8.64,0
4.48,30.96,26.04,116.91,2.95,0
42.57,57.98,98.25,285.65,4.22,0
86.78,42.89,39.02,363.84,4.65,0
61.13,31.09,34.79,422.76,8.64,0
64.44,57.06,41.52,465.74,3.41,0
60.75,-8.35,29.41,255.86,8.81,0
75.16,44.88,85.94,380.68,7.9,0
2.73,18.62,3.67,157.52,3.59,0
87.15,53.94,3.16,76.25,9.51,0
18.54,6.85,57.98,433.77,1.33,0
88.45,15.92,10.26,403.65,0.22,0
56.19,49.93,80.84,111.78,1.62,0
61.75,-5.93,25.02,481.37,1.55,0
50.92,24.9,46.43,160.91,5.23,0
19.44,8.91,5.91,130.9,12.29,0
70.3,34.55,86.38,418.93,11.73,0
86.43,27.01,59.49,95.16,8.15,0
61.6,30.31,41.7,267.0,8.44,0
56.31,19.61,75.65,405.5,8.59,0
86.68,-2.16,72.22,390.86,0.32,0
86.92,9.19,91.77,208.14,12.82,0
14.43,20.79,98.76,426.07,4.2,0
90.98,-2.51,9.63,74.45,2.69,0
36.27,4.29,72.58,66.39,13.89,0
13.85,52.27,78.01,389.32,3.1,0
81.19,-8.31,21.86,428.52,1.63,0
5.57,50.35,85.93,269.46,12.2,0
97.88,44.36,39.23,331.14,3.84,0
14.28,47.46,91.44,351.95,5.86,0
36.28,12.27,7.24,375.07,7.47,0
17.15,-3.77,5.49,79.18,9.32,0
8.77,-3.76,74.06,468.61,10.42,0
63.73,12.89,68.95,347.6,2.04,0
3.53,54.6,74.94,363.49,7.89,0
44.46,40.14,25.45,489.54,9.37,0
9.26,16.23,5.48,373.84,9.16,0
17.25,34.33,54.5,69.96,1.12,0
95.49,49.53,38.45,376.48,8.79,0
21.84,50.0,13.65,242.85,11.51,0
13.87,49.13,87.29,273.77,1.68,0
75.38,-0.83,20.98,484.93,3.03,0
69.05,49.35,65.84,150.82,7.25,0
92.66,-3.11,7.13,19.14,2.8,0
77.62,24.97,8.06,227.54,10.64,0
86.94,21.47,46.32,137.73,8.24,0
68.53,16.29,88.08,405.95,4.18,0
9.3,37.16,82.11,38.01,13.04,0
20.81,5.25,6.1,9.09,7.27,1
52.16,42.39,57.65,433.65,10.49,0
76.06,41.27,22.71,43.27,7.21,0
13.06,-3.45,33.55,23.52,3.55,0
36.47,-9.34,12.05,103.02,6.13,0
99.44,5.15,56.79,151.72,5.99,0
21.65,24.07,30.69,114.14,0.22,0
54.35,38.18,80.48,166.51,7.57,0
66.28,1.72,38.16,276.65,7.95,0
54.02,53.33,14.67,435.3,6.31,0
44.76,6.53,57.91,268.99,12.5,0
99.19,51.24,65.73,128.18,11.36,0
89.6,24.78,43.38,400.97,12.67,0
31.42,18.36,24.88,145.34,3.23,0
55.3,59.95,40.4,40.67,5.4,0
40.82,35.08,21.35,70.67,1.52,0
1.64,39.06,45.76,426.68,8.99,0
35.58,55.88,43.18,339.85,9.25,0
18.4,3.6,65.8,219.44,12.2,0
17.51,53.95,6.83,397.2,6.72,0
29.78,56.63,71.53,338.76,12.85,0
95.86,-6.03,53.18,445.86,10.82,0
6.25,38.92,10.5,223.36,11.59,0
1.27,24.27,10.15,229.1,8.43,0
38.04,46.95,81.44,25.0,6.34,0
35.97,30.86,63.76,432.11,5.6,0
69.49,59.07,4.19,490.98,0.51,0
64.27,25.83,81.08,70.17,1.92,0
25.72,11.71,57.53,153.3,9.4,0
77.19,42.15,12.75,133.13,6.48,0
5.25,28.48,15.62,52.7,0.89,0
10.29,11.0,60.95,285.5,2.16,0
69.62,-5.89,94.25,79.7,5.82,0
51.1,-3.31,75.02,311.8,1.14,0
91.03,29.89,72.59,168.06,11.18,0
30.54,59.16,30.36,391.54,10.39,0
21.1,56.0,87.64,157.34,9.18,0
75.95,9.71,60.66,239.12,12.81,0
22.89,-6.24,69.48,337.63,2.24,0
75.73,14.6,34.02,194.64,10.59,0
29.5,-5.71,44.95,309.32,0.44,0
42.61,22.73,40.9,402.25,4.44,0
5.72,15.85,81.59,200.37,5.13,0
43.83,33.82,38.13,140.91,7.09,0
27.0,32.39,13.72,415.33,1.47,0
86.82,-2.55,12.42,139.58,11.95,0
53.28,20.77,36.72,470.82,9.52,0
41.65,24.62,43.42,195.82,4.2,0
74.52,31.5,10.93,39.32,3.98,0
13.16,4.2,62.26,126.56,6.42,0
21.18,27.75,72.99,100.58,4.36,0
35.96,18.56,54.66,35.98,2.59,0
27.64,7.09,77.29,381.89,13.23,0
90.02,37.04,48.18,4.01,12.8,0
68.11,37.47,6.59,131.22,11.76,0
9.35,22.61,64.25,450.06,6.51,0
38.24,8.25,13.41,148.83,13.96,0
76.45,54.07,64.2,385.62,11.89,0
9.24,14.33,55.84,217.6,10.82,0
68.26,-6.61,9.96,391.94,6.43,0
3.47,47.94,69.23,228.37,4.77,0
20.07,-1.52,31.26,102.01,13.62,0
66.17,54.79,76.0,466.2,2.77,0
41.97,17.26,93.4,462.1,11.13,0
44.76,4.79,48.44,145.98,5.04,0
79.59,58.17,93.11,261.1,1.77,0
9.01,-4.44,73.0,472.43,2.31,0
48.56,25.94,50.08,49.08,8.31,0
25.25,57.21,49.45,240.04,10.78,0
96.05,-7.23,70.94,441.76,11.56,0
6.28,40.79,66.53,58.2,2.1,0
20.16,32.53,33.45,163.53,3.64,0
56.66,47.61,14.14,368.65,4.98,0
68.9,-5.4,41.6,479.23,6.99,0
38.87,7.89,57.03,498.72,2.32,0
52.92,31.53,50.13,498.03,6.55,0
8.13,5.85,27.22,135.95,6.67,0
33.61,54.82,49.58,22.79,6.96,0
56.66,5.4,77.03,113.0,13.45,0
26.87,11.15,82.91,92.84,5.03,0
34.64,21.11,46.19,371.29,2.95,0
90.11,43.21,11.08,109.17,3.44,0
55.81,46.14,48.08,193.12,0.16,0
57.81,32.08,8.41,403.26,9.08,0
95.09,6.97,78.63,323.04,5.47,0
57.71,38.66,52.27,493.01,4.93,0
61.23,41.47,87.59,338.09,11.02,0
81.54,19.45,15.66,124.86,10.61,0
44.78,55.04,40.18,38.25,10.22,0
63.1,37.35,69.75,322.67,3.66,0
67.45,51.74,52.35,112.53,1.05,0
91.63,8.13,88.31,231.28,10.87,0
73.73,39.04,52.64,240.26,6.43,0
53.21,28.58,75.63,56.98,6.45,0
45.71,44.54,68.42,87.06,9.39,0
19.7,37.75,82.49,172.22,11.1,0
21.72,14.87,13.73,449.44,6.15,0
84.3,31.63,56.14,58.25,1.9,0
18.08,32.63,33.18,107.73,8.89,0
91.81,12.66,1.23,143.33,10.35,0
56.12,25.41,28.17,23.64,12.78,0
68.97,5.34,49.04,133.24,6.71,0
77.4,-6.1,2.72,95.34,6.27,0
50.28,49.3,25.71,48.42,10.76,0
54.92,22.96,53.75,332.05,3.06,0
14.21,22.09,68.83,69.43,5.8,0
92.99,53.77,29.08,64.94,5.58,0
69.9,23.81,47.79,63.72,12.31,0
82.04,-0.28,49.45,466.91,10.39,0
20.89,43.55,35.51,414.26,3.61,0
52.91,11.1,41.96,402.17,6.02,0
60.25,20.25,36.14,321.72,12.0,0
33.41,35.3,98.83,113.29,9.69,0
93.17,7.07,36.02,394.67,4.5,0
1.06,7.8,84.14,175.63,2.98,0
92.86,28.36,38.88,223.97,1.63,0
19.53,35.16,79.21,194.46,11.29,0
5.86,59.41,52.94,383.42,13.99,0
40.87,41.19,21.81,165.04,4.51,0
36.91,51.23,17.52,468.57,12.9,0
34.84,51.39,7.61,118.73,12.88,0
90.45,9.99,94.31,238.4,4.72,0
90.98,19.81,60.45,253.34,13.75,0
99.54,28.9,71.84,77.4,4.15,0
35.76,-7.9,58.24,185.02,12.64,0
1.36,46.13,44.61,497.11,5.72,0
81.8,-5.03,26.87,207.88,5.96,0
4.81,14.36,28.91,236.78,9.61,0
33.43,7.53,10.78,119.18,4.77,0
42.45,29.3,90.24,310.59,13.77,0
22.32,21.95,63.59,80.37,3.89,0
96.79,21.57,2.6,228.11,9.14,0
51.2,35.86,19.32,426.85,9.32,0
39.85,-3.08,32.95,33.6,7.75,0
52.95,-6.69,67.78,472.0,12.56,0
45.09,58.36,40.97,8.04,7.46,0
64.28,13.27,80.97,487.91,1.34,0
18.95,26.83,24.88,312.66,2.5,0
35.3,57.32,4.21,435.77,12.03,0
17.59,3.84,14.39,271.0,13.62,0
70.91,-3.01,37.25,486.21,7.05,0
92.62,3.7,18.21,178.59,12.25,0
91.81,32.83,50.49,379.2,4.58,0
49.01,40.85,84.1,127.82,0.8,0
12.89,34.54,97.74,86.86,12.66,0
8.62,3.02,8.09,440.06,10.41,0
70.63,49.13,44.44,216.13,3.68,0
35.31,17.66,58.61,258.87,10.32,0
93.14,47.36,82.24,453.01,12.07,0
63.85,55.28,38.48,108.66,6.21,0
66.48,49.07,45.05,461.73,9.32,0
8.04,-7.21,43.2,161.16,3.51,0
70.37,26.5,82.96,417.44,3.69,0
10.05,43.95,0.52,275.18,13.01,0
51.63,55.84,40.32,418.86,9.37,0
14.86,3.82,71.16,160.77,0.19,0
47.78,19.93,33.53,67.74,2.78,0
7.88,15.83,56.39,21.74,3.67,0
35.44,18.16,55.69,355.99,1.67,0
64.19,-9.82,50.79,108.96,8.17,0
70.87,43.05,28.37,407.86,0.75,0
89.29,19.2,47.33,247.39,13.15,0
40.06,29.92,19.47,276.61,1.03,0
18.03,4.99,94.77,243.14,3.17,0
20.57,20.25,70.97,237.39,8.45,0
70.87,4.06,66.16,383.59,11.96,0
15.34,16.21,81.67,410.02,8.4,0
10.81,32.45,88.2,233.07,3.46,0
84.98,27.77,80.07,467.05,3.68,0
12.33,5.63,20.89,30.6,3.5,0
18.65,48.56,11.98,481.62,6.53,0
0.2,52.2,46.88,278.56,0.42,0
54.44,45.18,65.2,348.74,12.43,0
19.74,8.82,76.33,198.36,9.57,0
62.25,13.53,83.08,461.82,11.22,0
51.71,26.03,4.94,289.04,12.94,0
23.14,-4.44,12.28,7.95,0.09,1
65.94,53.25,60.57,340.8,4.88,0
75.5,10.11,96.94,162.7,9.27,0
12.6,24.58,65.23,444.89,7.73,0
49.3,51.19,68.11,431.58,11.21,0
86.16,8.2,76.98,294.36,6.61,0
89.47,43.65,83.24,239.23,4.83,0
80.29,20.01,36.3,421.95,7.97,0
94.03,29.55,79.12,12.22,3.71,0
27.25,35.73,87.28,360.28,10.2,0
36.8,52.26,74.33,447.32,5.41,0
34.77,-8.73,84.82,122.44,9.28,0
97.47,5.63,2.91,94.79,3.67,0
64.67,5.38,97.11,214.68,10.32,0
52.55,18.84,71.62,0.13,0.82,0
75.89,8.96,72.88,77.28,12.44,0
25.86,34.39,60.36,401.21,6.3,0
33.22,1.1,32.77,191.72,13.15,0
87.92,26.06,75.59,110.11,2.93,0
84.78,53.12,29.77,121.89,2.75,0
10.64,37.93,89.5,375.56,0.16,0
50.96,24.2,68.85,348.23,9.11,0
25.79,7.67,77.13,311.74,7.2,0
98.6,41.77,61.05,200.98,5.28,0
31.16,15.09,27.98,428.58,9.12,0
32.66,2.56,24.43,264.73,3.29,0
7.07,52.54,33.29,16.36,5.96,1
84.57,52.44,55.8,379.91,12.28,0
27.84,57.3,80.14,373.5,6.01,0
32.64,-8.46,12.8,39.19,13.26,0
39.82,3.75,76.82,391.5,6.19,0
10.87,27.56,77.99,55.52,7.51,0
18.72,26.48,13.06,384.27,11.78,0
98.43,3.45,50.49,49.72,3.37,0
81.32,36.91,82.9,369.39,9.6,0
63.27,48.27,98.3,155.95,4.33,0
59.74,4.28,16.29,417.79,13.42,0
12.51,39.57,20.01,380.03,8.05,0
29.67,45.75,56.26,110.53,8.11,0
89.4,-8.76,86.09,248.57,9.49,0
50.43,43.51,27.97,494.55,9.53,0
28.8,-7.99,79.13,415.88,3.67,0
60.38,-1.53,9.69,102.15,6.63,0
91.14,8.1,96.0,164.13,8.0,0
32.11,49.49,94.72,108.18,0.47,0
34.25,40.45,99.0,97.56,2.51,0
67.38,20.47,36.93,32.58,11.75,0
55.22,-3.68,37.93,288.61,4.93,0
10.14,34.77,27.6,184.72,12.93,0
12.1,4.18,75.21,293.01,6.9,0
90.47,13.38,99.97,449.25,13.33,0
26.71,42.24,26.91,168.32,4.72,0
41.69,19.74,2.8,228.54,7.9,0
21.23,46.03,23.15,138.26,11.78,0
74.07,55.34,57.34,130.56,11.78,0
23.93,-9.98,15.74,498.41,10.92,0
44.42,-5.11,69.48,283.9,5.76,0
41.55,48.63,96.96,431.0,1.19,0
17.51,44.54,46.46,347.69,8.84,0
61.87,42.66,7.52,478.94,5.31,0
58.6,50.63,24.5,464.88,2.5,0
94.8,53.3,70.31,382.79,0.5,0
50.3,31.58,44.71,237.4,12.33,0
26.21,4.17,51.29,387.31,1.98,0
18.83,21.07,14.48,315.07,1.09,0
25.14,59.69,19.01,83.87,2.09,0
65.22,19.05,78.07,52.48,8.82,0
11.48,2.58,57.91,243.9,7.75,0
99.21,15.03,73.54,84.01,0.23,0
43.42,19.39,71.72,486.73,13.69,0
42.64,18.22,23.48,462.56,11.35,0
23.06,42.57,6.58,4.86,5.5,1
93.17,46.56,1.83,62.37,1.93,0
91.71,17.92,34.38,65.26,4.77,0
91.81,28.09,53.97,180.44,0.19,0
95.27,-0.66,19.24,271.96,11.53,0
8.9,47.34,39.9,99.64,12.53,0
50.37,39.97,65.42,46.19,2.07,0
44.98,48.44,28.93,238.55,1.88,0
79.56,50.51,33.56,488.91,2.15,0
98.95,34.8,55.69,342.31,11.8,0
10.18,51.04,18.7,162.99,6.41,0
91.07,17.36,53.63,181.02,11.99,0
62.12,53.57,8.08,481.69,3.01,0
31.38,-3.15,90.39,78.05,10.49,0
12.81,50.29,76.85,385.22,4.05,0
79.11,49.34,24.16,302.13,7.24,0
55.17,19.94,0.97,37.62,12.36,0
19.95,-2.97,53.58,444.96,11.07,0
89.53,6.75,59.86,0.85,5.45,0
58.69,14.38,2.4,151.4,6.69,0
68.63,45.73,96.86,359.96,0.76,0
63.55,38.54,64.53,499.95,7.77,0
1.2,19.04,93.02,444.5,12.43,0
33.22,3.66,53.81,273.08,5.56,0
16.13,6.06,55.22,90.49,7.78,0
80.08,-7.51,48.63,258.44,8.21,0
59.14,38.09,66.49,486.24,1.22,0
12.75,36.14,6.16,380.42,7.58,0
64.84,43.4,71.66,237.16,13.88,0
66.49,25.14,36.03,418.05,5.08,0
13.86,8.23,75.82,335.81,4.41,0
49.09,51.09,57.41,234.7,6.17,0
43.46,1.08,1.49,311.37,9.13,0
65.31,57.21,80.4,283.43,2.11,0
24.88,38.55,34.43,64.47,5.37,0
40.41,57.81,35.36,402.69,13.65,0
0.67,33.57,34.47,309.61,7.95,0
74.8,-7.61,34.56,274.37,9.26,0
50.76,35.52,43.15,151.71,11.9,0
81.19,53.84,35.84,305.44,11.52,0
88.74,-9.94,29.49,52.6,13.78,0
35.51,51.8,79.96,88.79,0.86,0
18.48,47.3,65.75,85.39,10.38,0
6.71,34.04,18.5,149.68,12.71,0
78.44,41.47,53.04,414.77,7.58,0
13.32,12.63,69.3,343.43,9.99,0
47.53,28.49,26.51,436.22,5.92,0
37.7,36.25,81.96,71.06,13.44,0
4.53,-0.41,33.3,236.87,6.4,0
47.98,11.34,70.33,428.96,10.46,0
88.98,13.0,71.0,174.26,7.28,0
26.62,48.41,97.14,454.74,8.05,0
35.73,33.1,11.84,461.66,12.88,0
32.27,10.51,89.44,103.5,6.46,0
24.46,16.27,10.06,155.25,2.08,0
21.9,14.17,78.09,398.07,7.01,0
65.96,8.52,72.42,171.34,6.35,0
21.61,17.18,40.13,165.32,11.38,0
85.16,12.41,13.9,410.55,0.99,0
14.06,12.65,24.8,130.39,3.3,0
96.25,23.31,32.09,445.73,0.24,0
61.48,-7.07,49.13,15.76,4.47,0
7.69,1.37,24.05,417.33,5.45,0
32.5,36.36,52.55,156.88,2.42,0
94.6,57.27,36.75,204.0,10.88,0
63.93,53.51,45.19,40.97,0.2,0
77.84,33.12,96.55,435.17,9.36,0
74.86,48.7,70.81,421.06,8.37,0
50.98,51.42,47.19,174.13,4.32,0
15.23,50.68,11.48,108.48,4.59,0
45.17,37.74,83.2,199.18,7.48,0
73.92,29.42,30.06,197.65,1.72,0
81.74,39.9,67.09,266.74,13.63,0
65.92,42.63,20.08,329.13,1.15,0
13.66,45.5,99.54,287.73,11.4,0
86.08,29.79,36.54,341.47,10.68,0
10.58,-5.99,42.15,95.33,0.17,0
1.67,-0.11,19.62,61.75,10.24,0
31.55,8.11,69.87,489.33,3.98,0
74.85,-8.45,33.28,169.89,8.83,0
91.68,59.95,17.69,230.52,6.34,0
96.74,30.85,92.67,154.19,3.73,0
89.43,50.1,17.15,236.12,5.49,0
48.68,42.41,47.39,311.12,4.88,0
30.31,22.12,69.74,128.22,6.41,0
97.37,24.73,49.75,462.16,7.27,0
75.39,54.46,48.02,298.37,11.13,0
1.64,10.04,36.98,394.6,10.29,0
11.94,-0.5,40.18,54.98,10.56,0
39.56,54.02,45.89,132.44,3.45,0
89.96,27.61,96.65,430.21,12.15,0
21.22,0.39,7.12,5.38,12.69,1
67.08,-6.64,83.2,333.75,3.53,0
66.48,12.9,50.04,58.65,7.84,0
14.02,49.61,29.13,352.47,7.03,0
13.74,6.07,86.5,227.66,2.05,0
37.02,28.84,25.38,153.33,4.82,0
73.8,29.82,21.75,152.41,13.06,0
34.1,1.03,82.57,89.38,10.56,0
81.44,2.99,5.9,91.36,10.63,0
74.03,26.03,71.52,198.17,6.64,0
64.71,27.39,2.37,240.4,10.16,0
32.12,38.91,37.76,494.44,8.03,0
41.0,35.83,15.44,234.75,13.57,0
91.72,43.43,95.2,81.82,8.19,0
84.15,43.0,33.27,385.68,11.17,0
41.95,53.85,35.6,144.93,7.41,0
56.03,6.44,22.21,400.86,3.71,0
49.24,17.68,43.54,395.37,0.65,0
35.11,18.56,75.16,53.21,8.97,0
55.12,-3.22,7.96,135.44,7.24,0
7.17,-8.9,72.13,243.35,6.11,0
97.08,51.42,76.32,450.43,7.1,0
93.04,12.8,70.38,91.54,11.51,0
79.84,-4.57,45.61,22.67,9.4,0
44.91,54.2,95.48,285.31,11.9,0
8.62,30.29,66.32,483.0,2.05,0
13.89,32.13,86.9,139.73,9.79,0
15.87,2.77,25.98,471.2,5.19,0
36.26,47.19,88.97,298.82,10.69,0
99.79,-7.46,34.89,274.24,2.97,0
91.64,37.01,96.62,462.61,6.31,0
8.98,31.87,16.02,51.48,13.97,0
55.96,51.18,7.0,217.87,11.39,0
21.16,42.73,65.97,44.72,6.09,0
55.45,2.5,2.15,421.44,12.75,0
40.69,55.45,87.84,238.72,2.79,0
91.0,19.15,7.53,250.59,8.25,0
59.62,16.0,8.95,78.85,1.28,0
7.82,0.02,61.87,8.04,8.68,1
74.97,55.81,46.0,395.29,3.78,0
70.4,37.22,47.92,136.38,2.26,0
92.86,54.51,91.84,114.33,3.06,0
95.47,48.26,81.25,355.73,12.28,0
41.92,30.86,52.28,467.35,2.86,0
71.84,-5.32,99.28,102.35,4.28,0
93.57,44.31,36.47,83.89,1.66,0
6.34,14.17,48.62,263.34,1.72,0
11.83,38.94,37.19,164.47,10.43,0
66.25,15.76,7.45,29.1,6.87,0
14.97,-9.55,36.63,257.66,10.34,0
70.46,20.83,65.44,22.52,0.58,0
9.32,34.44,47.76,366.21,11.0,0
11.72,9.34,1.84,380.57,8.46,0
2.3,38.58,31.06,213.76,6.77,0
11.52,57.4,14.08,483.25,12.04,0
56.62,-6.87,40.24,414.06,8.47,0
32.07,-7.27,5.89,153.66,0.14,0
52.2,48.03,94.97,465.78,3.53,0
55.16,32.84,8.62,154.65,13.99,0
98.49,15.84,29.18,157.67,9.44,0
79.98,36.52,40.96,116.41,5.54,0
43.61,49.08,78.09,392.69,7.56,0
79.39,43.13,84.69,469.37,11.27,0
32.45,44.1,50.64,396.15,6.3,0
99.53,45.11,83.97,311.27,12.87,0
91.48,20.98,43.64,344.86,8.71,0
40.84,49.12,41.7,346.31,0.27,0
39.43,12.27,38.28,190.78,7.63,0
34.88,36.11,84.88,345.87,6.26,0
44.66,38.95,16.18,107.23,5.61,0
85.13,11.05,83.68,126.07,3.93,0
72.71,39.64,38.12,290.11,0.33,0
68.76,8.8,81.8,364.46,0.02,0
29.01,17.16,4.95,348.76,13.82,0
94.2,7.9,91.48,201.94,9.34,0
57.18,-8.22,73.74,489.05,5.93,0
38.1,-0.45,83.84,229.04,13.14,0
62.84,-0.58,9.96,26.43,0.96,0
76.74,7.64,31.15,168.93,2.11,0
17.93,7.88,65.68,381.49,13.83,0
35.61,46.91,77.15,482.06,2.53,0
28.34,-4.21,12.63,141.0,11.2,0
97.01,-6.48,22.27,321.66,5.65,0
15.94,44.4,10.94,57.9,7.86,0
16.53,23.14,23.68,466.53,2.23,0
10.71,24.54,69.98,365.31,9.33,0
90.11,2.47,99.17,110.09,13.4,0
40.09,22.86,29.35,356.1,12.46,0
8.03,-2.01,97.7,262.79,0.55,0
16.48,52.93,81.68,335.06,0.03,0
60.3,22.62,84.54,238.38,3.94,0
43.02,21.36,42.2,129.14,7.08,0
77.49,41.56,30.61,91.52,7.08,0
55.63,-3.39,33.25,415.03,0.31,0
2.4,33.78,11.79,424.03,11.19,0
71.87,7.54,91.77,119.78,10.09,0
22.62,8.8,6.16,376.12,9.34,0
72.26,39.75,74.62,57.5,12.7,0
27.02,57.84,57.47,486.1,10.68,0
43.43,10.26,48.59,380.45,3.47,0
63.44,22.94,44.56,396.27,2.68,0
85.78,14.98,75.89,266.24,6.9,0
88.27,57.01,40.88,107.53,0.79,0
1.13,35.86,69.08,450.96,1.29,0
87.22,-5.51,15.56,299.4,11.24,0
44.66,-6.01,10.48,363.91,9.68,0
14.72,-2.77,76.16,417.96,11.62,0
84.75,15.24,13.08,288.32,7.8,0
32.02,31.23,72.79,139.75,6.85,0
97.46,42.78,27.24,335.54,11.97,0
27.06,-7.87,66.63,489.25,3.89,0
69.65,33.49,3.07,108.48,13.3,0
3.15,54.96,78.76,361.73,5.39,0
25.26,16.13,33.79,339.28,4.2,0
15.63,46.91,85.59,65.8,3.26,0
41.98,39.14,84.33,393.42,6.53,0
15.4,21.89,32.04,372.58,1.4,0
62.85,4.07,92.86,467.17,2.34,0
82.33,50.42,92.76,498.62,8.85,0
82.7,-5.92,22.61,212.32,7.67,0
34.13,56.53,92.18,175.06,2.81,0
70.06,56.33,56.36,281.55,2.64,0
38.79,48.13,27.38,103.81,9.52,0
74.4,0.74,56.94,197.58,3.81,0
87.74,51.82,82.71,399.66,12.16,0
49.14,8.09,88.87,441.76,8.51,0
96.88,5.43,7.85,46.62,10.58,0
29.48,16.14,32.18,395.46,4.56,0
43.26,53.75,5.54,62.08,2.14,0
41.49,27.17,13.28,341.65,5.0,0
62.56,42.26,89.99,188.41,9.63,0
25.83,33.29,8.93,43.32,8.81,0
20.56,3.3,69.72,361.02,10.22,0
66.3,5.61,63.76,57.64,12.63,0
86.5,59.76,19.1,177.16,6.25,0
3.83,45.95,89.58,328.22,5.4,0
57.67,-6.21,79.93,239.16,7.57,0
29.84,46.29,60.94,214.1,0.07,0
32.58,36.8,15.98,101.02,3.72,0
63.85,7.72,77.47,120.67,6.93,0
6.08,23.53,40.16,343.05,6.86,0
58.35,21.36,67.43,158.1,0.44,0
59.95,26.11,23.17,84.74,0.5,0
99.05,13.58,61.54,445.95,13.44,0
41.42,21.64,63.36,440.06,1.3,0
8.36,10.68,37.27,398.43,4.04,0
46.98,44.24,96.75,433.32,2.52,0
4.22,47.84,83.46,151.96,7.83,0
58.15,9.59,1.02,100.53,9.57,0
99.64,-0.48,95.93,396.79,3.17,0
88.05,33.04,99.68,321.02,9.14,0
70.82,37.43,45.6,349.27,7.05,0
56.32,43.9,75.75,480.62,6.42,0
56.03,29.16,6.55,226.59,0.42,0
37.22,34.12,64.47,291.16,3.62,0
91.85,52.68,7.99,375.36,4.05,0
55.18,-9.98,46.49,298.71,5.49,0
49.8,47.17,7.03,152.91,11.78,0
41.38,0.62,15.04,149.43,2.8,0
9.07,-3.9,72.37,44.06,3.49,0
54.52,52.24,80.54,291.5,10.61,0
49.14,39.74,31.97,30.02,2.86,0
20.9,57.73,87.55,43.68,0.02,0
36.15,43.13,88.38,112.27,3.89,0
7.44,7.5,16.45,155.4,8.76,0
94.63,28.77,14.06,324.75,7.22,0
0.74,-0.01,6.4,199.62,11.31,0
26.75,7.35,9.68,145.11,5.38,0
46.58,7.54,49.48,453.07,3.65,0
47.19,-3.63,37.03,371.48,12.37,0
24.27,44.63,1.0,69.72,3.46,0
18.49,23.4,0.05,68.54,3.55,0
12.24,26.93,57.79,330.63,13.67,0
68.0,46.35,86.26,460.21,8.79,0
26.39,38.59,25.61,393.92,1.28,0
21.07,1.29,83.34,11.22,0.6,1
79.68,10.69,99.96,229.26,7.97,0
41.8,37.0,4.87,288.23,9.0,0
89.41,3.09,2.86,330.94,6.34,0
66.7,57.86,0.48,281.11,0.4,0
53.16,3.05,50.07,228.99,12.97,0
5.19,0.02,61.68,464.54,3.53,0
73.99,48.54,22.76,414.34,1.42,0
23.24,31.12,98.84,116.3,8.63,0
14.2,14.37,54.63,35.34,6.2,0
68.06,42.85,41.32,391.89,6.75,0
73.69,-5.09,73.56,407.47,8.19,0
55.86,42.06,36.28,283.71,3.6,0
17.9,24.13,39.18,492.19,9.23,0
2.68,-8.62,48.49,51.94,12.99,0
48.12,23.9,4.69,260.77,9.87,0
57.01,-2.41,11.94,411.44,12.38,0
59.31,30.12,86.52,206.06,1.84,0
26.77,3.88,29.67,370.7,3.2,0
21.96,-1.07,90.3,291.69,0.63,0
8.02,43.21,46.09,340.67,13.9,0
34.93,42.0,72.92,155.03,13.45,0
17.85,10.45,68.81,10.23,11.66,1
73.58,48.71,89.46,411.73,5.44,0
17.95,55.45,81.89,495.73,9.89,0
37.68,22.17,19.8,449.2,2.17,0
23.55,-2.91,48.38,454.46,9.14,0
68.63,-8.79,44.14,115.66,2.55,0
4.39,38.68,25.3,312.64,13.6,0
42.79,55.2,93.08,493.44,12.0,0
86.41,35.57,68.72,81.33,1.03,0
77.63,-1.75,36.42,445.51,13.86,0
39.8,9.57,81.78,78.76,5.93,0
27.44,17.26,8.03,450.17,9.79,0
33.37,-3.82,87.85,273.41,2.17,0
80.61,22.83,2.83,406.26,13.55,0
76.56,-7.74,96.9,59.99,13.76,0
18.32,41.52,11.34,441.39,2.77,0
49.54,42.38,0.32,170.44,0.83,0
36.72,33.03,90.36,364.7,3.78,0
38.4,57.43,31.45,69.92,3.88,0
55.44,29.22,69.51,104.08,2.71,0
13.22,2.08,4.85,375.17,1.4,0
61.04,49.07,88.59,54.6,11.43,0
6.82,16.52,19.59,134.3,8.23,0
85.05,2.0,95.9,299.93,13.74,0
68.78,12.11,36.23,77.39,9.12,0
9.54,26.97,4.26,105.71,12.15,0
74.63,9.02,78.43,184.8,0.63,0
99.06,41.75,29.92,168.19,11.6,0
12.09,30.02,4.03,76.65,5.2,0
88.73,53.23,63.61,0.09,2.05,0
12.62,5.9,45.74,55.57,7.71,0
87.43,0.43,57.93,462.41,0.52,0
86.3,50.72,35.09,46.41,7.46,0
22.29,21.82,38.11,97.78,6.57,0
18.82,51.85,17.71,147.47,9.77,0
53.25,56.82,9.17,445.76,10.72,0
52.52,38.57,63.48,53.16,6.63,0
23.43,24.51,7.33,399.48,5.76,0
79.85,11.28,25.95,181.68,8.48,0
38.6,56.31,41.52,339.21,13.15,0
41.51,51.21,31.95,369.86,10.92,0
4.88,58.84,79.52,107.13,0.26,0
9.13,57.33,83.6,287.6,13.31,0
58.2,27.24,77.33,363.38,10.36,0
98.44,58.05,80.85,63.09,5.93,0
80.78,7.91,51.05,258.53,11.41,0
89.87,12.63,49.67,361.46,4.5,0
65.73,47.44,60.49,209.84,2.15,0
59.91,-5.69,71.88,482.0,6.04,0
19.79,43.57,25.12,434.06,7.42,0
75.46,44.77,92.01,102.7,12.62,0
27.54,0.07,60.87,346.83,0.54,0
24.73,9.07,12.36,392.03,9.17,0
67.03,19.94,45.63,466.41,0.15,0
43.45,40.23,74.63,39.21,3.15,0
73.47,30.8,65.71,440.67,5.96,0
50.67,12.67,0.61,342.92,4.78,0
38.75,18.53,69.64,69.25,4.81,0
2.21,31.22,41.71,119.29,0.35,0
18.09,21.22,94.27,213.93,12.87,0
6.19,48.28,53.78,385.65,11.31,0
96.44,26.27,36.9,316.74,12.96,0
8.77,31.54,59.36,211.75,2.34,0
9.83,48.14,88.23,383.25,11.3,0
16.47,12.59,70.93,173.01,13.17,0
18.5,33.04,76.16,129.07,9.57,0
44.34,37.06,76.06,5.38,1.64,0
50.45,-6.02,13.49,24.17,2.18,0
32.19,41.16,22.58,131.91,4.15,0
63.83,23.63,83.19,260.39,10.86,0
79.0,3.56,2.94,358.07,8.03,0
33.3,43.61,72.8,112.1,10.71,0
48.58,21.67,36.62,407.32,0.58,0
38.13,7.68,26.78,452.28,11.64,0
71.24,-8.24,99.4,276.43,10.38,0
2.83,46.19,0.34,279.26,0.73,0
79.05,52.21,64.6,377.72,2.2,0
2.36,49.41,42.55,184.16,13.97,0
37.02,4.67,26.7,468.33,9.07,0
15.83,28.66,46.96,491.65,9.66,0
32.17,46.79,98.15,295.27,1.92,0
84.72,9.41,54.85,134.21,10.97,0
57.31,59.08,71.86,348.48,13.98,0
52.12,16.34,24.15,170.0,8.07,0
50.49,47.4,88.94,67.31,9.49,0
77.01,28.96,88.3,306.26,10.89,0
83.19,28.73,14.36,385.1,11.76,0
9.0,1.04,82.64,127.81,5.98,0
23.76,-2.32,36.71,80.71,1.56,0
31.43,8.09,69.92,57.23,11.93,0
77.16,7.28,54.22,223.83,5.86,0
77.85,-8.2,99.01,465.09,5.91,0
51.91,30.26,61.55,49.73,3.99,0
62.45,18.3,63.82,146.1,10.07,0
35.92,50.94,19.85,94.78,0.56,0
23.03,33.67,23.9,367.29,13.34,0
53.21,26.69,55.56,391.92,5.05,0
25.41,35.64,22.26,498.61,0.48,0
14.36,39.37,6.12,216.43,13.31,0
21.77,38.32,34.52,13.0,2.28,1
81.37,39.42,29.74,307.24,1.19,0
8.31,-2.92,80.6,121.37,6.93,0
39.76,53.68,61.04,485.2,1.01,0
32.49,37.85,22.93,170.77,5.78,0
52.93,14.18,12.28,223.71,7.8,0
69.82,24.38,90.23,146.69,2.28,0
66.46,42.7,36.4,457.5,6.22,0
17.13,-2.26,88.8,341.48,7.3,0
0.25,31.52,33.18,77.63,1.39,0
45.19,56.55,21.61,151.16,1.57,0
42.34,5.45,42.1,179.04,10.37,0
88.23,35.8,47.06,268.35,11.86,0
33.35,-3.18,29.06,240.73,4.64,0
29.57,42.99,19.58,307.14,12.77,0
66.44,25.6,99.69,393.88,13.58,0
84.55,12.37,34.74,32.47,7.59,0
0.36,-3.04,59.58,87.21,13.42,0
59.4,2.43,87.05,293.44,4.9,0
83.36,39.79,83.99,280.24,6.86,0
22.25,5.65,65.05,243.83,6.88,0
31.22,37.93,15.01,10.6,9.54,1
43.5,26.03,69.11,5.6,9.79,0
48.14,9.41,24.86,449.07,9.51,0
67.87,58.84,31.13,327.41,4.41,0
48.35,15.12,21.88,243.82,0.88,0
86.71,59.14,74.82,127.2,10.64,0
36.05,10.88,25.94,163.63,5.43,0
15.23,12.59,60.33,248.0,4.15,0
21.58,49.5,30.79,368.48,0.26,0
54.03,45.16,18.74,232.34,9.54,0
59.17,52.32,71.83,476.86,4.2,0
42.0,-8.81,80.39,384.4,1.66,0
28.28,10.9,58.69,499.45,6.85,0
97.62,10.61,44.28,452.42,0.26,0
65.82,51.59,10.02,164.63,8.85,0
58.56,45.28,54.66,403.01,2.05,0
23.88,11.46,44.89,216.47,0.57,0
2.44,11.99,73.6,161.31,13.51,0
84.57,48.7,82.0,149.62,7.57,0
66.76,59.15,59.55,475.02,12.48,0
32.95,4.68,76.32,498.38,4.43,0
93.98,14.72,54.7,214.48,2.24,0
13.61,55.67,0.04,125.66,7.78,0
14.99,3.49,41.32,174.15,6.59,0
56.52,43.29,48.31,66.49,10.27,0
98.99,-0.73,86.69,459.31,12.66,0
44.5,7.6,90.11,95.42,12.69,0
55.27,11.63,46.25,13.9,4.05,0
15.22,43.86,23.56,103.74,12.47,0
41.06,26.16,84.74,448.2,0.12,0
31.87,19.14,14.92,188.23,10.56,0
52.03,46.46,35.35,443.31,5.58,0
85.52,58.31,27.08,170.7,10.11,0
87.66,17.46,29.01,105.13,2.25,0
47.78,10.05,99.28,82.94,1.96,0
64.12,14.69,45.48,195.8,10.24,0
8.56,29.67,62.83,272.92,5.26,0
36.19,11.28,93.97,109.43,4.62,0
21.78,-6.4,59.68,216.67,9.27,0
65.34,-6.91,53.49,450.84,3.08,0
74.9,43.82,66.89,97.58,9.43,0
0.39,54.95,20.22,12.02,8.68,1
51.75,32.63,3.36,29.91,6.34,0
4.08,14.96,70.9,242.6,6.9,0
90.6,4.29,16.39,48.8,13.04,0
56.96,8.57,4.94,156.54,5.63,0
66.24,2.25,32.36,375.32,6.51,0
66.06,20.79,72.25,133.55,1.99,0
88.41,18.45,62.07,77.28,13.02,0
51.75,2.62,44.3,346.98,5.4,0
15.04,13.6,93.42,295.08,2.77,0
63.9,24.86,62.72,144.84,13.39,0
83.44,37.08,31.4,375.69,8.59,0
35.4,-9.9,34.63,370.99,10.2,0
74.68,48.65,0.32,136.88,4.91,0
90.31,5.28,39.63,231.66,6.44,0
69.39,35.21,20.42,350.86,6.1,0
48.34,-6.4,91.97,51.2,2.13,0
43.95,-1.53,46.88,31.66,9.62,0
59.78,32.75,61.06,71.51,12.84,0
43.79,-7.66,50.35,376.2,2.6,0
94.19,17.69,10.1,150.88,1.91,0
3.25,48.47,31.71,156.03,11.51,0
41.4,13.2,64.71,29.4,9.43,0
98.89,21.31,55.25,94.35,10.65,0
72.5,11.8,72.17,122.46,2.47,0
72.07,-4.21,50.01,463.9,2.47,0
19.14,17.78,90.19,355.62,2.89,0
8.68,59.54,90.84,99.23,2.77,0
76.49,1.95,25.45,251.36,11.75,0
10.14,-2.94,71.86,292.86,13.08,0
83.15,-6.59,60.84,274.2,0.6,0
58.92,29.16,33.79,104.24,2.01,0
96.75,-9.95,29.14,291.87,11.32,0
87.85,28.13,62.43,19.9,6.33,0
98.17,45.2,75.67,402.76,6.14,0
33.77,9.2,31.64,435.13,2.96,0
29.51,18.84,55.07,30.49,3.92,0
85.41,44.42,57.81,122.1,8.73,0
18.01,33.86,97.99,107.22,5.4,0
78.03,58.35,62.17,470.12,6.86,0
66.57,-3.84,68.61,445.87,11.5,0
23.65,37.48,34.21,488.22,10.32,0
93.7,45.51,56.36,399.66,11.19,0
39.93,38.31,57.42,433.7,11.57,0
2.33,50.94,63.46,486.03,8.18,0
90.45,32.96,62.11,479.45,9.56,0
9.27,31.76,59.39,126.27,6.36,0
24.1,-5.64,90.15,463.54,8.67,0
56.15,17.97,68.73,251.06,12.89,0
94.01,47.54,91.98,71.04,1.68,0
61.76,-1.55,22.41,128.91,4.76,0
95.74,33.54,96.98,386.43,0.17,0
90.33,5.86,20.78,242.99,7.81,0
96.74,49.8,65.57,302.53,1.21,0
48.84,33.04,55.77,88.45,10.61,0
38.04,21.28,39.92,102.82,5.33,0
58.6,43.1,12.37,240.91,3.9,0
53.09,16.21,10.01,82.82,8.88,0
18.08,46.41,83.67,439.83,4.06,0
14.43,5.6,46.84,91.87,10.44,0
55.65,58.74,45.11,428.6,12.05,0
63.79,26.32,57.08,230.13,1.97,0
29.12,55.04,44.66,116.34,6.95,0
61.74,4.8,30.73,234.0,12.84,0
79.24,15.81,69.55,441.51,9.29,0
67.0,33.76,86.7,121.25,9.27,0
31.65,6.32,18.5,460.64,6.64,0
32.5,27.92,69.25,342.95,7.71,0
0.37,21.54,83.25,62.86,6.29,0
22.27,-9.76,2.27,149.18,9.43,0
70.5,57.87,45.0,1.88,3.76,0
8.13,40.7,24.67,418.65,8.99,0
79.48,37.42,3.32,284.86,6.88,0
41.56,21.67,12.31,373.13,13.86,0
36.36,58.25,86.79,256.73,10.92,0
16.89,-2.78,35.25,379.69,3.39,0
43.91,59.58,77.56,118.47,11.35,0
97.41,-7.5,84.31,288.1,5.29,0
18.87,23.23,47.87,49.52,5.43,0
66.05,59.43,89.17,141.86,5.43,0
74.15,12.2,11.49,278.32,6.15,0
85.78,57.88,24.36,310.87,12.12,0
1.89,59.55,55.16,302.51,12.04,0
2.67,55.11,53.51,175.68,1.17,0
95.51,22.57,36.2,210.49,0.11,0
24.53,50.08,6.27,152.02,5.54,0
7.81,34.36,79.81,156.25,0.74,0
10.7,4.44,14.44,362.16,11.0,0
15.94,-0.45,25.84,401.77,9.22,0
78.74,38.97,56.82,297.21,10.66,0
5.98,57.3,6.69,161.64,6.67,0
40.37,9.52,12.11,337.55,5.42,0
85.46,14.17,29.34,250.85,13.76,0
33.94,35.5,0.33,449.05,7.35,0
85.71,9.8,67.37,180.51,2.76,0
47.22,50.01,39.3,465.6,8.33,0
38.1,24.37,72.42,454.59,1.25,0
75.67,20.02,42.46,344.53,9.79,0
69.8,56.42,9.15,287.18,13.65,0
15.58,51.36,9.16,497.46,6.93,0
99.51,57.12,70.31,402.48,5.41,0
98.02,4.29,39.06,267.25,2.64,0
74.55,7.5,33.78,392.72,13.6,0
59.27,-5.34,37.07,230.69,3.47,0
33.67,23.63,35.85,216.07,4.56,0
70.95,-4.75,87.86,1.18,13.56,0
23.26,27.61,67.43,75.27,3.11,0
66.5,0.61,75.35,210.86,3.19,0
7.27,27.73,11.83,153.46,12.84,0
96.79,14.5,69.33,42.02,4.29,0
56.16,47.16,20.69,221.13,2.12,0
14.92,27.19,39.0,288.97,2.74,0
31.68,51.64,33.72,235.25,7.43,0
8.53,55.38,56.55,246.5,8.07,0
13.68,38.51,43.96,471.98,13.23,0
62.17,48.51,19.52,282.86,1.52,0
29.77,59.95,44.97,174.29,11.43,0
3.4,42.01,1.11,98.76,3.27,0
91.83,46.1,92.59,416.6,3.63,0
36.01,24.97,56.69,183.84,3.57,0
77.89,55.9,9.48,493.14,0.27,0
10.29,9.46,60.79,441.68,12.04,0
21.68,55.72,37.29,383.29,0.52,0
92.72,22.5,20.49,498.06,12.71,0
27.81,11.15,92.25,322.7,11.41,0
31.07,29.47,67.89,161.24,8.09,0
44.43,9.37,5.01,180.05,8.68,0
27.56,4.79,36.51,50.29,11.44,0
46.37,21.75,37.51,303.01,1.01,0
31.08,-7.73,32.99,307.77,8.26,0
34.63,29.5,64.35,73.02,10.08,0
51.47,15.05,72.82,54.58,11.9,0
91.84,29.0,88.73,498.61,9.52,0
68.74,54.93,76.14,144.34,5.33,0
59.75,54.55,95.39,358.91,5.71,0
23.14,39.5,0.91,252.87,5.22,0
54.87,20.16,72.0,363.63,10.47,0
7.61,53.13,77.99,13.58,2.79,1
71.03,-8.74,73.43,31.68,5.59,0
76.31,30.17,52.95,199.02,9.09,0
76.11,27.78,21.93,385.17,9.23,0
21.14,-0.78,74.93,262.45,1.54,0
46.53,-2.2,44.54,228.05,6.73,0
81.28,40.93,45.5,24.27,3.94,0
73.25,37.91,40.64,138.89,6.99,0
54.63,42.1,52.83,210.52,3.69,0
55.84,16.23,57.75,64.17,13.21,0
72.5,12.09,53.59,104.13,9.6,0
93.24,-9.39,85.16,148.25,11.57,0
94.42,-2.04,46.01,409.8,5.54,0
53.35,-2.97,4.56,281.68,11.16,0
88.33,10.41,64.09,252.93,5.63,0
72.17,17.11,18.87,385.16,11.41,0
32.42,-8.64,92.91,439.36,11.64,0
55.75,42.58,50.35,439.32,5.07,0
33.86,38.49,64.98,425.88,11.93,0
78.66,55.93,67.97,82.29,10.06,0
29.37,-4.17,5.37,487.22,1.28,0
92.14,15.05,9.0,306.72,4.24,0
51.85,33.31,58.97,270.88,6.45,0
64.59,24.36,79.29,46.53,3.1,0
37.39,17.16,90.05,17.0,10.15,0
7.85,36.91,51.12,340.81,13.35,0
13.05,36.56,54.99,253.22,12.5,0
21.37,15.75,79.21,66.96,0.81,0
89.24,39.87,7.3,101.8,2.89,0
9.86,57.96,31.72,478.55,1.31,0
59.5,55.66,30.96,188.34,11.08,0
21.04,18.59,15.88,341.14,4.98,0
44.68,47.74,86.06,219.4,2.62,0
80.64,11.71,68.5,65.64,9.32,0
24.83,38.11,71.95,304.03,5.34,0
4.88,5.14,32.75,73.34,13.23,0
3.0,12.52,94.34,303.6,3.51,0
53.54,7.17,78.0,393.02,10.79,0
13.68,29.16,4.15,344.11,2.42,0
5.05,59.0,42.31,50.74,2.5,0
85.7,24.24,99.57,295.79,11.72,0
39.78,-7.23,0.73,88.64,9.13,0
9.1,13.58,49.44,456.4,7.28,0
49.88,11.6,2.32,472.62,7.08,0
73.06,18.53,15.86,121.36,5.88,0
0.89,59.47,85.12,46.36,13.37,0
12.46,16.34,59.02,89.42,8.07,0
65.44,52.99,96.21,30.8,11.86,0
98.49,55.0,66.67,472.56,9.16,0
4.85,13.21,45.97,116.76,10.59,0
69.15,-6.03,70.11,185.97,9.7,0
82.95,31.35,4.68,159.66,0.28,0
85.55,22.64,97.35,339.26,2.38,0
98.57,24.36,67.95,198.65,2.76,0
75.99,-0.78,42.2,330.6,8.11,0
78.74,28.11,60.65,99.31,8.31,0
1.2,15.41,32.39,119.59,5.78,0
42.49,-3.39,66.09,284.24,3.55,0
4.61,7.47,33.64,115.2,10.31,0
29.97,-8.83,50.89,147.2,1.26,0
29.6,13.65,94.33,340.15,10.61,0
89.49,57.28,99.34,306.4,0.06,0
19.35,37.26,48.89,444.22,13.5,0
52.53,7.87,49.11,240.63,8.7,0
30.12,-0.92,48.62,277.76,6.28,0
85.08,-3.5,89.81,93.83,6.42,0
60.25,43.44,55.15,423.46,3.63,0
7.65,45.29,60.65,42.01,13.59,0
43.77,36.22,63.69,423.8,5.34,0
85.64,-0.91,65.64,449.95,7.92,0
70.93,-9.67,78.79,345.46,2.89,0
87.74,18.05,65.17,364.82,12.31,0
86.0,-9.61,63.4,476.92,3.8,0
26.24,50.38,52.77,319.55,8.36,0
66.03,-9.96,25.14,175.11,3.97,0
48.96,-0.18,31.46,225.5,0.75,0
72.27,-6.98,35.04,358.69,8.81,0
66.1,53.9,26.73,169.8,6.91,0
39.63,-0.58,44.35,30.26,13.53,0
82.2,35.96,24.44,404.32,1.01,0
67.64,34.43,7.88,333.39,0.56,0
32.87,9.47,64.36,380.25,7.29,0
29.46,25.0,63.09,233.36,1.39,0
99.05,-9.65,22.13,63.1,4.97,0
70.73,20.48,73.38,482.74,3.78,0
59.8,35.57,28.95,233.42,12.25,0
80.07,31.99,75.85,470.47,7.76,0
55.38,41.07,39.25,274.69,2.54,0
79.44,56.11,96.51,56.69,6.32,0
44.16,54.21,46.1,69.83,6.53,0
29.5,26.49,37.77,127.44,0.96,0
94.55,52.82,53.4,96.2,5.83,0
63.38,25.43,3.36,4.05,2.86,0
44.0,20.41,37.92,159.62,12.57,0
86.99,34.87,90.7,431.76,8.05,0
64.69,7.41,88.29,186.26,12.81,0
33.76,21.27,20.23,354.45,8.62,0
78.58,42.71,64.44,94.19,13.06,0
36.08,45.27,2.96,83.67,0.19,0
79.52,14.9,33.11,71.06,1.27,0
84.42,8.29,41.78,196.22,5.21,0
18.06,18.56,82.64,105.98,8.88,0
54.45,23.93,91.27,251.2,5.44,0
17.37,25.86,30.36,230.43,9.44,0
36.39,2.51,4.15,157.4,0.93,0
86.06,31.2,89.93,5.67,5.54,0
59.3,46.59,80.81,344.04,8.79,0
70.89,27.72,11.49,423.67,11.97,0
19.61,18.37,50.26,48.48,6.46,0
12.69,22.45,99.91,453.93,7.0,0
58.34,2.38,89.25,188.48,13.79,0
8.65,35.16,53.52,407.05,7.94,0
88.25,17.8,52.19,268.65,4.84,0
21.56,39.3,69.72,419.29,2.42,0
55.74,-2.53,46.82,48.66,12.73,0
36.43,0.34,15.05,342.65,4.2,0
69.93,21.17,63.25,392.25,13.87,0
43.96,40.01,28.37,83.54,13.59,0
47.1,50.96,82.88,288.5,7.45,0
74.71,48.07,63.05,389.01,4.72,0
92.01,54.52,31.96,241.2,0.79,0
76.96,-0.17,59.41,223.15,1.97,0
76.09,55.79,73.1,436.08,7.15,0
86.03,57.39,72.27,367.95,2.86,0
49.14,-2.93,42.5,177.16,0.64,0
39.01,54.56,60.57,380.59,2.46,0
81.37,42.33,30.06,10.0,7.25,0
80.34,8.45,37.02,450.03,13.12,0
0.79,6.28,51.25,46.35,4.12,0
80.34,34.64,22.02,355.87,11.48,0
63.26,4.06,62.42,145.29,4.83,0
74.94,-1.17,13.12,298.55,1.21,0
7.44,44.82,22.26,23.17,3.61,0
78.72,-3.08,70.19,43.21,6.94,0
44.85,5.39,12.4,223.25,3.92,0
64.92,15.67,29.38,293.5,0.62,0
95.84,47.33,66.72,374.92,1.16,0
70.07,59.39,49.33,270.46,1.22,0
99.43,7.31,82.06,99.21,9.89,0
51.47,8.19,37.24,27.91,6.8,0
55.01,33.76,17.73,235.95,3.25,0
93.27,9.18,65.46,125.19,5.21,0
46.99,57.98,4.6,329.71,9.63,0
28.3,31.52,5.32,152.91,6.02,0
33.45,38.83,64.98,418.81,5.39,0
15.78,7.94,38.79,27.67,3.3,0
40.12,44.91,37.37,438.54,4.7,0
65.02,21.94,92.54,328.37,4.59,0
49.6,26.72,56.29,344.0,3.87,0
58.1,19.53,57.79,346.75,10.48,0
32.43,-9.7,14.33,373.62,5.86,0
67.92,49.72,59.4,484.77,8.16,0
30.27,-0.34,82.84,347.23,0.82,0
7.49,41.61,8.44,109.8,5.19,0
38.9,13.77,47.14,46.05,13.76,0
40.49,8.25,68.45,458.0,2.61,0
60.29,32.99,75.23,216.63,4.86,0
11.46,53.7,50.79,315.69,9.4,0
3.32,18.1,84.26,73.52,12.74,0
24.91,53.0,73.32,228.91,12.75,0
84.07,52.87,52.05,431.31,3.3,0
70.57,50.04,27.58,225.45,3.17,0
48.87,55.54,73.33,124.12,5.69,0
88.68,57.53,14.21,260.04,13.67,0
82.52,-8.24,62.2,166.45,0.1,0
76.08,59.44,32.78,81.05,11.01,0
88.58,14.45,8.37,404.76,1.87,0
84.3,-3.04,4.13,358.29,9.19,0
98.15,56.41,25.41,246.77,5.89,0
84.31,-7.22,98.07,140.81,4.27,0
91.52,-4.74,83.4,319.53,12.29,0
81.98,41.13,42.46,196.93,1.0,0
14.14,47.7,92.51,75.97,1.17,0
58.19,52.95,80.37,138.06,13.46,0
16.42,27.71,52.98,461.23,3.35,0
54.51,25.05,75.47,210.02,10.96,0
68.24,14.38,33.66,109.52,4.47,0
76.74,18.23,45.77,495.23,6.92,0
33.93,50.32,24.87,95.1,6.28,0
11.12,1.21,55.1,124.64,9.28,0
32.02,49.52,73.25,70.12,5.71,0
47.52,45.1,53.06,345.46,9.92,0
39.69,31.35,86.53,374.36,9.98,0
59.8,51.39,40.46,131.69,10.02,0
54.27,-9.26,20.13,344.99,13.49,0
59.84,-5.8,34.71,402.71,0.91,0
84.05,1.53,22.84,402.91,1.39,0
11.09,44.34,25.31,39.74,6.15,0
15.66,34.53,44.49,293.62,0.03,0
13.08,15.94,56.17,159.56,6.53,0
62.51,20.59,89.19,274.46,0.13,0
42.95,7.76,2.97,60.25,0.08,0
31.78,21.55,61.63,152.84,8.18,0
0.18,34.68,55.4,336.61,13.21,0
20.72,47.63,49.96,213.01,6.91,0
47.88,45.91,6.67,323.88,7.44,0
61.15,1.9,97.01,427.5,1.21,0
43.58,33.82,79.0,95.46,4.21,0
14.86,-1.05,90.29,420.77,7.32,0
86.39,-2.9,88.71,56.45,8.08,0
0.56,43.5,54.1,456.76,7.15,0
92.23,21.83,74.91,120.69,13.78,0
8.2,39.87,44.25,369.58,5.38,0
5.98,40.62,53.59,482.51,1.2,0
23.49,14.51,28.62,88.23,12.84,0
46.74,5.28,93.92,207.08,10.16,0
15.7,27.5,85.97,114.67,11.22,0
50.33,45.47,63.31,41.62,9.72,0
41.76,8.69,46.02,313.78,9.45,0
53.28,17.77,92.13,51.81,13.39,0
29.6,32.51,72.34,188.81,11.97,0
60.74,20.53,66.45,42.95,10.25,0
43.67,23.08,85.47,269.8,8.58,0
31.48,54.73,43.34,466.18,11.12,0
1.25,38.71,43.66,469.0,13.88,0
3.9,42.96,87.82,329.65,13.5,0
95.27,59.84,63.26,12.29,9.58,0
97.05,50.13,20.92,324.31,9.1,0
11.17,41.78,47.76,415.74,3.3,0
34.81,57.43,27.65,303.18,2.72,0
59.89,11.62,99.03,61.73,13.96,0
75.53,51.45,5.64,2.5,1.69,0
95.25,31.18,43.75,37.27,0.27,0
48.91,36.27,9.11,272.06,2.59,0
57.07,-3.73,98.12,240.6,7.42,0
91.72,3.39,10.89,69.35,13.03,0
7.13,23.34,36.47,403.77,7.7,0
1.56,-7.68,13.35,8.37,8.75,1
50.3,10.86,68.13,142.56,10.07,0
76.51,24.84,9.85,181.14,2.17,0
28.99,32.13,6.12,419.93,2.51,0
32.69,57.67,42.23,157.39,12.82,0
62.54,8.93,82.87,435.84,9.45,0
2.95,37.82,17.28,107.36,2.62,0
14.86,27.7,34.51,275.96,7.61,0
80.96,53.41,80.54,172.03,13.63,0
19.71,37.59,97.38,148.38,1.45,0
0.98,55.15,51.57,436.37,2.17,0
26.39,45.49,60.09,195.15,12.86,0
95.24,57.09,47.32,80.87,3.91,0
73.13,37.88,13.3,109.07,13.43,0
88.61,24.91,28.83,156.61,4.52,0
5.62,25.51,31.04,225.96,0.8,0
77.72,17.91,14.9,293.81,10.82,0
19.56,48.14,97.67,426.36,4.42,0
4.33,41.83,92.49,87.94,11.0,0
12.34,-5.16,86.34,279.33,1.4,0
96.32,21.92,21.84,263.85,2.08,0
68.77,0.05,55.34,163.85,8.99,0
12.96,-3.29,35.87,158.93,0.25,0
81.44,59.86,70.52,298.09,9.56,0
56.39,38.24,51.59,355.0,1.31,0
92.96,55.04,17.65,454.35,10.92,0
10.26,20.1,74.13,162.9,5.75,0
87.63,35.93,90.13,419.75,5.65,0
38.76,56.97,97.58,156.33,7.73,0
52.6,41.13,22.61,138.38,0.1,0
21.85,-0.74,40.98,273.93,0.47,0
64.51,16.36,47.18,329.49,8.06,0
51.85,56.45,59.76,173.85,8.79,0
33.08,-3.38,72.11,437.93,3.77,0
47.93,9.2,44.94,68.77,5.28,0
78.72,52.09,89.19,101.0,2.99,0
74.43,-3.82,58.81,458.17,5.06,0
7.68,31.67,15.31,444.72,1.96,0
16.42,-0.17,71.69,360.78,1.5,0
94.33,36.92,84.79,332.29,0.7,0
62.26,21.62,70.06,353.27,2.66,0
75.84,-3.12,48.97,242.58,8.42,0
74.36,-6.89,38.03,390.59,11.94,0
40.89,13.25,76.89,118.86,8.17,0
53.28,-5.27,60.88,179.44,8.07,0
47.68,11.37,90.67,119.31,4.41,0
47.69,22.66,15.21,304.66,2.28,0
79.23,49.98,95.33,445.27,1.52,0
40.15,40.63,2.97,195.38,2.62,0
65.96,-5.1,5.75,259.27,2.41,0
19.97,37.43,19.7,215.49,11.41,0
16.84,0.04,46.68,308.95,13.29,0
2.28,0.45,57.72,389.61,10.22,0
25.16,8.77,27.13,144.47,7.19,0
35.69,16.59,62.46,445.13,4.55,0
96.04,49.02,2.01,409.5,5.34,0
28.68,27.75,22.58,198.5,6.68,0
63.07,39.71,40.14,123.89,8.5,0
74.08,49.55,44.6,406.22,6.46,0
30.47,-7.24,86.44,183.09,6.39,0
91.7,31.27,96.72,366.75,9.51,0
65.69,15.6,94.96,53.72,4.0,0
64.2,39.18,38.33,146.07,6.44,0
93.89,42.85,19.91,254.56,7.0,0
47.56,1.45,11.45,91.16,1.03,0
49.02,-8.19,98.83,218.59,0.08,0
75.46,32.09,49.26,88.27,7.1,0
55.85,40.08,78.14,467.88,5.12,0
31.3,-1.77,40.93,106.43,3.19,0
79.95,52.16,35.36,484.81,3.93,0
71.83,32.04,34.97,38.74,6.21,0
98.02,47.29,95.46,402.31,4.07,0
56.07,48.62,37.58,259.48,12.95,0
62.23,-8.11,39.4,282.2,0.38,0
2.92,32.99,19.73,296.1,5.44,0
36.09,30.59,32.72,205.92,0.58,0
11.05,26.62,6.67,417.6,1.82,0
96.22,19.68,50.87,365.4,6.72,0
26.37,48.95,74.19,410.59,0.94,0
20.46,42.75,37.76,345.65,4.19,0
14.56,12.49,59.82,272.61,6.59,0
63.38,16.39,70.97,11.51,1.97,0
83.92,46.5,22.3,390.26,10.87,0
37.13,52.56,8.3,159.17,6.22,0
83.55,26.17,37.63,453.62,7.23,0
6.29,54.93,36.75,324.54,9.22,0
51.08,19.28,13.79,191.85,2.6,0
65.67,-7.59,84.14,355.94,13.17,0
51.17,18.77,52.51,430.62,13.43,0
55.45,45.57,98.51,390.12,4.8,0
7.96,57.02,34.98,230.28,12.17,0
78.66,33.61,52.26,209.8,5.8,0
80.99,59.17,5.17,311.35,11.78,0
33.17,51.98,49.49,198.86,7.06,0
8.51,12.44,10.2,444.07,1.03,0
82.54,51.16,73.85,261.99,2.5,0
29.1,57.12,86.34,68.59,5.22,0
73.34,14.78,60.09,75.89,12.04,0
96.27,37.44,63.21,91.44,1.25,0
30.74,8.02,7.3,448.34,8.57,0
64.27,-1.79,35.32,402.55,11.78,0
60.59,-1.15,7.18,495.66,7.66,0
26.76,18.96,79.62,269.23,12.76,0
70.22,55.8,96.75,121.69,9.34,0
96.1,7.14,69.44,368.86,10.14,0
76.21,43.27,9.56,327.89,4.03,0
53.14,13.33,13.2,268.3,0.41,0
91.8,-7.26,64.48,34.73,1.33,0
85.79,27.87,51.94,93.59,10.29,0
6.14,23.12,16.91,25.81,13.87,0
48.95,59.46,79.57,443.73,1.4,0
87.34,44.7,63.97,377.93,8.58,0
73.27,46.73,70.04,26.28,12.12,0
92.58,18.29,54.43,16.49,13.51,0
5.36,25.24,22.86,309.28,2.19,0
93.52,-9.95,17.27,409.38,9.48,0
11.54,0.21,22.19,330.33,10.16,0
31.13,32.01,45.45,26.06,6.66,0
25.21,45.52,58.54,23.5,6.48,0
47.27,6.47,87.49,419.95,5.99,0
23.38,20.83,54.91,28.48,10.79,0
99.2,1.37,63.53,296.15,8.42,0
85.14,9.45,13.25,140.49,12.01,0
44.27,16.52,16.26,404.54,8.24,0
84.0,0.8,99.75,335.03,1.88,0
23.13,50.66,20.5,206.18,13.94,0
92.11,4.85,70.05,160.21,6.43,0
19.28,-3.21,86.11,149.89,9.16,0
44.46,18.68,46.06,251.58,1.55,0
19.56,47.63,24.56,449.38,8.88,0
62.06,57.04,8.6,197.65,11.35,0
6.56,4.37,69.25,16.99,13.15,1
66.64,-8.61,80.08,341.12,4.99,0
27.4,4.19,26.43,328.03,6.6,0
63.77,23.9,65.69,90.03,4.2,0
46.43,49.07,64.14,203.05,10.41,0
5.49,58.29,87.03,195.46,3.06,0
57.67,2.68,95.21,389.73,9.9,0
80.78,12.47,83.52,130.29,10.06,0
19.36,20.56,5.79,116.02,8.24,0
59.1,4.53,14.05,381.2,3.91,0
13.87,36.02,42.33,73.13,7.26,0
74.29,-1.15,3.41,215.71,9.66,0
16.93,50.54,48.98,124.98,1.98,0
97.78,19.75,93.34,257.95,1.73,0
75.67,28.53,51.0,183.42,3.87,0
40.55,24.01,47.89,433.39,7.13,0
64.86,8.66,2.47,411.48,8.68,0
56.36,-8.7,71.95,330.87,3.97,0
91.98,5.01,16.02,93.11,12.19,0
63.2,58.29,20.22,63.61,9.69,0
64.27,22.14,11.29,461.57,12.03,0
38.87,51.25,98.92,90.22,4.87,0
5.99,20.77,48.43,102.01,8.49,0
18.34,33.84,35.74,223.9,1.78,0
50.06,23.84,30.13,72.79,3.29,0
46.63,0.52,96.67,311.9,9.3,0
82.26,54.36,43.95,127.11,6.12,0
81.56,-3.22,78.71,83.03,5.14,0
22.5,41.87,68.09,7.0,6.75,1
39.19,47.18,94.37,283.29,13.77,0
42.42,7.28,31.74,68.86,6.77,0
2.99,2.59,32.27,395.45,5.01,0
82.99,45.6,9.08,386.7,3.61,0
60.5,26.38,32.05,249.84,1.19,0
28.37,39.81,79.51,423.41,3.43,0
14.74,-0.67,70.15,5.6,0.84,1
29.7,42.55,49.85,459.28,10.65,0
97.84,47.75,75.96,146.57,11.01,0
58.63,26.01,15.5,443.36,9.67,0
61.08,-1.75,64.49,87.27,11.86,0
24.85,7.09,38.55,133.82,8.54,0
19.38,13.37,13.24,74.58,2.6,0
45.91,33.55,18.67,249.79,11.82,0
30.79,50.88,2.97,232.1,4.09,0
83.61,13.03,30.46,343.15,11.15,0
90.45,18.41,45.76,188.0,2.19,0
21.24,10.78,65.98,302.32,7.35,0
65.66,53.44,87.33,166.68,8.16,0
83.09,26.37,52.62,165.22,12.1,0
33.31,33.31,30.61,488.37,10.62,0
21.68,14.38,40.33,265.51,5.48,0
20.67,-1.76,31.22,470.9,10.33,0
13.23,50.32,83.43,286.93,3.91,0
55.13,25.65,24.69,234.14,7.81,0
98.89,54.2,37.17,72.2,5.07,0
23.38,-8.25,88.42,280.7,12.81,0
62.33,30.45,75.86,236.99,10.3,0
60.35,20.27,24.19,94.83,11.44,0
50.54,24.65,68.47,207.82,11.76,0
54.05,0.61,32.17,304.04,4.73,0
19.83,2.93,83.51,91.77,12.84,0
14.27,42.41,93.0,198.99,4.31,0
60.23,57.58,25.2,98.2,1.56,0
97.27,12.44,43.72,396.87,1.89,0
51.28,52.44,61.14,255.26,7.46,0
16.12,42.44,94.8,211.56,10.6,0
95.56,18.91,94.04,495.64,8.35,0
72.12,21.51,58.1,409.39,5.75,0
55.7,-8.21,80.53,338.44,9.35,0
87.52,19.56,2.09,344.09,2.35,0
61.97,19.93,51.17,447.02,12.03,0
93.39,0.79,49.59,496.79,10.79,0
66.15,-9.91,81.49,257.81,4.42,0
60.96,41.81,94.76,103.89,2.95,0
11.64,33.95,60.76,211.78,2.65,0
77.42,30.06,34.65,371.27,11.86,0
85.32,33.03,59.36,458.97,0.04,0
31.16,45.55,23.21,68.45,5.74,0
70.35,17.33,55.94,385.68,8.92,0
73.95,50.54,74.24,280.64,3.33,0
43.65,9.23,75.29,72.93,3.2,0
30.84,26.55,27.01,470.61,12.27,0
57.14,43.4,22.64,464.05,9.06,0
71.03,24.51,19.56,275.22,7.44,0
3.74,-4.07,70.38,38.73,2.11,0
87.88,-2.33,74.05,178.19,9.38,0
99.51,43.51,9.32,217.27,3.13,0
10.96,33.92,79.21,211.08,0.89,0
7.0,36.5,33.02,156.96,11.87,0
81.93,57.53,10.81,12.84,4.37,0
27.17,14.88,45.03,423.72,13.22,0
90.08,0.64,41.52,266.15,8.66,0
68.69,37.85,4.62,45.25,0.18,0
79.37,25.61,12.14,100.49,1.94,0
62.16,6.11,92.35,353.14,8.87,0
42.07,11.98,20.25,262.42,13.84,0
44.74,49.61,73.67,406.12,3.48,0
22.44,47.04,89.12,456.72,10.55,0
90.1,59.76,58.76,11.98,13.94,0
61.56,48.68,60.66,186.48,9.85,0
69.69,24.31,6.21,453.34,13.93,0
70.77,47.46,14.86,213.19,9.03,0
17.86,57.38,26.55,54.2,6.08,0
41.09,16.81,48.56,304.48,0.52,0
1.06,16.87,79.52,439.97,8.67,0
1.5,7.07,22.53,288.7,0.95,0
34.01,13.31,12.61,203.94,9.88,0
29.89,39.1,86.07,355.94,13.1,0
72.42,-8.65,84.93,261.61,4.23,0
81.06,14.91,63.8,85.25,10.95,0
52.51,11.24,22.03,354.13,7.73,0
99.47,31.43,83.02,471.6,6.01,0
71.88,4.4,40.81,344.89,9.51,0
19.42,25.17,6.4,216.09,8.32,0
17.72,37.71,31.84,14.58,3.2,1
82.79,52.61,3.2,31.83,6.03,0
69.09,0.69,95.23,459.82,7.12,0
94.71,20.28,85.61,9.58,1.37,0
79.25,-9.33,3.37,161.79,11.5,0
65.36,18.17,15.54,448.96,7.43,0
71.98,11.02,30.93,204.2,5.63,0
33.56,37.45,9.59,482.53,9.46,0
11.09,41.98,88.06,2.72,6.28,1
17.99,32.66,70.86,489.63,0.02,0
50.07,40.77,49.15,462.85,13.16,0
6.94,7.2,52.86,278.43,2.01,0
22.69,10.0,77.96,363.48,13.68,0
69.88,24.77,49.93,37.19,2.04,0
52.61,16.79,19.77,82.48,5.51,0
25.25,51.4,85.34,453.41,13.65,0
95.52,14.37,61.75,201.89,0.63,0
70.84,3.2,20.16,325.28,3.26,0
73.67,54.6,11.88,67.68,12.75,0
19.31,-8.34,9.19,469.25,9.19,0
88.89,39.41,19.69,166.26,10.28,0
61.91,10.66,17.09,285.71,9.37,0
67.54,50.8,47.32,379.31,7.09,0
30.96,44.48,8.22,436.72,11.51,0
39.37,51.03,26.38,167.39,6.22,0
59.69,56.09,76.28,65.37,11.87,0
8.02,0.06,68.74,331.22,10.17,0
76.32,39.02,81.53,406.84,13.05,0
93.99,26.5,85.91,428.52,12.07,0
78.98,34.29,75.69,5.94,6.95,0
9.1,30.7,79.66,63.39,0.75,0
46.62,0.27,89.93,27.53,6.85,0
61.81,41.36,10.3,209.68,1.46,0
77.57,43.6,3.51,152.53,2.92,0
44.11,30.87,73.11,304.6,12.56,0
47.33,7.92,87.67,325.15,1.97,0
24.28,47.87,41.2,250.04,2.94,0
80.2,49.29,11.25,231.02,4.05,0
66.85,23.14,16.81,391.68,13.85,0
80.16,11.89,73.85,47.5,10.61,0
70.82,-8.89,37.29,66.58,5.66,0
61.7,8.92,65.07,404.37,0.62,0
32.01,3.8,80.27,249.33,13.86,0
20.82,15.48,50.49,443.26,11.92,0
96.67,15.04,11.58,58.01,7.31,0
14.6,35.03,62.85,276.8,11.68,0
51.09,44.29,66.98,226.79,12.6,0
46.81,-3.27,55.73,117.8,4.6,0
15.07,24.55,34.19,155.79,11.19,0
85.78,52.99,29.3,487.98,9.69,0
62.77,21.36,67.11,276.09,11.34,0
90.82,26.48,72.64,350.18,3.12,0
30.85,12.33,22.07,390.63,11.27,0
41.66,28.2,7.52,263.75,9.74,0
49.96,40.4,72.0,228.94,5.47,0
98.63,7.28,53.83,64.38,13.73,0
42.54,-1.53,45.88,159.74,8.18,0
33.05,19.0,55.72,314.82,13.86,0
72.99,29.21,95.07,284.77,4.31,0
27.97,21.78,5.41,143.04,7.84,0
36.53,29.15,10.13,436.36,11.55,0
80.21,54.85,76.3,116.28,10.63,0
67.01,1.74,81.02,108.31,1.48,0
57.58,19.74,62.32,31.7,4.2,0
60.83,9.67,7.43,332.37,0.38,0
24.21,21.08,12.7,470.86,9.56,0
8.45,35.05,38.97,235.68,13.32,0
52.34,27.4,52.96,85.89,3.23,0
5.3,-0.14,77.39,114.85,3.36,0
28.19,58.02,25.54,364.42,3.92,0
85.64,51.18,77.82,469.95,4.22,0
33.47,47.08,85.95,487.11,1.91,0
50.4,-8.1,37.45,99.52,0.06,0
5.47,23.22,51.89,134.38,5.6,0
0.97,-5.39,16.65,371.74,6.88,0
82.09,13.47,40.69,397.86,5.63,0
72.6,30.3,67.83,494.24,2.07,0
14.76,33.81,55.53,296.92,10.62,0
3.42,51.04,91.36,23.25,5.28,0
20.62,57.41,47.05,467.15,6.34,0
20.08,33.34,13.45,148.94,6.49,0
31.03,13.77,33.31,84.07,7.15,0
63.75,-0.25,46.63,480.77,11.74,0
33.06,-9.81,67.16,453.44,11.69,0
61.6,9.79,31.42,329.08,10.93,0
54.7,38.16,25.42,8.43,8.18,0
60.52,15.84,8.32,352.73,7.69,0
30.48,-7.12,53.99,74.79,7.03,0
81.45,-3.5,17.51,456.64,10.14,0
89.51,7.5,98.12,237.83,7.81,0
14.33,36.21,22.1,150.25,0.85,0
8.88,2.53,48.92,22.46,11.26,0
27.14,23.36,35.0,429.55,11.29,0
59.51,25.33,22.21,144.89,5.52,0
87.52,-1.0,41.33,1.36,11.87,0
94.82,1.72,95.63,268.99,0.1,0
56.21,-2.88,46.05,358.98,2.63,0
28.91,-4.58,86.64,422.18,12.46,0
71.66,25.81,64.96,214.29,1.74,0
13.22,23.99,88.61,331.51,1.78,0
29.58,11.09,77.39,249.45,12.73,0
20.33,-0.53,70.54,291.48,4.33,0
20.23,47.07,80.89,120.44,1.1,0
84.57,20.52,78.62,398.25,10.27,0
23.62,29.24,44.75,84.78,9.17,0
72.78,36.34,94.04,350.35,1.12,0
34.63,31.64,61.88,364.5,5.22,0
98.11,27.54,93.92,57.67,13.59,0
33.13,6.96,53.93,453.32,9.31,0
49.02,37.62,28.65,189.89,13.24,0
10.16,54.21,64.22,345.49,4.5,0
52.63,-2.65,85.8,267.89,6.8,0
43.25,33.78,77.91,456.81,6.9,0
99.67,-9.77,47.95,3.06,7.82,0
79.26,34.45,99.41,348.64,4.57,0
37.75,25.52,34.94,306.04,12.25,0
13.89,15.43,48.66,404.36,13.08,0
24.96,-2.06,73.57,249.52,5.42,0
39.27,18.21,0.6,403.74,12.25,0
27.03,58.16,29.86,149.28,7.82,0
58.74,49.39,44.61,229.85,3.55,0
98.82,7.89,42.41,433.46,10.43,0
55.68,-9.07,25.51,398.12,5.7,0
22.16,5.17,13.1,271.9,10.01,0
91.53,55.47,44.37,461.54,6.58,0
47.43,30.44,74.22,478.5,4.58,0
85.93,16.6,31.67,359.36,10.63,0
44.86,-9.63,7.92,127.96,11.69,0
64.91,38.01,75.49,408.95,8.23,0
17.59,38.2,65.25,148.77,6.46,0
10.69,20.26,60.93,423.51,6.77,0
17.74,37.79,18.7,86.9,7.19,0
25.19,30.98,90.2,374.67,10.67,0
13.46,6.84,3.83,372.91,7.41,0
41.11,59.86,76.23,201.11,0.05,0
36.9,46.12,66.8,132.09,8.76,0
30.93,50.64,58.87,416.03,11.06,0
66.76,19.4,44.54,438.63,4.29,0
55.97,51.39,41.95,255.37,11.68,0
27.13,-4.55,37.28,251.02,12.63,0
43.47,-8.16,59.92,1.4,3.66,0
54.43,35.42,31.0,134.23,4.15,0
92.64,12.69,90.93,322.86,10.94,0
55.8,26.4,63.53,59.16,7.41,0
95.16,-6.08,77.57,35.69,6.58,0
45.61,16.23,6.85,286.29,9.63,0
92.45,21.37,91.16,156.09,2.29,0
81.55,49.13,85.66,166.88,8.63,0
72.78,31.75,33.78,443.99,13.94,0
49.36,3.72,10.24,441.18,1.68,0
31.33,53.13,20.3,75.3,2.98,0
85.35,16.68,9.87,245.7,2.18,0
69.11,19.51,12.05,418.79,1.08,0
78.68,7.17,70.56,443.83,6.22,0
94.12,58.4,99.77,440.83,12.3,0
84.11,23.3,67.91,89.65,13.98,0
55.39,10.34,85.54,94.39,0.97,0
54.36,20.84,55.04,404.9,10.72,0
45.87,36.57,88.28,83.4,2.53,0
9.58,42.64,23.31,299.79,9.24,0
89.67,26.32,16.48,487.24,5.27,0
89.03,0.75,16.56,404.29,10.39,0
95.57,55.99,61.61,84.71,13.61,0
0.15,25.92,77.61,36.8,5.55,0
28.26,3.9,87.59,475.42,12.0,0
85.52,30.17,10.95,33.2,11.69,0
97.23,22.45,89.91,226.09,1.99,0
86.78,28.06,73.66,247.91,2.32,0
38.66,37.97,52.39,436.61,7.54,0
41.44,34.99,3.49,56.5,10.5,0
79.05,59.15,35.59,368.88,7.74,0
31.13,7.58,6.67,212.96,10.83,0
57.13,7.54,44.59,448.26,2.08,0
20.27,44.6,58.47,77.71,2.3,0
64.43,43.7,5.59,165.3,4.76,0
40.82,14.64,41.39,173.19,7.11,0
8.26,38.02,10.14,431.23,11.25,0
62.83,-9.37,44.43,148.93,1.91,0
65.25,3.11,50.13,240.09,4.82,0
55.9,-5.97,34.76,433.79,2.07,0
87.41,44.09,36.97,112.7,11.79,0
14.66,0.39,46.5,372.32,5.15,0
9.61,32.45,68.9,16.02,11.93,1
36.94,8.14,50.12,379.61,13.48,0
68.21,34.86,78.16,36.32,0.43,0
42.24,-4.04,57.13,413.3,5.4,0
54.51,5.23,80.84,417.25,1.09,0
18.66,14.34,73.24,137.66,11.64,0
64.86,41.24,42.26,147.0,5.64,0
17.49,8.84,46.35,366.41,0.11,0
83.51,17.72,19.17,18.82,10.62,0
5.09,5.2,55.17,78.36,5.38,0
90.95,14.06,96.47,315.82,5.21,0
37.67,14.75,32.61,416.69,1.12,0
0.37,14.32,71.78,36.83,11.59,0
76.69,1.75,60.72,373.96,1.6,0
57.37,8.71,59.5,322.84,2.92,0
80.15,13.99,24.7,245.93,9.23,0
18.5,50.36,18.89,245.26,10.21,0
44.9,24.49,80.72,66.99,8.29,0
58.07,51.54,89.62,143.4,12.87,0
12.15,22.13,8.35,18.88,11.15,1
22.23,29.4,74.14,378.12,4.55,0
79.9,16.2,47.29,380.36,6.12,0
41.17,9.83,12.62,152.14,7.01,0
96.51,55.22,14.36,242.93,0.52,0
28.57,41.57,17.29,100.14,10.82,0
65.93,54.02,44.19,480.47,10.02,0
98.9,56.57,94.28,433.3,7.67,0
21.69,-7.11,6.23,106.06,7.82,0
80.61,-8.98,27.24,476.45,12.99,0
92.42,36.43,87.83,117.81,1.02,0
69.8,-3.37,74.51,158.18,6.34,0
20.53,56.55,59.19,75.52,5.07,0
20.68,-0.3,54.14,400.05,12.08,0
53.48,20.86,87.47,327.48,4.88,0
24.29,30.63,28.93,35.82,8.1,0
82.74,50.41,14.96,431.41,7.16,0
9.42,28.92,4.45,25.17,13.89,0
31.11,25.48,13.56,425.65,12.31,0
25.05,13.42,6.69,489.63,6.36,0
39.87,11.1,74.62,376.21,7.46,0
33.23,43.94,39.44,264.04,13.74,0
26.24,51.68,47.58,316.92,2.83,0
85.57,-8.48,82.19,344.86,3.86,0
61.78,45.26,58.77,273.28,1.0,0
96.91,11.18,54.27,246.32,6.04,0
0.45,31.35,68.11,140.89,6.82,0
8.8,33.01,63.35,201.7,13.51,0
24.0,42.2,48.53,406.5,9.04,0
91.13,22.66,17.04,29.68,0.73,0
7.81,44.77,29.82,58.96,3.23,0
46.03,22.66,66.02,26.75,8.48,0
30.7,37.58,25.49,175.97,8.65,0
68.58,38.49,42.25,456.45,7.07,0
75.26,28.06,87.24,413.41,9.59,0
20.51,53.77,11.16,64.48,2.43,0
54.97,21.05,85.47,136.31,7.93,0
86.41,46.82,30.76,153.62,5.87,0
7.2,23.39,30.94,411.91,13.87,0
69.21,-9.75,17.37,252.83,10.69,0
74.5,-0.61,85.21,335.68,12.22,0
99.47,54.19,69.13,481.28,6.09,0
85.06,35.69,56.0,423.63,11.66,0
69.81,21.58,76.93,297.88,4.09,0
89.43,53.38,51.01,469.72,13.42,0
8.46,-7.33,65.32,78.39,13.74,0
53.13,-3.56,38.29,8.44,6.07,0
23.21,16.51,13.13,65.27,8.9,0
64.08,31.03,31.09,440.23,12.97,0
54.18,31.49,87.26,164.85,9.16,0
69.92,41.09,0.63,455.35,13.61,0
76.87,-1.63,22.45,314.14,7.89,0
32.82,47.76,74.88,325.49,10.32,0
39.14,20.94,39.87,456.18,3.76,0
56.95,32.47,21.73,262.3,1.52,0
23.24,5.85,56.17,103.81,7.48,0
60.72,6.72,42.36,12.73,7.6,0
75.12,47.02,71.58,209.23,13.46,0
78.72,5.48,69.98,273.59,1.58,0
92.15,31.66,15.28,363.32,3.6,0
80.71,50.49,36.96,485.22,0.88,0
29.42,54.54,67.67,261.24,8.61,0
17.87,14.98,1.75,162.32,8.9,0
69.54,50.01,29.39,259.84,5.7,0
94.22,47.51,24.59,3.84,7.72,0
78.53,59.26,79.75,111.75,9.92,0
71.93,42.55,64.52,114.73,1.83,0
62.74,-9.06,96.64,478.81,1.49,0
27.53,29.29,30.88,220.02,13.68,0
28.16,52.37,17.52,252.65,10.5,0
86.82,39.57,45.97,262.09,10.63,0
20.27,31.61,97.88,206.2,0.45,0
29.57,51.13,30.7,218.08,13.78,0
88.25,13.64,73.54,256.1,8.81,0
62.7,1.44,90.11,15.01,11.42,0
81.46,52.12,29.39,285.05,1.15,0
46.57,48.22,6.15,344.13,0.53,0
78.74,9.46,43.37,411.26,3.85,0
38.04,11.9,61.15,371.23,8.31,0
15.9,2.85,35.04,377.49,7.47,0
47.23,39.2,26.39,141.82,13.71,0
76.12,34.15,5.01,301.03,6.77,0
89.33,11.24,12.96,455.04,9.78,0
1.4,53.73,52.09,357.49,5.61,0
38.26,20.21,68.75,107.56,6.65,0
28.98,56.08,98.07,286.86,2.06,0
95.0,18.13,50.91,295.03,0.89,0
78.02,57.45,6.35,313.91,13.63,0
20.17,37.81,41.27,285.06,12.35,0
96.11,29.8,54.96,47.83,13.71,0
79.23,10.19,96.95,249.46,9.6,0
60.57,9.74,1.67,448.6,12.23,0
0.74,37.65,18.61,118.87,10.49,0
49.71,41.9,91.93,121.82,11.53,0
3.07,16.35,99.48,128.64,5.34,0
76.59,24.24,83.22,436.59,2.47,0
31.91,22.33,4.7,313.6,12.63,0
44.89,7.05,91.4,395.38,4.07,0
92.35,32.36,66.1,286.99,6.57,0
57.46,37.64,69.88,489.52,7.72,0
64.46,39.09,79.15,62.91,3.26,0
22.77,3.95,8.77,359.5,7.21,0
12.82,11.38,26.45,262.25,12.97,0
75.38,56.78,30.19,361.44,0.16,0
96.15,38.54,39.68,288.62,2.65,0
74.99,23.89,90.78,318.52,12.5,0
25.31,57.53,54.31,102.3,10.54,0
74.89,31.05,2.34,361.39,7.08,0
69.56,18.6,5.36,414.17,12.72,0
69.51,18.92,9.6,495.44,2.65,0
36.18,1.34,23.08,247.43,0.84,0
35.22,31.97,16.87,114.32,3.94,0
54.06,11.54,53.39,417.13,6.29,0
78.85,-8.74,50.79,198.95,1.75,0
87.16,57.28,81.3,16.96,9.67,0
66.05,5.09,44.91,86.07,11.71,0
1.22,12.33,57.47,192.0,6.37,0
49.18,38.5,89.25,139.74,13.2,0
64.04,6.54,55.07,118.23,2.33,0
22.13,5.66,16.67,483.16,10.44,0
90.83,29.89,53.79,453.93,2.08,0
10.7,27.1,54.33,202.03,6.15,0
41.32,55.77,78.31,227.46,11.95,0
9.59,14.86,70.73,439.53,7.0,0
49.23,-5.14,73.83,438.14,9.96,0
59.01,-3.29,8.21,72.54,11.34,0
51.68,17.85,73.5,420.15,13.72,0
62.13,28.21,11.78,139.65,10.76,0
38.83,33.99,67.3,384.03,4.7,0
78.94,30.46,11.78,3.6,9.16,0
28.18,9.04,6.39,202.83,12.51,0
95.99,57.92,30.93,382.91,11.22,0
3.12,-6.5,1.12,137.12,0.0,0
75.65,11.64,55.17,319.19,0.45,0
98.42,57.55,58.03,77.62,6.56,0
64.66,55.78,74.69,76.88,6.43,0
57.39,34.52,45.65,74.75,1.98,0
70.07,41.47,31.81,135.98,1.05,0
9.37,48.98,84.21,190.12,1.19,0
75.18,19.18,71.36,381.86,10.52,0
75.74,9.99,60.67,267.93,5.79,0
96.67,5.06,35.29,25.27,6.93,0
28.69,48.08,69.61,69.4,9.88,0
72.99,-0.54,95.96,26.49,1.12,0
86.52,27.6,48.08,395.07,10.68,0
27.96,57.16,5.28,141.14,3.35,0
9.95,57.26,78.49,35.72,8.16,0
63.81,38.81,38.12,425.91,8.96,0
14.13,15.07,44.15,13.66,2.85,1
3.14,49.71,25.22,93.28,6.97,0
24.44,12.25,58.71,178.83,11.74,0
36.7,35.4,25.83,477.64,8.15,0
78.95,36.54,47.36,192.86,8.72,0
26.37,4.07,33.88,119.71,1.88,0
30.1,12.17,30.89,359.2,0.78,0
90.24,54.89,21.65,275.6,10.91,0
49.55,15.58,25.56,445.29,11.02,0
9.66,47.01,2.35,15.55,1.7,1
93.79,34.87,94.31,25.93,13.14,0
1.84,36.87,49.01,258.54,9.97,0
83.82,37.63,62.31,211.17,12.8,0
8.66,25.29,78.52,280.89,4.58,0
43.28,-7.09,92.53,417.09,8.59,0
56.73,32.47,3.15,487.96,13.91,0
85.5,-1.54,21.36,167.56,8.79,0
36.48,4.95,9.55,440.11,9.0,0
41.46,25.63,56.05,391.16,4.99,0
61.8,-7.95,4.78,5.2,1.47,0
49.82,42.19,58.44,154.54,3.92,0
48.44,32.2,80.95,104.55,5.48,0
86.2,-8.43,22.82,63.24,3.94,0
70.91,49.43,94.55,155.94,8.54,0
47.93,11.45,54.99,388.99,0.75,0
99.59,30.3,32.6,424.43,11.22,0
78.1,32.88,22.98,222.07,5.93,0
99.85,3.64,84.0,110.93,0.23,0
9.95,0.24,84.17,188.29,10.05,0
7.24,-1.44,11.79,29.98,2.25,0
93.55,29.97,47.27,392.31,11.3,0
61.86,17.42,71.58,243.66,10.1,0
77.81,46.59,41.84,46.45,2.06,0
44.02,-3.55,11.77,315.17,1.53,0
98.36,58.86,77.89,232.47,1.1,0
87.83,19.99,50.65,349.36,10.64,0
15.45,24.52,59.78,7.19,2.24,1
63.27,33.33,96.38,212.77,0.21,0
23.61,24.0,48.33,189.82,6.81,0
25.14,-1.55,19.26,59.78,7.5,0
68.03,52.28,34.35,459.15,13.76,0
0.84,40.76,28.44,162.68,4.46,0
0.03,50.38,16.74,169.37,11.96,0
18.8,9.45,16.42,153.57,12.18,0
24.61,8.44,40.76,34.47,8.38,0
6.63,-4.06,89.17,72.78,8.98,0
9.41,1.94,51.59,113.57,6.94,0
84.7,16.49,65.78,299.62,12.44,0
4.98,56.88,35.1,252.16,2.57,0
16.85,49.76,64.5,299.55,11.34,0
12.59,36.22,63.74,327.37,9.94,0
97.11,47.55,14.03,468.6,0.25,0
16.62,32.56,30.94,32.44,11.19,0
64.33,53.88,71.54,51.64,1.02,0
18.44,10.6,35.38,232.85,13.48,0
0.97,46.73,83.43,169.91,5.87,0
40.64,7.03,99.32,100.06,1.32,0
25.49,-4.28,50.34,56.97,9.26,0
83.42,23.08,65.38,446.34,5.84,0
8.94,0.35,44.23,211.06,8.87,0
77.09,53.69,69.86,83.45,6.74,0
20.72,5.12,86.97,164.28,2.07,0
41.71,8.2,71.6,60.49,10.87,0
82.63,51.23,53.94,438.32,11.87,0
65.92,44.77,81.03,304.0,1.74,0
89.0,-9.94,10.83,165.9,5.48,0
38.81,10.36,71.29,122.53,9.35,0
17.35,9.0,9.01,413.08,9.23,0
80.08,19.57,88.22,63.89,3.81,0
92.75,49.03,2.3,44.09,1.37,0
76.25,27.76,77.86,265.18,0.01,0
1.99,-5.37,99.36,211.56,2.23,0
57.21,34.37,89.9,365.5,5.36,0
11.1,-0.6,74.98,162.27,10.85,0
97.23,13.67,41.26,375.43,6.89,0
61.08,5.52,18.32,234.14,4.15,0
7.63,43.53,47.84,108.37,4.49,0
32.01,30.38,49.39,374.88,11.07,0
28.94,53.09,20.32,166.69,6.84,0
58.17,50.28,11.15,443.26,10.88,0
45.57,12.15,38.7,7.71,6.03,0
16.01,54.53,88.68,382.71,8.34,0
49.2,-4.07,51.43,76.86,1.73,0
60.63,26.09,32.8,306.53,2.28,0
43.9,53.15,58.45,169.16,3.75,0
42.72,29.96,79.28,188.5,7.92,0
66.2,32.02,19.97,12.87,2.39,0
55.14,56.26,27.05,20.87,0.5,0
30.63,22.68,18.62,10.87,11.33,1
84.79,35.76,85.82,379.79,1.31,0
59.51,12.13,3.6,78.52,3.86,0
9.16,-6.57,97.61,22.78,2.62,0
42.88,11.06,9.97,389.3,3.91,0
32.65,19.64,16.85,290.56,13.54,0
19.43,-9.83,1.66,45.05,2.89,0
65.98,29.6,68.24,282.57,0.92,0
28.06,37.13,20.21,62.33,1.15,0
8.37,38.06,29.24,414.73,2.08,0
58.49,38.17,38.53,379.12,3.94,0
44.58,51.92,18.41,234.16,6.45,0
9.27,57.97,34.76,472.03,0.3,0
50.67,9.98,42.65,412.23,10.3,0
98.06,43.73,14.15,478.35,0.42,0
33.77,-7.68,1.15,13.66,9.31,1
15.77,29.51,96.99,144.49,9.21,0
7.24,10.6,94.7,401.47,13.39,0
26.32,54.3,52.33,196.69,9.51,0
82.08,31.21,6.6,221.68,1.6,0
91.93,26.36,16.51,375.5,6.0,0
74.29,18.33,29.21,139.05,10.19,0
36.25,44.18,45.87,111.75,12.26,0
13.66,-7.38,99.12,116.05,13.68,0
83.12,59.57,95.77,180.56,4.64,0
48.85,54.08,38.8,380.21,13.52,0
25.91,8.02,67.84,428.75,4.95,0
8.46,5.6,54.2,185.49,12.39,0
70.39,46.37,5.92,384.07,10.7,0
33.15,41.81,20.53,92.12,13.86,0
40.83,34.18,18.51,44.09,0.79,0
89.13,49.6,71.18,463.66,8.93,0
81.34,30.66,13.08,324.02,10.67,0
42.01,21.42,0.52,97.3,1.15,0
39.11,39.15,64.28,246.61,0.12,0
41.73,59.58,30.93,20.55,7.28,0
51.63,49.74,94.99,172.67,6.39,0
3.36,27.18,47.93,399.01,11.5,0
11.22,41.51,47.63,124.83,3.25,0
54.23,52.58,74.02,221.27,8.31,0
44.34,9.29,19.87,252.73,2.42,0
45.96,43.66,64.78,88.31,0.55,0
24.91,29.34,38.37,310.11,1.87,0
47.52,-9.33,82.72,217.4,4.42,0
74.92,19.06,10.55,319.31,5.01,0
85.12,45.64,26.33,73.99,7.82,0
67.43,17.8,72.44,261.36,8.08,0
28.43,16.36,29.54,126.26,10.99,0
38.96,31.66,86.46,375.77,9.87,0
58.4,4.61,30.93,16.58,6.11,0
97.59,30.32,13.73,418.21,11.1,0
83.81,31.06,75.65,203.64,2.39,0
71.61,34.97,46.7,274.55,13.83,0
43.53,18.06,57.24,296.54,12.93,0
41.2,6.44,29.09,253.74,12.46,0
75.81,32.69,24.22,231.42,12.56,0
29.92,-5.15,37.0,339.48,1.35,0
20.55,22.53,63.39,478.41,1.82,0
96.17,-1.88,94.07,70.84,4.37,0
59.46,1.96,23.99,74.33,9.68,0
22.42,38.04,15.51,247.66,8.81,0
57.76,14.32,97.41,426.28,8.87,0
14.27,56.18,83.01,84.98,0.05,0
85.84,8.53,34.62,483.9,6.93,0
18.47,-6.2,95.89,215.87,4.69,0
73.91,15.67,52.45,86.31,7.56,0
13.64,17.46,64.16,111.42,6.84,0
51.14,57.57,43.1,219.77,11.79,0
98.42,6.56,14.94,480.07,11.04,0
43.42,45.26,48.0,440.93,3.61,0
58.94,23.02,32.84,225.78,13.75,0
26.35,44.51,18.97,426.23,11.4,0
3.46,5.76,89.88,174.25,2.69,0
20.71,12.01,41.08,354.68,1.76,0
7.67,36.4,20.14,239.69,6.53,0
93.25,31.88,35.25,293.88,8.67,0
11.54,47.0,50.87,57.03,4.87,0
98.44,30.66,70.33,35.3,11.07,0
4.4,50.4,24.46,235.88,5.36,0
16.42,42.66,0.1,333.86,7.19,0
52.23,36.0,69.26,313.0,10.75,0
44.59,-5.23,1.92,287.13,1.65,0
91.89,4.5,29.1,99.92,0.74,0
12.89,7.9,7.51,122.65,4.57,0
81.02,31.37,75.73,170.47,11.61,0
92.64,41.17,0.84,373.03,8.8,0
73.42,-1.48,22.1,12.01,6.21,0
42.92,36.81,2.61,392.4,5.51,0
97.08,44.86,72.84,218.93,7.34,0
53.79,49.44,69.32,168.3,3.19,0
30.36,10.18,79.98,7.8,0.57,1
33.73,41.86,66.93,270.67,4.75,0
27.28,53.37,14.73,218.74,13.25,0
78.43,20.47,78.73,272.26,3.31,0
19.49,45.92,28.25,395.35,5.92,0
14.09,56.01,33.43,293.82,6.29,0
41.06,-9.28,12.84,431.36,10.93,0
6.26,2.71,44.52,152.86,4.57,0
15.71,56.97,98.12,326.75,11.04,0
2.55,14.22,93.01,15.22,5.96,1
8.57,21.42,60.21,291.04,4.43,0
79.98,46.95,47.41,14.82,10.82,0
14.48,5.27,74.84,367.66,0.13,0
21.76,16.02,64.91,115.57,9.53,0
43.59,22.43,72.02,77.08,5.72,0
42.26,44.72,49.71,454.64,10.77,0
48.76,8.0,78.85,191.77,8.63,0
74.74,3.04,99.14,81.72,12.04,0
2.39,17.22,49.16,272.17,4.47,0
40.55,24.75,91.42,319.92,5.16,0
86.81,40.47,96.84,300.21,4.92,0
9.1,24.28,34.24,258.5,8.84,0
4.7,9.97,29.38,392.92,0.41,0
13.84,32.26,21.79,264.51,10.11,0
0.37,14.88,98.77,466.96,9.08,0
35.23,34.56,62.09,338.88,10.09,0
11.94,2.68,36.13,400.65,0.76,0
19.75,47.21,43.02,76.22,1.24,0
39.83,47.34,51.54,91.96,2.21,0
99.74,-5.24,18.08,126.6,3.93,0
29.16,58.75,38.99,177.34,10.5,0
6.14,23.46,98.44,48.08,11.72,0
30.52,-1.85,69.18,316.87,10.43,0
4.92,31.59,65.13,150.57,1.9,0
82.01,-9.04,69.38,55.64,6.3,0
34.24,55.81,22.88,492.82,6.72,0
60.73,20.05,56.71,186.98,8.86,0
45.86,35.97,18.59,343.39,4.85,0
31.4,-5.52,17.98,382.99,3.87,0
50.37,6.05,57.57,0.05,9.75,0
93.55,16.19,55.06,67.17,1.18,0
88.48,-3.77,81.62,192.83,4.87,0
17.6,40.16,82.27,450.59,5.06,0
33.47,0.92,95.6,344.44,8.63,0
17.99,-0.82,57.59,114.28,1.4,0
42.15,56.74,35.99,301.22,2.75,0
18.46,18.1,22.66,492.82,8.86,0
93.66,37.22,26.28,485.15,2.78,0
20.3,54.04,50.51,215.55,2.67,0
11.45,5.34,73.03,231.45,0.62,0
51.04,-0.46,25.53,203.61,4.07,0
31.07,0.83,9.37,133.88,11.15,0
46.32,44.5,23.09,78.52,6.49,0
73.55,29.45,27.12,96.45,8.46,0
44.75,17.8,72.63,491.48,8.34,0
34.84,-2.73,91.62,330.87,13.06,0
49.99,20.37,78.44,282.93,12.01,0
14.8,20.91,59.95,283.68,11.03,0
40.88,-7.28,92.16,192.41,7.92,0
64.76,53.59,82.66,35.7,2.32,0
12.48,43.7,13.43,154.23,13.55,0
5.18,16.98,32.31,175.4,0.27,0
24.93,46.73,33.03,218.58,4.35,0
48.14,15.32,30.3,306.38,9.08,0
57.86,3.1,8.09,95.58,3.49,0
88.55,15.86,44.58,131.65,6.51,0
87.64,43.0,31.11,347.37,8.2,0
67.23,51.65,49.8,473.38,7.77,0
41.89,29.85,82.68,62.64,7.53,0
66.01,0.88,90.17,244.13,5.42,0
57.56,52.21,62.91,215.01,13.6,0
91.2,59.7,44.61,7.33,9.96,0
78.35,30.55,63.68,284.38,2.06,0
16.76,8.98,51.11,70.37,5.57,0
91.5,-4.48,69.02,254.83,8.39,0
10.26,9.82,57.04,455.24,3.78,0
15.18,4.51,11.81,343.39,9.81,0
60.37,33.06,91.7,144.52,2.81,0
10.23,8.84,71.52,363.55,3.26,0
51.97,50.27,54.53,363.55,3.96,0
59.75,6.19,11.21,324.63,2.61,0
0.2,40.94,12.08,494.42,1.67,0
59.73,8.25,31.32,292.51,13.29,0
22.58,35.35,21.6,6.21,3.41,1
33.78,30.46,56.61,242.67,4.81,0
63.03,44.91,37.05,236.31,8.2,0
2.75,26.61,35.36,40.31,3.79,0
79.55,36.53,88.7,47.92,0.22,0
11.99,52.32,24.62,297.26,8.67,0
91.26,-0.58,0.38,77.52,10.32,0
3.87,-8.13,91.15,396.26,7.75,0
34.67,9.88,54.86,205.83,12.48,0
98.99,28.83,18.48,258.58,13.18,0
82.14,31.6,84.89,466.08,9.27,0
69.46,14.03,60.79,343.22,1.43,0
87.5,26.45,62.73,146.58,13.57,0
51.55,7.31,43.73,192.41,0.38,0
57.47,19.39,74.59,173.61,4.78,0
99.67,26.53,95.64,284.63,11.02,0
59.24,4.81,32.1,273.56,5.01,0
46.91,54.39,95.01,57.98,12.3,0
98.66,-5.37,96.01,378.06,1.24,0
39.72,56.54,41.04,494.43,2.44,0
10.56,-1.6,24.11,382.27,8.68,0
64.8,3.91,59.03,342.58,11.39,0
9.72,52.11,13.57,226.82,9.39,0
54.67,23.33,29.0,333.77,13.43,0
56.21,-1.2,50.01,368.7,4.79,0
7.75,0.67,73.07,139.99,3.68,0
71.53,53.44,82.32,245.55,6.67,0
24.48,47.49,0.79,426.53,4.07,0
34.03,16.18,10.13,111.9,12.31,0
76.97,8.05,89.53,467.27,4.23,0
46.59,26.85,55.71,93.28,0.35,0
0.99,16.4,96.88,189.32,1.47,0
21.67,41.93,1.8,192.5,2.94,0
45.83,56.06,34.34,199.33,8.14,0
1.16,-9.79,69.12,67.38,13.45,0
37.89,50.39,94.21,162.72,8.66,0
71.53,35.77,17.97,286.21,0.18,0
94.85,33.98,69.34,10.52,6.23,0
77.55,21.12,99.19,243.13,8.18,0
12.49,37.94,37.58,469.44,10.48,0
30.77,49.92,6.97,368.61,0.45,0
16.32,19.87,0.72,268.7,4.86,0
83.97,36.05,88.5,382.61,4.91,0
39.61,50.89,56.91,247.01,7.72,0
16.45,14.45,41.91,237.75,9.64,0
27.83,43.38,30.29,196.96,12.83,0
19.36,30.12,63.74,128.14,5.89,0
35.49,38.89,42.49,250.62,1.11,0
46.8,-2.2,91.1,322.85,0.65,0
78.56,3.53,61.41,1.4,12.6,0
46.83,49.68,3.63,316.38,11.64,0
38.89,21.16,96.67,442.73,6.38,0
2.25,0.2,32.4,148.48,7.49,0
21.91,-2.93,52.38,355.43,8.77,0
42.04,59.5,38.25,434.81,12.69,0
57.47,55.25,82.87,383.46,6.25,0
53.98,19.61,59.23,56.17,8.4,0
2.08,32.86,83.79,207.26,7.72,0
0.69,38.07,4.92,92.87,3.4,0
70.4,-8.7,83.92,490.39,9.22,0
2.44,21.84,77.18,437.1,5.68,0
18.44,-6.4,94.11,238.86,11.51,0
46.09,10.28,24.6,119.64,1.93,0
84.57,29.74,84.57,82.71,2.61,0
19.79,2.75,14.3,17.06,11.13,1
62.91,7.88,89.61,134.46,9.55,0
19.13,11.4,62.97,171.3,4.26,0
79.54,9.14,12.19,338.31,5.32,0
2.76,24.88,4.35,21.99,6.98,0
31.09,53.97,47.36,260.55,5.65,0
9.7,5.28,99.21,285.37,2.5,0
63.97,20.45,51.71,9.32,13.67,0
39.36,47.62,7.89,292.57,7.34,0
51.18,18.4,18.48,20.83,11.26,0
15.24,30.25,11.63,348.06,12.44,0
95.95,37.6,42.29,442.26,7.29,0
51.51,19.25,37.26,434.2,4.73,0
13.64,-1.96,73.38,230.74,12.02,0
50.18,9.22,36.81,32.21,7.55,0
70.32,34.53,43.23,421.21,5.69,0
73.88,46.82,55.64,293.23,7.86,0
56.94,30.43,64.41,198.89,6.0,0
42.05,8.4,24.73,495.46,7.59,0
1.16,-2.83,73.7,324.81,2.85,0
83.54,7.85,49.38,106.7,13.45,0
54.88,40.91,52.78,55.59,4.03,0
27.4,32.89,57.6,51.53,6.93,0
42.71,8.12,22.29,337.27,4.57,0
41.54,38.55,78.75,398.63,1.15,0
2.13,45.04,95.29,361.88,8.96,0
42.01,-5.49,61.19,57.24,11.86,0
17.46,-2.12,72.48,227.62,12.41,0
48.57,20.94,27.32,377.47,1.59,0
39.29,-5.47,25.74,350.79,12.19,0
47.2,25.89,76.12,74.64,5.57,0
24.09,24.2,68.8,477.28,9.14,0
66.36,29.87,0.4,418.27,1.17,0
19.31,40.38,59.29,244.62,0.88,0
10.67,26.12,38.93,490.48,7.24,0
18.54,57.88,26.03,463.27,8.9,0
7.93,2.0,52.66,218.1,2.32,0
45.21,35.29,43.09,109.01,10.64,0
3.48,-5.29,77.85,183.16,5.36,0
90.63,29.04,78.54,261.86,4.5,0
45.27,15.36,27.27,363.17,6.73,0
1.21,35.47,40.53,53.26,13.84,0
80.62,51.31,32.67,85.45,11.7,0
99.07,-1.41,83.81,362.6,3.9,0
46.47,48.06,28.92,486.04,0.01,0
36.56,27.16,60.43,236.64,11.84,0
55.17,46.84,85.78,151.37,2.17,0
24.31,26.61,40.76,254.13,9.91,0
25.85,23.57,99.06,376.45,6.23,0
79.71,-8.32,46.66,103.65,4.08,0
71.92,20.01,68.07,497.23,6.35,0
33.18,20.57,91.84,43.94,2.68,0
54.1,57.07,89.0,367.96,9.04,0
51.22,54.56,88.66,482.62,13.2,0
29.8,58.39,23.18,217.92,2.87,0
40.02,23.31,60.32,202.22,6.78,0
76.75,44.51,43.58,443.36,8.56,0
88.8,18.51,61.39,151.54,10.75,0
87.4,20.83,65.71,161.3,2.65,0
63.89,19.7,25.01,422.65,2.79,0
8.2,1.79,64.85,284.51,12.13,0
85.87,-0.2,53.86,131.62,12.41,0
55.19,20.75,61.26,333.49,10.18,0
50.1,2.49,98.23,165.78,13.61,0
72.35,-3.59,16.85,496.01,12.29,0
32.63,-4.09,31.15,459.14,5.28,0
56.34,50.16,95.57,94.24,8.69,0
76.6,5.92,1.37,53.24,9.43,0
60.45,42.39,35.43,311.59,11.8,0
90.34,43.89,32.34,80.98,1.04,0
11.52,25.43,76.27,145.28,4.49,0
12.08,4.96,35.66,86.81,5.63,0
29.01,6.53,41.19,441.15,0.47,0
4.22,3.51,99.03,260.13,2.84,0
59.49,27.99,38.16,422.55,9.64,0
11.4,25.7,90.59,174.69,10.18,0
74.95,-1.16,45.88,476.36,5.52,0
40.88,13.69,59.79,394.61,9.06,0
20.46,-6.94,40.59,24.24,8.56,0
34.15,-2.71,85.38,70.53,13.81,0
29.91,9.31,16.66,215.56,9.62,0
3.09,5.74,36.12,172.52,9.64,0
83.38,34.23,23.56,271.71,6.87,0
38.82,-7.59,23.75,155.18,13.54,0
13.58,27.42,72.54,45.22,9.68,0
33.97,42.63,52.39,10.2,8.49,1
50.2,43.39,91.49,10.63,2.99,0
7.28,29.94,32.74,198.97,6.39,0
80.81,35.36,99.18,1.04,2.49,0
92.54,7.91,54.93,240.56,2.53,0
34.97,25.04,70.45,245.8,10.25,0
72.63,18.64,55.22,388.53,4.05,0
61.01,7.29,88.33,27.66,13.71,0
11.57,16.65,79.07,30.65,6.36,0
41.12,25.04,0.9,458.33,7.07,0
67.57,18.55,96.14,43.22,3.54,0
14.29,-1.3,10.87,499.4,6.46,0
19.04,-5.6,20.02,71.61,11.78,0
9.9,50.01,96.59,222.51,12.21,0
57.55,7.83,55.04,471.14,10.36,0
34.27,48.74,96.29,180.65,2.72,0
56.47,25.42,94.56,221.45,12.75,0
20.62,-4.22,5.17,483.58,11.06,0
53.24,32.91,60.73,376.3,4.82,0
61.83,42.92,58.56,350.44,1.02,0
53.65,1.18,12.0,76.96,9.83,0
86.0,-3.93,10.05,376.22,8.25,0
86.75,16.72,29.84,27.03,11.96,0
30.72,55.58,98.59,245.86,13.63,0
89.57,0.92,8.87,453.94,11.06,0
1.3,7.59,62.06,390.46,12.18,0
59.12,34.41,22.94,66.15,0.54,0
78.81,32.38,65.51,197.21,11.64,0
96.55,18.72,27.43,93.75,10.0,0
67.7,10.65,57.28,492.89,3.19,0
47.69,30.53,27.39,414.34,5.23,0
13.24,17.69,7.6,114.54,6.74,0
34.68,38.83,2.08,144.01,2.69,0
42.1,44.19,95.4,200.38,0.4,0
83.97,35.89,65.65,354.22,7.89,0
97.38,16.21,74.12,429.98,2.15,0
89.87,29.31,38.56,300.9,7.38,0
91.22,35.8,19.04,352.33,12.96,0
12.97,8.46,36.01,382.09,6.68,0
32.02,34.8,88.41,238.27,9.57,0
87.01,57.55,80.98,423.43,0.78,0
95.98,34.65,28.18,435.11,10.49,0
70.94,12.28,59.77,357.93,9.54,0
2.89,3.49,83.29,418.49,3.49,0
86.88,57.61,60.19,243.36,8.66,0
78.89,32.31,42.57,89.9,7.13,0
93.47,42.73,55.63,82.15,10.34,0
58.89,23.3,41.02,39.7,8.4,0
38.71,1.35,56.75,400.73,2.84,0
57.83,42.37,32.46,287.35,10.05,0
77.87,29.2,10.81,325.3,10.54,0
45.5,34.45,84.2,421.38,8.95,0
22.74,53.89,63.72,96.33,4.36,0
23.17,5.67,86.11,308.47,12.78,0
81.91,-5.46,56.11,256.27,12.11,0
1.93,9.26,52.77,125.94,3.81,0
42.45,33.22,14.57,430.96,9.16,0
19.99,40.63,57.55,185.04,4.28,0
50.71,26.6,18.98,470.27,2.08,0
89.43,50.66,64.76,417.46,8.59,0
67.4,-5.32,34.29,491.71,6.17,0
73.7,27.35,85.72,280.03,5.52,0
24.71,57.5,75.04,182.69,10.39,0
80.02,16.91,81.93,411.66,11.56,0
17.71,-9.95,8.27,67.62,6.13,0
92.71,58.99,86.71,244.97,4.55,0
52.76,-7.09,94.68,153.56,8.22,0
96.33,-7.38,66.93,273.43,1.9,0
93.92,31.12,50.25,342.42,3.86,0
88.53,25.3,89.16,406.18,6.62,0
40.15,31.14,28.75,401.79,2.82,0
54.66,32.24,77.61,482.14,4.12,0
91.8,24.95,61.47,55.6,13.8,0
0.52,16.74,46.32,308.0,12.61,0
26.33,15.7,0.07,319.01,5.31,0
15.89,-5.01,25.24,361.11,13.7,0
90.59,12.61,30.48,252.21,10.91,0
26.1,53.4,40.07,457.69,7.96,0
96.13,20.0,75.84,106.96,10.79,0
81.3,-1.38,47.72,304.87,4.16,0
42.9,-1.47,12.94,140.95,10.15,0
47.59,33.03,3.9,391.93,7.05,0
30.35,56.86,54.93,113.87,6.81,0
84.17,40.73,19.2,473.75,2.42,0
16.9,28.52,64.08,337.99,10.0,0
77.36,30.22,65.6,454.97,5.63,0
64.9,52.16,16.14,243.69,9.74,0
37.67,5.67,11.31,404.17,2.24,0
52.41,1.29,73.3,251.65,12.58,0
63.99,43.96,44.27,349.66,2.66,0
94.65,45.97,80.95,398.58,12.84,0
34.45,37.18,71.57,402.4,10.49,0
79.27,42.82,16.76,372.9,12.85,0
0.33,56.79,81.8,241.03,7.94,0
58.53,3.24,36.96,339.12,2.98,0
87.45,13.27,44.58,322.31,9.31,0
98.93,-7.07,12.07,8.04,3.03,0
20.09,50.47,83.95,481.75,3.77,0
13.71,44.14,75.32,66.57,13.9,0
35.21,-0.69,67.64,209.03,10.58,0
62.19,9.58,20.36,68.57,13.66,0
28.82,0.46,14.94,362.8,9.96,0
53.06,21.76,60.54,49.59,9.82,0
39.07,24.37,86.06,256.15,1.35,0
78.15,30.7,25.94,415.26,0.37,0
10.63,24.8,79.92,110.29,11.26,0
9.2,-9.09,64.73,458.07,4.19,0
99.62,18.14,22.59,371.44,1.29,0
15.16,50.25,53.64,483.37,4.89,0
69.63,37.45,97.24,346.86,4.65,0
8.68,-2.87,88.67,251.19,10.48,0
93.14,49.91,57.44,462.22,12.91,0
95.86,19.65,70.38,64.25,4.16,0
83.5,43.03,25.31,120.87,5.93,0
82.6,12.31,24.1,226.34,0.28,0
30.15,57.69,10.77,358.31,8.26,0
80.18,45.01,17.15,264.17,4.31,0
13.22,33.22,35.04,285.73,0.65,0
49.16,38.73,9.82,434.45,1.88,0
0.8,4.05,56.38,151.95,8.72,0
94.96,5.05,72.48,350.29,12.48,0
54.57,43.38,71.52,103.74,7.56,0
66.84,48.19,70.62,381.53,1.34,0
11.59,26.04,75.28,6.43,3.4,1
95.54,26.16,0.97,416.09,3.48,0
76.15,37.34,48.95,288.71,3.76,0
22.26,-8.3,49.87,277.89,11.79,0
50.71,22.39,55.43,395.91,12.54,0
18.03,32.74,71.49,218.06,2.03,0
86.05,55.77,10.62,355.31,5.17,0
74.98,32.01,23.17,300.39,3.34,0
26.24,18.37,29.19,15.1,10.05,1
61.59,20.35,60.7,39.15,10.14,0
87.67,47.26,63.18,433.5,12.49,0
61.85,13.52,7.38,372.37,13.17,0
84.15,0.52,92.08,0.7,11.91,0
84.22,24.53,59.29,493.77,10.95,0
60.81,25.26,25.72,310.33,13.22,0
41.47,11.33,81.32,348.19,9.71,0
5.57,-1.55,88.39,335.17,1.08,0
91.19,0.54,56.18,440.85,11.95,0
78.17,34.24,51.12,82.03,3.85,0
33.11,21.2,30.07,16.65,1.82,1
55.37,28.94,92.59,77.36,0.53,0
96.43,28.83,0.16,119.68,0.38,0
58.41,57.81,75.6,485.19,3.46,0
10.54,34.09,87.09,455.49,2.2,0
63.47,42.81,29.2,498.57,4.85,0
63.29,12.72,16.74,138.05,1.68,0
59.64,58.67,36.65,176.2,11.45,0
70.37,33.47,46.03,47.83,0.62,0
43.55,13.3,2.33,346.55,9.35,0
96.17,34.41,96.92,374.55,8.05,0
39.96,-1.47,35.84,150.95,7.18,0
25.72,5.68,61.31,177.8,4.46,0
84.29,5.79,4.24,109.5,3.26,0
49.67,53.29,28.62,399.43,8.5,0
13.27,51.68,76.4,179.25,11.89,0
19.22,48.91,81.73,414.13,1.71,0
49.2,5.99,8.68,169.73,3.34,0
18.16,-8.16,60.19,422.35,10.91,0
75.33,57.15,15.3,402.36,1.26,0
23.12,30.22,58.75,138.59,11.95,0
83.34,24.95,65.46,342.42,3.6,0
60.21,50.14,86.57,401.35,11.43,0
33.96,22.59,88.87,85.76,4.54,0
2.4,58.98,91.72,139.97,10.01,0
51.99,7.78,65.49,24.66,1.16,0
76.38,32.93,39.01,51.83,2.48,0
34.56,-4.96,40.31,283.4,1.69,0
94.52,52.63,72.93,485.39,10.37,0
0.36,55.84,85.36,265.85,0.63,0
29.12,56.14,15.83,316.95,6.65,0
32.07,31.57,2.42,152.41,13.83,0
57.46,35.63,71.72,414.99,0.19,0
89.68,11.62,73.79,378.62,8.68,0
85.74,37.13,20.56,433.67,2.78,0
18.02,34.07,96.4,214.89,11.61,0
36.08,5.29,75.27,265.25,13.95,0
66.9,27.32,77.05,261.19,12.01,0
87.09,-0.78,41.96,422.9,0.78,0
65.77,27.98,41.32,93.79,5.06,0
99.04,55.04,42.63,308.23,1.27,0
88.67,21.44,96.87,220.81,12.52,0
12.4,29.81,3.96,429.5,5.61,0
31.71,54.7,91.85,470.6,4.07,0
71.37,26.56,0.41,466.17,9.62,0
80.14,46.39,56.74,398.6,2.43,0
57.47,-9.56,82.82,9.44,3.15,0
47.75,1.0,93.25,452.23,5.88,0
43.18,54.26,85.84,167.48,3.74,0
32.07,34.75,40.7,290.11,5.21,0
21.52,51.92,56.5,415.67,8.44,0
1.47,56.99,25.64,350.33,13.83,0
36.36,11.3,9.69,6.83,7.72,0
11.75,5.88,47.81,196.21,10.37,0
61.8,50.11,67.43,18.48,9.67,0
31.28,17.59,26.9,477.73,3.48,0
53.67,33.77,83.87,114.32,9.27,0
4.54,17.67,59.93,3.84,4.22,1
62.5,31.57,19.55,53.49,4.27,0
36.84,6.81,92.75,416.95,13.07,0
52.09,11.65,86.02,216.5,1.37,0
52.69,8.57,67.91,444.0,5.47,0
4.51,14.88,25.55,165.35,7.91,0
66.56,58.72,0.84,482.01,2.19,0
89.24,59.02,64.49,474.79,5.98,0
45.6,18.73,35.22,271.23,7.32,0
77.51,-1.69,43.53,64.65,4.15,0
20.64,10.98,98.74,426.66,8.6,0
49.8,-3.22,84.01,457.38,8.9,0
98.54,50.71,36.08,358.3,10.17,0
60.11,51.36,18.81,392.82,4.43,0
55.44,15.55,54.37,334.56,1.68,0
56.48,-4.49,95.41,61.1,9.7,0
37.27,24.67,60.83,299.73,6.47,0
36.78,56.3,98.44,230.84,3.94,0
89.83,57.27,6.56,79.67,2.1,0
33.2,28.43,68.66,469.13,8.8,0
55.8,55.68,41.6,184.53,9.92,0
46.61,18.46,53.59,482.32,2.91,0
21.16,33.33,48.94,243.61,8.45,0
49.3,-1.37,75.14,417.3,3.57,0
84.43,12.65,2.19,293.3,12.84,0
70.44,24.75,90.83,427.68,4.42,0
93.53,48.72,48.29,254.17,12.9,0
68.81,49.73,97.5,44.91,9.73,0
43.09,1.63,76.05,450.07,5.61,0
83.65,41.43,24.05,310.06,13.37,0
88.03,50.71,15.26,386.5,2.89,0
53.88,6.11,23.81,104.34,5.19,0
80.2,-0.88,23.51,389.07,5.81,0
36.85,8.53,51.41,154.88,1.73,0
13.61,44.25,11.99,416.26,1.52,0
73.28,15.19,11.4,301.82,0.35,0
91.83,30.63,76.66,180.92,8.38,0
96.51,44.71,22.51,127.84,8.86,0
60.32,56.59,54.82,107.67,10.52,0
38.33,-7.36,19.94,186.55,0.2,0
89.55,27.58,63.82,42.49,10.77,0
78.55,23.49,6.73,288.92,13.43,0
31.36,38.69,11.66,453.26,3.07,0
97.07,43.88,4.73,176.56,6.38,0
1.87,54.48,86.21,287.88,8.03,0
27.89,43.76,10.8,125.34,6.96,0
22.68,35.37,32.27,24.61,5.61,0
43.97,19.52,47.68,421.11,12.63,0
46.83,47.34,18.9,367.96,6.9,0
54.34,53.68,99.51,218.48,8.17,0
46.72,5.64,72.08,243.89,3.83,0
57.44,28.38,41.81,366.52,11.87,0
97.68,44.38,92.12,489.5,0.48,0
6.31,45.47,52.63,311.04,10.16,0
14.12,50.93,99.16,295.6,0.21,0
66.28,34.92,59.71,10.68,11.02,0
21.01,25.99,35.27,32.4,6.92,0
35.92,50.29,86.57,117.62,9.83,0
81.82,3.98,37.38,378.87,11.94,0
7.87,7.92,76.82,487.34,7.07,0
66.19,35.13,10.86,312.12,10.95,0
92.17,0.72,6.74,133.45,10.22,0
24.66,41.89,83.28,208.24,1.2,0
24.51,7.32,81.41,461.16,9.65,0
47.0,48.07,6.94,340.94,2.24,0
36.67,16.77,43.67,115.48,3.98,0
56.26,34.44,14.54,120.26,0.24,0
83.96,41.72,47.3,85.28,9.9,0
67.32,33.25,33.31,217.82,7.5,0
71.14,37.71,17.85,483.77,1.08,0
66.35,51.08,15.89,453.12,10.04,0
28.38,37.4,71.23,384.33,6.23,0
87.63,-1.31,81.13,296.96,4.98,0
21.44,28.66,76.28,278.58,11.33,0
16.69,33.59,49.96,377.35,12.9,0
63.98,40.93,94.71,427.23,1.33,0
2.1,42.66,72.65,120.65,0.76,0
52.01,30.03,85.68,252.32,1.79,0
4.52,4.34,5.5,330.58,2.01,0
80.22,56.66,16.54,465.17,4.17,0
52.85,43.61,28.62,143.0,1.89,0
34.88,39.44,39.06,31.38,9.18,0
10.02,21.98,69.83,362.61,12.43,0
56.59,38.01,74.47,24.52,8.49,0
75.26,-6.63,55.41,486.85,8.9,0
49.86,52.87,74.72,174.04,1.24,0
37.15,6.45,4.93,309.13,10.52,0
49.04,-3.47,11.02,277.18,0.67,0
88.86,45.32,65.71,202.4,8.49,0
63.1,2.38,63.45,2.36,3.83,0
18.28,38.22,71.71,120.19,1.91,0
46.71,49.5,90.46,52.73,1.82,0
27.5,34.32,54.84,162.59,13.92,0
58.43,17.3,74.84,117.97,5.92,0
91.77,59.22,75.35,462.26,9.33,0
11.42,24.92,3.38,138.98,5.38,0
37.41,30.72,67.42,481.98,11.17,0
13.05,36.54,4.72,188.89,9.17,0
85.32,50.28,99.25,138.16,3.73,0
92.41,-3.73,67.17,211.77,4.88,0
78.43,45.92,28.76,332.25,12.97,0
66.61,-9.12,37.47,300.15,9.94,0
35.69,57.97,48.55,264.96,11.8,0
58.04,8.51,10.35,371.35,11.21,0
39.96,8.53,0.32,122.41,6.16,0
44.48,36.65,22.91,192.46,12.78,0
10.66,-9.64,30.83,179.96,3.78,0
54.06,35.14,26.93,161.9,8.53,0
21.62,5.08,3.06,376.32,4.73,0
8.01,3.01,59.5,337.61,3.29,0
80.22,45.64,98.94,390.96,5.03,0
79.99,34.7,57.11,177.18,0.29,0
91.3,9.11,49.53,361.39,13.01,0
5.74,42.04,55.42,246.43,12.24,0
14.93,14.79,81.6,422.15,13.59,0
45.35,24.9,23.63,223.07,9.58,0
64.19,47.91,16.48,401.67,9.05,0
68.92,41.42,65.78,10.4,5.48,0
99.58,41.13,77.87,6.81,10.22,0
80.47,20.93,36.58,129.9,4.25,0
75.98,18.23,59.22,434.72,8.35,0
39.34,-7.09,39.58,216.99,0.12,0
87.79,-0.77,31.73,265.21,1.99,0
9.57,49.18,22.1,229.75,2.32,0
53.72,-3.16,26.32,489.12,3.5,0
89.68,-8.36,59.47,63.25,13.21,0
80.84,53.95,71.55,454.22,0.94,0
87.73,30.12,19.0,332.86,0.58,0
44.14,59.86,83.59,247.21,8.62,0
18.67,-5.14,96.3,141.91,3.26,0
78.31,18.27,40.58,289.98,9.17,0
65.89,17.16,45.32,46.24,9.82,0
68.47,12.63,24.01,12.41,2.8,0
38.92,8.92,1.32,158.89,0.59,0
65.92,19.63,16.17,338.7,3.66,0
75.51,45.66,5.06,294.26,9.33,0
26.98,39.28,18.09,473.95,7.86,0
52.32,22.2,14.95,417.11,7.75,0
94.88,13.26,62.02,402.04,4.61,0
76.78,56.15,83.45,287.77,8.48,0
84.09,21.22,9.25,27.52,8.98,0
40.3,19.79,31.06,165.17,8.25,0
50.15,0.94,69.27,266.31,4.01,0
82.27,14.78,87.4,99.31,10.47,0
49.92,42.05,62.59,102.48,10.25,0
60.16,5.55,39.53,269.15,6.45,0
47.61,38.86,47.58,485.55,1.48,0
14.19,-6.26,66.99,10.57,0.89,1
42.39,15.13,32.66,183.35,4.3,0
47.59,49.8,50.67,195.69,6.93,0
67.34,28.99,93.27,338.24,2.24,0
76.13,42.96,89.54,53.74,0.62,0
0.98,57.54,99.87,474.59,10.16,0
70.33,50.39,57.68,106.48,13.47,0
19.47,-2.41,7.78,301.6,11.85,0
86.76,10.96,25.59,80.55,1.4,0
76.12,1.8,76.45,244.79,10.69,0
86.4,-7.4,56.18,378.64,1.79,0
29.98,25.07,81.39,111.19,3.17,0
37.44,40.57,35.32,206.84,1.19,0
83.95,6.07,80.94,205.9,12.77,0
52.27,45.99,47.16,133.53,1.76,0
1.92,0.31,50.76,289.73,4.74,0
3.98,-5.77,78.93,253.31,8.8,0
99.8,16.04,42.52,86.24,3.45,0
86.51,-3.49,25.4,404.84,6.84,0
40.89,17.54,21.15,290.16,0.3,0
10.43,22.95,96.15,293.88,1.52,0
46.97,43.02,83.42,391.85,12.65,0
78.31,26.69,22.84,101.26,9.3,0
83.89,15.67,76.44,474.62,10.83,0
40.91,59.39,64.3,444.9,12.5,0
38.18,19.87,93.63,287.79,9.43,0
38.19,58.62,7.88,463.72,10.49,0
41.63,21.78,16.6,485.61,6.63,0
84.59,58.54,36.46,380.36,1.26,0
93.6,52.89,94.69,266.45,6.25,0
56.16,57.64,82.02,269.75,12.1,0
7.4,19.9,47.64,30.99,8.75,0
76.22,8.72,96.77,238.48,2.35,0
51.42,45.27,62.92,380.3,3.49,0
76.17,37.8,63.23,268.7,11.35,0
17.35,5.42,10.74,119.39,4.32,0
61.82,49.03,75.11,76.03,13.19,0
85.9,36.57,76.89,77.52,1.2,0
38.63,28.28,98.03,435.04,5.54,0
98.08,4.27,71.83,325.7,13.09,0
29.3,17.89,82.23,384.38,5.09,0
88.1,0.29,85.83,31.93,12.78,0
4.67,-1.54,90.04,204.5,5.56,0
14.72,2.66,21.01,201.22,11.72,0
54.05,16.65,4.13,254.66,12.38,0
98.62,30.36,60.06,131.43,11.53,0
8.15,-6.7,80.78,44.21,12.75,0
79.27,4.14,66.21,245.13,3.66,0
25.58,58.57,88.62,264.0,0.86,0
1.52,-2.08,6.59,212.15,11.66,0
84.07,36.81,38.77,68.76,6.73,0
79.04,12.34,5.96,497.26,0.45,0
35.46,12.25,27.09,359.9,1.95,0
97.38,39.81,69.58,34.6,6.78,0
28.88,17.04,95.26,478.53,13.21,0
13.72,3.96,88.47,262.91,8.83,0
65.62,12.52,45.02,368.37,7.0,0
15.69,41.84,21.16,466.2,11.83,0
85.7,-0.15,96.87,78.96,8.66,0
89.94,5.95,24.8,133.5,5.95,0
95.91,0.47,80.57,88.3,6.99,0
39.72,10.59,76.0,445.04,12.21,0
26.9,15.56,79.43,397.23,9.4,0
99.18,45.32,20.11,125.74,6.47,0
5.2,50.7,14.56,310.82,10.69,0
0.57,-6.34,52.38,168.79,11.02,0
3.34,28.01,70.07,89.05,7.41,0
75.24,16.95,11.51,30.32,6.51,0
83.74,57.71,54.62,217.01,2.43,0
74.43,9.7,55.63,255.44,2.24,0
97.09,33.19,35.28,488.89,4.49,0
30.0,29.35,56.78,199.2,9.67,0
28.11,27.71,32.37,352.03,4.05,0
92.0,36.91,97.4,213.95,5.89,0
73.42,-8.54,30.11,391.12,12.76,0
91.4,47.7,5.88,273.37,10.04,0
13.95,55.67,91.49,261.66,7.56,0
8.7,34.6,3.07,191.43,7.87,0
28.17,58.83,71.0,337.1,1.89,0
46.17,15.47,64.46,260.46,4.17,0
4.8,26.99,91.3,256.13,0.23,0
88.01,10.61,96.84,325.42,1.94,0
56.72,32.36,67.91,474.41,5.21,0
0.98,7.19,97.69,124.91,3.23,0
76.7,-4.34,34.07,43.45,6.72,0
73.61,13.69,70.75,101.16,6.73,0
56.74,43.84,16.71,50.71,4.84,0
6.0,51.44,21.67,261.96,7.13,0
18.39,34.97,83.83,374.33,13.88,0
49.96,29.97,63.17,216.55,13.98,0
58.0,32.62,25.78,342.64,7.4,0
91.6,3.18,75.06,109.02,0.2,0
36.75,10.89,60.44,206.21,5.26,0
39.1,55.57,73.36,124.74,8.12,0
15.14,58.87,69.29,249.05,5.45,0
68.51,48.73,55.09,262.83,12.82,0
63.4,43.45,20.92,93.09,8.72,0
48.85,2.84,32.74,471.75,3.59,0
0.87,14.87,37.39,133.77,13.23,0
3.24,-5.68,6.74,42.39,11.73,0
74.7,32.28,87.16,53.17,7.48,0
38.01,-9.29,96.39,139.27,9.4,0
83.34,46.43,7.21,430.88,0.59,0
9.81,34.2,4.74,403.12,10.97,0
60.29,51.15,18.82,380.85,10.14,0
75.0,43.18,45.81,40.12,7.72,0
68.65,58.83,23.05,250.28,3.29,0
32.5,38.92,21.9,302.36,1.78,0
43.9,-6.47,84.3,256.97,0.88,0
95.3,22.31,70.84,219.23,4.08,0
59.59,59.51,62.77,330.42,5.35,0
7.41,17.25,95.9,208.35,1.79,0
26.62,6.33,17.42,161.16,2.56,0
23.12,21.65,97.78,292.02,5.52,0
74.81,7.49,46.2,401.95,1.96,0
34.48,17.35,46.5,434.95,6.0,0
29.42,-0.14,53.43,283.73,8.71,0
52.56,58.04,58.78,438.36,9.02,0
21.14,47.36,33.74,200.38,3.97,0
54.45,58.26,42.57,35.11,12.97,0
81.27,18.64,59.95,336.16,13.84,0
24.29,4.23,64.67,461.11,11.86,0
47.92,27.28,70.98,312.68,11.96,0
32.76,-6.01,73.67,493.43,1.9,0
92.73,-1.69,48.53,242.02,12.38,0
98.92,36.69,93.53,283.88,12.57,0
18.88,10.98,18.28,441.1,4.02,0
56.84,12.47,26.45,89.39,6.48,0
73.98,12.59,88.06,33.38,10.35,0
59.75,56.2,82.02,320.15,6.15,0
93.65,56.06,79.92,117.61,9.58,0
91.19,-1.91,32.75,198.91,8.01,0
71.42,35.85,6.08,423.4,8.49,0
28.53,55.83,93.04,128.29,3.8,0
44.36,9.77,16.49,9.7,11.03,0
64.27,-0.5,46.17,25.14,5.31,0
31.99,13.32,50.72,437.34,10.56,0
49.76,46.19,42.56,180.29,8.69,0
28.98,55.93,57.1,130.52,3.55,0
31.96,-2.38,29.35,350.62,11.06,0
64.27,35.84,62.21,182.61,6.71,0
74.38,-0.52,64.02,463.13,3.99,0
98.53,32.33,53.63,412.07,9.04,0
61.97,6.86,91.28,71.56,6.46,0
54.7,37.16,71.63,183.17,4.93,0
59.63,14.12,55.55,46.03,12.21,0
21.93,59.83,50.95,45.45,0.66,0
55.98,-6.55,48.09,310.5,12.75,0
11.63,-3.66,72.96,92.83,8.28,0
10.39,27.64,70.27,488.11,10.85,0
81.44,-5.35,21.79,67.36,4.47,0
47.0,4.4,53.11,160.81,3.84,0
41.58,24.08,98.84,74.08,12.38,0
65.17,58.29,43.41,54.54,11.37,0
53.12,56.34,93.78,229.96,8.02,0
42.82,51.69,69.39,236.97,5.62,0
8.38,48.26,24.05,395.05,3.29,0
85.9,36.64,84.18,217.37,9.9,0
45.69,-0.28,5.41,120.98,8.81,0
48.14,36.13,35.38,5.97,0.55,0
94.35,1.06,75.84,288.92,5.98,0
12.85,43.41,13.35,386.63,12.57,0
19.33,-7.74,76.45,7.51,3.78,1
42.62,46.81,98.22,339.2,4.54,0
80.1,2.25,70.41,12.4,7.91,0
9.67,23.6,80.81,296.27,8.77,0
24.3,31.12,18.49,1.22,9.37,1
93.35,23.75,59.79,419.74,5.32,0
79.5,1.85,72.03,244.16,12.84,0
6.59,-3.38,67.84,142.07,10.13,0
17.64,38.57,78.02,388.71,3.64,0
22.05,39.44,90.51,348.67,4.88,0
95.46,49.56,30.61,497.53,2.44,0
63.4,48.07,19.83,104.48,3.28,0
77.31,35.53,77.15,305.04,3.06,0
73.3,51.31,17.33,362.57,10.16,0
25.17,25.55,41.96,418.15,13.76,0
81.55,39.85,38.39,217.71,13.58,0
4.64,53.7,3.89,106.67,0.28,0
80.67,22.74,20.4,335.74,3.1,0
41.44,54.72,3.29,5.31,4.5,0
36.48,28.89,73.03,80.18,2.91,0
73.87,25.7,66.15,147.91,7.88,0
16.23,9.49,73.23,303.02,10.06,0
63.72,38.0,67.89,145.54,0.07,0
67.62,50.55,6.13,92.46,0.09,0
45.98,31.97,1.59,345.92,9.05,0
85.96,-4.12,60.16,433.59,12.61,0
60.64,50.69,74.86,63.66,8.61,0
15.34,47.71,51.37,487.15,4.8,0
86.83,33.96,47.6,347.12,1.67,0
9.48,3.6,69.84,402.2,7.03,0
60.28,5.22,70.46,276.24,0.22,0
7.01,58.65,4.16,396.0,6.9,0
4.64,56.73,24.03,335.52,12.35,0
92.3,49.56,16.6,431.03,12.36,0
86.91,-1.09,63.03,73.45,8.65,0
49.12,18.69,16.91,470.1,10.6,0
49.18,0.42,23.49,279.17,5.91,0
96.87,30.54,54.22,373.99,0.8,0
42.71,6.41,76.02,270.95,7.09,0
78.81,49.66,57.33,261.38,13.16,0
47.66,-7.28,36.12,293.46,4.47,0
56.76,23.46,28.88,382.65,1.13,0
54.42,-3.4,48.47,130.05,1.21,0
17.22,-3.49,73.81,472.53,4.02,0
83.05,1.53,47.82,158.49,7.95,0
11.93,48.76,5.94,440.03,5.84,0
49.6,55.3,3.68,138.87,5.36,0
49.13,41.19,60.65,116.93,5.96,0
35.81,9.63,70.12,246.17,6.75,0
3.49,3.9,77.31,8.45,11.69,1
41.16,58.87,63.13,457.71,9.4,0
44.0,47.3,63.23,290.94,1.25,0
1.34,57.73,50.77,246.71,12.63,0
98.98,2.05,90.12,235.33,12.66,0
11.03,57.41,45.19,290.77,11.6,0
41.7,50.27,12.06,283.34,0.99,0
62.58,-7.64,52.67,173.22,10.61,0
28.93,-1.13,19.1,464.19,8.21,0
28.65,-9.7,23.43,317.46,3.89,0
90.87,56.36,65.73,77.16,12.81,0
91.73,-6.09,99.64,109.71,11.85,0
16.61,30.42,6.31,90.72,7.91,0
32.85,10.65,94.24,340.99,0.76,0
24.14,36.6,84.17,241.84,12.08,0
91.11,1.56,43.08,494.02,9.24,0
17.52,-4.85,24.63,207.07,11.89,0
81.66,59.51,18.17,80.5,12.29,0
68.56,24.9,97.45,328.66,10.9,0
80.26,26.61,0.45,381.01,11.17,0
48.25,49.15,7.89,150.33,1.04,0
42.14,30.38,5.3,145.57,5.82,0
27.15,24.73,16.82,100.38,6.86,0
24.42,58.82,80.05,327.35,5.92,0
73.5,-0.98,86.07,467.14,4.29,0
25.72,20.63,0.13,97.94,6.9,0
37.3,20.98,37.93,349.69,9.07,0
99.58,-8.36,97.34,278.22,6.87,0
65.51,0.76,16.85,17.77,4.47,0
75.63,13.79,89.25,285.61,10.96,0
31.01,26.37,64.84,134.0,5.08,0
58.0,35.11,28.92,370.73,11.21,0
12.06,-0.85,11.3,363.47,3.67,0
76.99,10.65,68.71,180.74,7.6,0
37.91,44.0,6.04,199.47,6.46,0
72.54,58.21,70.75,124.56,8.52,0
49.06,30.09,35.81,392.02,4.45,0
2.07,58.5,85.63,329.68,1.98,0
86.23,21.77,49.28,246.47,12.0,0
55.14,14.25,2.58,335.03,5.0,0
55.23,-3.01,72.89,47.49,5.7,0
41.84,50.31,79.98,52.57,8.76,0
44.93,40.94,34.7,165.93,5.79,0
27.75,21.17,96.6,458.35,13.92,0
26.98,56.23,54.24,397.24,11.03,0
71.8,55.05,5.38,334.73,3.95,0
56.53,10.61,77.23,443.67,7.97,0
56.17,59.63,22.81,303.37,4.56,0
70.43,22.44,19.55,21.23,6.34,0
21.45,48.08,58.65,378.34,10.15,0
19.95,13.01,31.73,498.22,6.81,0
21.05,47.97,68.98,485.78,0.05,0
75.24,5.08,84.0,201.98,13.57,0
15.73,9.57,80.85,376.97,0.1,0
63.35,42.58,82.19,495.85,4.67,0
45.03,35.34,99.08,301.27,7.31,0
3.27,15.94,44.34,475.28,11.98,0
49.53,25.59,4.87,16.33,4.59,0
36.49,-6.2,41.08,108.66,8.12,0
2.16,-7.98,74.65,226.78,4.71,0
24.67,49.08,91.74,33.86,13.72,0
80.52,14.31,85.97,461.85,10.45,0
48.03,42.61,90.78,310.58,7.88,0
74.61,23.48,47.4,365.52,7.59,0
39.48,46.38,25.27,62.66,6.07,0
48.04,1.17,91.96,21.06,0.78,0
31.1,35.96,27.9,401.07,2.61,0
95.07,40.81,83.01,132.82,8.57,0
17.75,-4.53,49.6,149.27,2.02,0
11.59,46.53,37.09,106.09,8.92,0
51.89,18.35,27.41,51.61,9.65,0
86.49,35.52,27.52,326.6,5.14,0
30.75,-5.95,87.8,473.47,1.2,0
66.04,0.99,17.38,37.53,0.04,0
24.82,18.95,22.16,149.04,10.45,0
21.34,25.19,87.53,28.68,1.45,0
74.05,43.4,22.5,188.09,3.1,0
35.05,29.14,22.6,314.41,12.99,0
72.79,21.1,99.26,401.84,4.04,0
54.41,39.47,71.13,351.52,12.48,0
18.81,10.98,83.26,478.71,8.43,0
44.03,55.12,38.12,156.18,12.5,0
33.83,40.86,96.69,200.44,5.85,0
9.8,38.2,62.02,175.53,13.6,0
36.63,21.2,44.38,40.58,4.21,0
37.31,23.7,5.89,175.72,7.87,0
80.8,31.01,8.26,95.21,13.34,0
70.05,24.7,4.81,166.38,2.89,0
82.9,21.2,61.69,27.41,4.86,0
28.52,8.11,89.53,260.67,9.9,0
71.99,57.67,10.25,498.93,4.88,0
79.66,8.93,17.81,16.4,11.58,0
64.07,18.11,22.7,421.47,10.72,0
18.18,11.1,21.02,435.04,10.13,0
84.98,9.03,89.9,427.32,11.66,0
76.76,33.47,94.6,364.2,8.84,0
19.61,42.24,56.02,174.5,7.36,0
39.55,54.96,58.91,376.49,3.39,0
43.59,51.39,73.64,262.0,8.93,0
42.87,24.98,48.73,269.47,11.23,0
13.35,40.08,65.23,160.85,1.82,0
99.8,22.46,79.14,165.12,11.81,0
64.58,16.91,81.92,58.29,12.47,0
43.0,29.21,64.73,127.52,0.97,0
89.52,46.92,9.56,100.07,7.39,0
51.91,36.12,71.63,430.76,1.57,0
16.59,44.02,90.41,388.31,13.22,0
65.34,20.34,59.82,177.39,7.18,0
62.18,26.98,49.58,382.34,7.98,0
30.87,33.83,87.16,180.36,12.03,0
54.34,27.5,99.14,148.98,0.12,0
6.95,3.11,89.99,70.92,0.18,0
21.11,-4.9,45.31,285.94,7.65,0
75.26,35.78,12.06,245.42,6.05,0
35.62,41.51,52.13,332.0,2.24,0
17.9,42.33,1.07,221.04,7.36,0
70.4,3.86,18.2,474.24,6.31,0
69.48,14.59,7.04,39.3,9.56,0
31.53,9.73,95.67,464.08,5.38,0
52.27,5.23,58.71,385.04,9.51,0
94.57,54.8,41.85,254.11,0.93,0
67.23,30.92,82.24,470.15,1.52,0
77.64,18.53,58.48,69.07,3.64,0
96.72,31.88,74.82,22.76,3.55,0
77.24,43.7,92.88,187.32,3.34,0
83.58,45.51,78.34,152.77,3.93,0
91.53,9.45,81.13,460.86,1.88,0
29.23,47.66,96.12,29.65,3.62,0
53.36,42.05,90.05,383.56,0.07,0
90.15,3.38,75.58,66.37,0.75,0
37.7,47.47,61.79,496.53,2.95,0
4.62,33.12,18.91,267.73,11.05,0
13.27,5.83,68.0,4.64,9.74,1
10.09,32.78,78.62,496.7,6.2,0
79.93,55.57,65.97,184.14,5.99,0
26.83,56.86,38.86,209.15,13.94,0
39.71,28.14,57.96,232.27,0.15,0
10.58,-6.34,63.99,65.62,10.67,0
73.08,44.1,12.22,418.23,9.92,0
9.85,47.1,49.5,247.86,3.75,0
31.62,54.54,77.35,371.74,11.09,0
47.0,34.82,32.02,15.66,8.42,0
67.72,45.23,50.04,432.0,11.29,0
75.43,41.29,84.96,366.34,8.4,0
12.52,11.2,53.35,251.29,2.36,0
22.8,37.55,57.32,17.96,11.38,1
50.39,26.59,6.5,246.71,7.68,0
42.26,2.06,61.7,371.77,10.38,0
58.28,1.09,13.03,300.65,7.24,0
24.5,32.23,98.97,398.38,13.62,0
41.99,23.27,2.5,436.06,0.32,0
12.2,39.29,19.95,373.03,1.14,0
85.91,38.46,57.65,195.61,8.62,0
10.37,40.47,91.89,341.1,13.81,0
44.17,18.96,57.43,123.05,10.16,0
48.39,32.98,54.65,79.19,10.38,0
87.07,41.18,56.4,108.86,1.65,0
9.39,54.48,63.68,96.65,9.21,0
17.92,14.48,16.15,80.55,5.79,0
5.93,-1.68,25.3,33.12,9.35,0
14.66,18.07,71.96,353.72,10.58,0
6.71,39.07,77.29,164.88,3.98,0
30.27,11.57,84.92,245.64,1.98,0
47.3,23.92,15.93,143.63,6.71,0
17.44,57.72,99.91,440.97,5.15,0
26.11,58.71,65.09,398.47,3.08,0
95.23,28.63,11.73,15.86,7.6,0
76.11,49.79,8.97,261.11,2.03,0
91.69,55.02,42.87,151.61,0.56,0
36.48,-2.92,25.24,130.55,5.72,0
54.9,3.16,55.7,479.8,7.45,0
28.76,39.99,34.64,221.19,3.59,0
78.92,-7.05,21.94,1.85,3.12,0
85.86,5.57,81.66,230.15,4.27,0
44.98,9.21,19.02,303.24,0.89,0
38.06,6.27,2.46,18.53,10.95,0
85.7,29.13,70.29,395.98,10.02,0
28.24,17.87,19.49,375.92,10.16,0
58.45,1.78,30.51,108.35,10.92,0
85.11,26.74,38.31,293.22,13.93,0
72.95,6.5,6.46,381.59,4.16,0
68.05,35.41,99.87,471.32,3.47,0
8.26,34.8,92.16,69.65,5.42,0
28.42,59.12,58.33,7.27,8.57,1
13.59,50.86,13.13,359.23,2.27,0
12.79,-3.52,26.56,176.56,12.85,0
9.35,54.65,61.18,46.76,3.5,0
22.01,15.8,88.29,345.4,4.52,0
70.94,11.32,69.48,190.47,10.47,0
79.38,0.61,82.17,420.51,12.48,0
22.06,34.52,82.49,85.11,4.82,0
79.63,35.5,90.91,180.11,7.28,0
53.99,1.38,30.16,460.22,5.66,0
53.77,17.43,77.85,299.39,1.26,0
89.54,12.88,57.96,279.16,12.81,0
5.59,8.08,18.0,479.12,8.39,0
61.91,11.32,50.83,103.43,9.4,0
99.91,57.25,23.08,19.22,5.65,0
15.64,43.65,78.58,426.18,8.54,0
40.54,9.35,9.97,482.81,12.18,0
64.58,57.97,74.18,186.41,3.92,0
27.13,0.82,69.52,217.6,10.12,0
81.89,13.87,70.01,311.2,7.73,0
11.31,21.74,19.07,12.43,5.26,1
0.61,19.32,1.76,51.95,3.67,0
72.58,-9.61,94.63,497.28,3.79,0
94.52,36.78,76.43,206.2,11.8,0
27.51,21.03,25.27,159.86,0.51,0
37.16,10.04,3.59,428.56,13.14,0
11.1,40.38,15.19,488.03,8.76,0
42.09,29.29,39.56,154.59,9.32,0
20.22,45.55,28.21,263.08,10.81,0
82.37,58.68,0.88,334.47,6.24,0
72.37,20.3,94.73,79.91,13.57,0
8.47,32.28,97.71,278.18,3.66,0
0.28,53.31,66.97,341.4,12.28,0
20.32,28.92,30.81,208.94,6.85,0
29.25,12.59,44.98,374.76,9.18,0
89.35,3.02,51.62,150.13,0.64,0
97.65,46.46,53.71,162.26,5.6,0
27.4,10.69,38.18,232.22,8.77,0
67.36,21.78,87.48,274.51,1.25,0
44.86,43.65,2.64,285.54,2.22,0
16.84,7.54,39.74,75.98,13.62,0
71.7,15.78,72.52,264.16,2.99,0
0.66,28.62,1.19,264.71,3.85,0
87.4,56.07,4.18,47.9,10.43,0
79.74,4.17,59.88,169.93,0.52,0
26.84,49.62,83.07,43.33,12.34,0
34.47,22.96,68.68,349.39,12.78,0
38.82,54.75,65.37,24.36,8.2,0
39.81,3.29,12.22,424.02,6.37,0
63.14,24.76,79.96,354.21,10.44,0
76.51,-2.06,17.58,214.19,2.48,0
6.68,48.52,64.7,9.38,3.24,1
0.31,14.13,40.75,331.79,13.74,0
37.08,52.31,99.94,408.42,13.17,0
25.9,38.35,77.13,360.22,0.62,0
62.53,19.62,64.96,257.84,10.94,0
68.4,45.14,48.92,162.74,11.71,0
4.77,4.07,81.36,97.25,7.16,0
0.87,49.88,76.63,256.62,0.29,0
50.28,57.36,6.36,104.31,3.93,0
60.7,19.2,84.73,128.33,7.03,0
12.42,50.04,44.13,0.34,13.41,1
76.0,47.79,40.66,271.31,1.75,0
56.21,3.27,20.71,270.85,13.14,0
58.86,0.26,71.98,67.35,7.41,0
17.69,36.05,5.99,337.52,5.15,0
38.63,48.65,22.67,58.49,1.32,0
82.86,17.12,16.4,41.17,11.57,0
72.52,47.67,59.56,381.12,7.95,0
32.97,-7.66,24.3,178.47,5.15,0
55.45,13.68,36.57,119.73,11.45,0
82.78,37.91,64.2,110.92,9.94,0
59.87,-6.75,36.32,149.14,10.13,0
80.71,30.6,89.75,395.9,1.65,0
48.56,34.17,21.12,207.08,11.35,0
25.67,46.31,55.18,118.04,5.95,0
82.36,44.84,26.35,450.73,10.14,0
59.42,-7.24,59.06,386.29,3.76,0
29.12,17.86,30.46,413.81,6.46,0
4.1,37.56,11.75,349.65,1.3,0
19.06,22.82,58.56,402.25,9.04,0
26.92,57.44,67.51,123.16,7.77,0
51.07,13.5,93.27,396.61,7.95,0
92.49,56.91,56.02,121.47,12.33,0
53.38,31.47,40.45,115.7,8.92,0
26.78,56.46,54.98,12.1,4.15,1
15.7,14.27,35.19,312.62,3.31,0
17.9,52.66,40.17,195.25,2.74,0
69.38,41.85,39.75,342.35,12.18,0
54.73,-6.52,8.76,131.56,2.63,0
90.98,43.92,14.04,420.07,11.1,0
13.65,7.42,78.95,166.45,3.43,0
71.84,42.45,75.16,261.74,5.71,0
16.25,16.69,74.56,462.33,1.85,0
57.5,5.94,25.86,194.02,8.82,0
62.89,31.53,2.78,353.79,12.89,0
31.9,42.3,96.26,140.76,3.99,0
41.77,1.83,85.13,96.01,3.92,0
33.73,27.53,66.03,227.67,12.28,0
58.27,-9.5,70.18,290.79,5.15,0
11.86,9.17,43.89,442.67,4.04,0
38.95,27.79,51.53,496.15,13.55,0
24.07,2.33,40.61,302.06,6.65,0
62.58,38.35,89.27,388.45,2.19,0
50.42,-2.04,55.85,201.62,11.96,0
46.51,1.93,90.51,326.07,11.87,0
55.81,37.32,83.71,261.29,0.05,0
31.33,54.98,28.32,68.2,5.35,0
35.53,42.09,30.71,394.05,4.64,0
38.88,27.88,68.47,162.84,8.36,0
10.43,19.09,97.11,268.72,13.36,0
74.79,-1.02,32.19,163.47,0.95,0
27.8,51.84,17.74,343.68,3.28,0
32.67,-4.83,7.04,292.71,2.7,0
38.19,26.92,96.63,408.45,11.22,0
80.68,19.75,56.81,307.67,7.04,0
10.13,7.91,23.12,494.33,4.14,0
52.97,-3.45,45.28,340.32,13.26,0
83.49,41.29,52.36,229.21,1.07,0
85.9,0.13,17.57,361.18,1.5,0
21.17,12.88,76.12,189.56,10.53,0
75.03,57.18,2.29,392.8,8.24,0
75.17,54.02,64.56,69.04,2.63,0
74.25,10.06,8.84,183.65,11.49,0
15.52,44.46,63.18,27.84,2.32,0
40.13,59.41,21.55,438.91,3.22,0
93.71,36.51,97.2,496.81,5.23,0
92.28,30.76,65.49,287.55,10.95,0
15.63,47.56,91.13,157.4,11.5,0
98.91,28.01,25.33,376.65,2.68,0
12.17,42.96,12.04,244.55,8.47,0
83.32,31.35,9.84,386.52,11.72,0
56.4,38.27,51.63,94.99,12.75,0
59.26,4.52,17.79,499.04,6.08,0
44.93,58.63,49.91,303.61,5.23,0
74.03,21.89,13.98,333.04,12.96,0
87.73,50.65,7.29,287.76,4.22,0
59.08,46.16,67.84,90.63,5.32,0
60.08,39.17,9.14,42.31,2.98,0
35.69,30.24,17.21,484.95,9.24,0
28.07,49.29,56.98,487.62,4.77,0
10.77,9.82,48.05,76.85,11.93,0
12.0,-4.22,48.92,334.4,7.14,0
34.35,44.5,46.89,256.33,6.57,0
52.31,44.76,19.19,338.99,13.89,0
19.1,28.88,91.12,49.36,13.67,0
14.54,34.62,51.52,472.96,13.88,0
40.43,2.77,37.01,407.79,13.21,0
52.59,53.72,87.92,230.1,8.07,0
80.62,54.59,60.95,472.19,3.66,0
46.2,11.01,4.16,471.51,11.73,0
1.95,56.99,88.5,16.18,1.61,1
24.1,34.66,87.52,489.07,5.83,0
16.85,25.11,11.13,175.59,11.1,0
79.99,56.18,80.88,470.44,0.92,0
2.0,38.17,81.8,465.47,8.19,0
18.31,35.32,49.7,122.82,6.78,0
47.59,49.21,52.45,119.07,5.97,0
37.53,19.44,0.1,320.3,8.11,0
0.44,54.94,21.76,181.99,13.71,0
90.52,41.4,29.39,97.54,2.0,0
30.62,32.02,5.12,494.43,2.99,0
23.23,43.8,83.03,496.76,1.53,0
7.74,47.64,4.32,181.82,1.78,0
2.63,22.71,51.56,409.91,7.57,0
44.75,52.9,73.3,167.72,8.28,0
37.25,38.87,69.63,66.58,11.1,0
22.92,47.97,47.35,182.69,0.89,0
53.07,51.83,84.22,477.68,13.24,0
35.03,39.8,38.44,180.47,9.18,0
31.57,18.33,1.27,248.1,6.94,0
63.14,44.9,84.3,313.66,3.64,0
50.72,4.44,46.21,55.83,5.24,0
46.9,-2.35,22.86,416.55,2.58,0
99.51,35.49,43.81,258.79,1.69,0
95.8,8.28,18.95,395.58,6.96,0
35.77,20.8,75.26,107.83,9.28,0
38.07,53.32,38.0,17.99,9.41,0
19.37,-4.2,14.05,195.45,4.52,0
8.31,32.2,79.93,7.98,12.47,1
69.98,-7.64,39.84,464.29,10.22,0
12.11,25.19,42.37,252.96,13.45,0
40.83,-0.22,94.63,152.18,6.9,0
94.19,19.48,41.77,366.72,6.21,0
18.95,37.73,49.68,311.96,12.65,0
46.88,-8.71,75.24,154.27,7.33,0
36.62,23.78,76.14,293.69,10.57,0
98.66,1.48,13.95,229.34,5.55,0
74.91,31.48,30.63,243.05,6.75,0
81.03,53.9,69.53,220.7,5.0,0
5.02,7.44,84.83,228.23,11.22,0
36.11,0.36,85.38,184.81,5.22,0
70.96,-7.16,31.22,132.41,11.05,0
12.79,31.8,92.43,122.19,5.28,0
80.91,-7.89,60.48,167.24,9.38,0
82.19,0.55,39.08,184.32,13.35,0
84.51,58.74,14.7,24.71,11.71,0
60.11,-9.41,25.24,402.54,4.28,0
28.51,42.42,42.77,164.65,1.93,0
21.12,5.23,29.29,70.05,2.31,0
14.54,20.9,59.12,48.59,1.63,0
10.35,-1.2,21.32,110.83,1.27,0
16.7,24.7,81.12,471.22,6.04,0
29.62,31.5,32.5,53.12,2.79,0
20.37,6.57,72.08,66.08,0.78,0
70.59,2.46,14.04,157.77,3.16,0
31.05,55.49,35.06,12.78,9.49,1
83.25,-8.2,20.31,470.9,8.0,0
9.03,13.82,26.12,156.78,9.24,0
78.59,39.8,31.4,426.72,12.67,0
65.26,-4.64,72.8,211.19,0.28,0
62.28,-0.63,14.49,459.67,6.81,0
33.97,6.54,53.5,404.15,8.45,0
81.86,36.15,69.42,241.88,2.42,0
2.32,44.98,92.21,76.85,13.34,0
73.9,52.41,96.58,11.77,9.25,0
50.1,19.08,70.18,41.21,7.51,0
71.22,50.99,52.48,334.82,3.63,0
30.55,28.62,17.58,303.31,11.79,0
14.42,33.05,1.02,76.3,5.3,0
16.3,17.95,18.65,59.65,8.32,0
53.61,33.05,27.96,41.96,8.71,0
53.23,39.61,29.98,407.87,5.16,0
1.55,-1.54,26.34,277.29,13.02,0
50.45,-7.78,29.58,208.76,10.68,0
98.5,0.08,24.3,222.35,10.24,0
7.32,41.64,5.43,203.9,2.48,0
33.38,55.25,48.4,414.06,6.32,0
64.35,-0.36,49.65,74.92,3.09,0
11.97,53.26,65.2,44.78,4.72,0
75.57,22.6,13.18,406.43,12.88,0
18.81,11.48,69.23,92.17,8.66,0
54.87,6.36,21.79,167.58,13.17,0
31.12,-5.04,12.32,262.98,10.81,0
96.63,49.97,63.71,444.22,5.91,0
76.42,31.52,33.55,60.37,1.98,0
27.64,3.56,79.66,342.62,13.56,0
30.93,11.39,13.36,418.41,0.01,0
16.91,11.67,86.49,378.56,5.42,0
42.99,29.47,96.06,27.39,8.71,0
17.95,-2.82,13.99,291.06,13.46,0
95.22,8.99,60.15,239.72,6.55,0
52.93,27.8,85.31,157.24,3.04,0
24.32,-6.5,11.4,246.42,8.97,0
25.67,29.42,33.65,51.59,1.53,0
59.79,29.74,73.56,416.77,13.91,0
92.84,45.82,35.68,71.86,11.95,0
55.42,52.2,26.43,351.01,7.67,0
3.13,50.93,95.5,360.04,0.74,0
59.77,-6.14,99.76,392.57,2.65,0
62.38,-9.07,2.13,346.64,6.7,0
33.84,28.54,69.71,353.39,2.25,0
79.07,6.24,31.56,136.44,4.33,0
98.4,10.85,99.77,163.82,3.6,0
36.28,43.99,91.63,48.64,0.54,0
74.51,28.27,80.19,183.05,1.04,0
67.76,1.06,44.17,172.78,8.23,0
49.19,11.06,88.33,260.41,4.57,0
38.92,17.52,13.97,390.37,3.56,0
8.41,48.99,69.0,63.42,5.45,0
18.17,7.67,91.41,102.79,4.76,0
88.36,54.91,27.04,395.31,8.99,0
44.14,41.02,21.5,124.69,0.63,0
35.26,39.71,89.14,387.26,12.0,0
15.95,-3.37,77.16,475.21,7.72,0
98.27,47.42,84.17,273.36,11.5,0
64.73,32.63,29.85,54.05,0.89,0
72.4,26.98,27.72,400.69,7.52,0
73.34,37.17,34.58,268.97,10.41,0
65.66,57.16,87.64,354.95,10.06,0
14.5,53.15,26.06,351.92,6.49,0
29.1,45.38,60.8,427.31,9.82,0
22.71,42.32,88.83,396.59,7.95,0
14.29,27.14,0.85,325.01,6.16,0
40.37,41.59,76.41,466.64,10.76,0
39.06,25.37,39.67,102.74,12.3,0
69.06,33.91,10.19,386.24,11.9,0
12.93,30.7,56.69,242.3,12.76,0
40.62,30.02,58.56,307.25,9.32,0
32.18,39.62,51.44,429.33,13.9,0
62.72,1.74,82.68,105.05,3.69,0
84.24,12.74,19.86,357.57,0.33,0
18.24,30.27,25.14,495.79,0.91,0
48.61,57.19,40.17,385.68,4.24,0
86.95,48.41,52.42,420.4,12.86,0
59.06,6.09,38.55,54.29,2.83,0
58.2,8.84,3.77,419.28,2.94,0
44.78,0.37,3.05,359.9,13.64,0
20.79,50.12,15.43,154.77,12.94,0
13.07,54.43,11.29,205.64,0.64,0
46.9,15.02,36.31,469.72,1.28,0
1.11,29.81,13.92,399.83,8.87,0
86.52,-6.28,9.25,156.99,3.09,0
40.73,33.89,79.18,237.26,12.3,0
16.38,1.85,18.17,126.03,0.25,0
32.99,-8.43,24.03,169.1,0.3,0
16.62,24.34,56.22,320.67,7.48,0
11.09,53.36,59.67,8.22,7.22,1
48.91,46.66,82.05,122.78,4.07,0
64.12,-4.05,51.03,23.68,6.76,0
52.61,25.51,98.83,277.08,5.47,0
42.32,19.21,84.56,325.83,2.44,0
53.1,10.4,2.19,386.05,0.95,0
20.73,39.35,31.7,174.4,13.07,0
21.11,13.28,65.87,368.27,7.07,0
10.52,5.84,18.46,329.68,4.6,0
31.51,36.76,8.75,143.91,2.53,0
24.6,56.77,91.38,432.46,1.82,0
19.97,8.41,52.31,100.84,9.85,0
8.36,5.67,9.23,296.03,4.27,0
52.2,8.41,20.0,407.84,2.87,0
57.03,10.23,58.11,481.59,5.25,0
33.9,15.22,85.6,215.45,12.47,0
54.47,9.48,57.59,368.29,11.68,0
59.79,58.68,3.06,52.98,13.87,0
23.6,46.43,47.0,115.35,3.56,0
81.89,28.1,19.17,11.85,6.33,0
72.42,25.06,97.43,26.85,6.12,0
82.62,16.88,46.74,445.67,2.21,0
15.53,54.73,42.74,393.18,6.99,0
73.82,32.2,44.28,376.88,1.47,0
35.86,-7.98,68.45,419.27,13.63,0
87.07,22.69,52.55,69.78,6.87,0
29.49,0.27,38.15,180.91,4.76,0
14.74,43.94,28.68,459.56,3.85,0
16.72,25.72,48.92,5.44,12.77,1
68.95,55.71,12.92,434.92,6.65,0
94.08,3.56,5.16,132.0,8.73,0
84.52,58.22,81.84,306.79,9.0,0
38.35,58.01,3.7,406.97,7.82,0
50.01,49.22,23.57,190.03,0.83,0
75.73,-7.02,10.78,396.53,7.19,0
57.62,56.65,82.94,341.23,2.49,0
1.08,17.82,28.14,217.79,5.03,0
82.72,47.82,9.86,110.66,0.28,0
34.4,58.15,24.87,223.0,0.67,0
79.88,37.43,39.5,270.73,5.65,0
76.72,27.75,32.53,330.84,10.08,0
95.03,33.9,78.26,173.93,0.06,0
21.37,18.07,5.86,189.49,13.79,0
21.19,33.33,21.89,91.85,10.44,0
79.6,45.98,84.45,310.92,3.95,0
84.95,8.64,8.35,290.65,1.43,0
32.95,16.8,6.36,415.92,10.49,0
56.59,45.48,17.0,39.48,12.19,0
8.45,41.93,69.67,421.28,9.77,0
68.12,26.6,0.89,13.21,6.94,0
45.17,34.37,41.71,21.78,1.92,0
38.07,58.36,9.96,157.73,12.13,0
32.45,37.79,33.81,495.45,8.23,0
76.26,-5.43,45.44,151.6,3.14,0
98.77,15.9,53.39,439.67,1.19,0
10.56,51.93,96.02,380.88,4.45,0
17.58,58.85,12.72,367.5,12.95,0
7.37,37.67,10.92,393.75,3.99,0
1.48,13.45,98.89,468.53,9.61,0
76.76,21.64,49.67,246.58,5.21,0
24.83,-9.69,25.67,184.86,11.36,0
53.15,55.07,92.64,310.59,7.53,0
91.21,59.87,1.7,387.77,11.71,0
91.96,4.65,61.12,164.69,8.77,0
80.34,6.2,50.46,186.85,3.94,0
92.57,38.07,20.49,445.66,7.93,0
72.91,37.14,98.42,49.21,5.64,0
42.25,32.92,5.45,258.48,1.99,0
41.2,31.32,99.7,31.46,6.13,0
97.17,-7.64,62.63,185.87,0.07,0
71.08,34.61,22.59,480.7,13.02,0
17.7,31.83,63.1,317.93,7.9,0
33.45,43.53,13.93,273.54,10.27,0
9.12,7.38,35.57,256.73,9.48,0
35.58,9.91,47.46,123.06,11.07,0
78.55,58.65,53.17,191.74,9.45,0
60.63,45.35,22.57,261.29,6.31,0
70.4,-8.2,78.0,207.0,0.41,0
40.33,10.67,45.48,341.87,13.83,0
24.4,35.92,0.55,375.48,10.78,0
37.33,-1.64,99.26,60.4,0.67,0
0.41,6.6,58.74,307.74,13.72,0
49.32,2.98,2.14,27.9,8.93,0
17.28,11.58,98.87,280.3,10.39,0
56.39,31.46,54.56,340.86,7.7,0
89.3,11.58,6.49,221.41,9.48,0
27.56,55.62,72.5,56.42,11.33,0
31.07,58.14,34.38,231.58,10.81,0
3.39,19.9,80.67,24.4,0.12,0
49.65,-5.64,12.05,239.69,7.24,0
7.14,17.54,63.74,47.33,9.24,0
29.43,-7.36,47.58,463.6,2.45,0
84.15,26.65,93.79,448.14,11.73,0
86.75,38.07,42.01,31.42,12.99,0
11.35,48.52,90.1,320.04,0.39,0
78.14,55.98,28.49,138.89,5.72,0
65.18,52.08,41.62,403.71,10.82,0
83.05,0.58,40.62,390.23,11.18,0
70.35,28.25,38.43,64.03,10.42,0
38.98,22.03,33.52,386.53,13.22,0
15.1,-5.22,44.22,151.41,3.85,0
54.32,-10.0,49.07,264.09,8.89,0
23.82,15.5,47.26,132.2,5.64,0
1.0,50.26,80.98,116.2,3.67,0
89.69,-1.58,93.62,89.87,0.27,0
51.57,-5.0,34.24,181.86,7.89,0
65.11,39.75,89.72,284.54,3.93,0
89.51,14.64,76.38,52.05,0.03,0
32.79,1.15,99.22,339.37,9.23,0
82.23,-2.61,96.08,317.79,11.6,0
19.49,18.77,63.11,438.52,13.89,0
75.88,2.55,18.12,324.7,6.93,0
27.95,-7.2,77.9,29.04,10.77,0
99.74,42.27,43.4,49.22,8.87,0
26.57,17.5,49.11,44.17,0.54,0
90.98,4.72,55.19,404.1,3.25,0
39.16,-2.1,26.91,174.2,13.69,0
91.6,6.04,31.16,260.25,3.25,0
99.56,23.48,87.2,378.06,13.5,0
97.66,57.97,95.41,379.85,8.03,0
70.68,2.82,98.62,399.23,7.03,0
83.79,12.44,18.03,229.39,7.41,0
60.54,55.99,33.52,15.22,0.91,0
54.01,56.83,32.75,157.67,3.22,0
88.03,26.97,60.92,303.69,13.51,0
90.23,15.82,90.29,494.78,13.08,0
17.19,37.04,37.74,251.79,0.33,0
81.17,20.27,9.22,185.29,12.59,0
99.43,-5.33,74.56,290.53,7.92,0
74.75,37.81,34.64,327.29,5.07,0
12.27,57.2,82.17,230.17,8.16,0
84.87,-9.85,15.39,476.48,6.56,0
42.02,54.3,3.16,429.33,2.92,0
78.28,56.39,78.89,3.72,12.69,0
13.37,23.95,19.21,316.2,7.73,0
89.6,38.41,24.24,317.0,1.43,0
69.92,31.74,75.16,292.18,13.56,0
37.46,10.69,22.68,300.48,13.86,0
74.04,42.08,34.46,76.79,13.99,0
34.76,38.81,91.13,306.67,11.61,0
28.55,31.55,64.23,268.61,11.15,0
81.32,33.97,77.76,334.53,0.36,0
25.61,42.6,61.63,131.62,0.5,0
88.66,-6.79,44.74,313.6,9.5,0
14.34,18.04,59.06,50.86,12.95,0
15.47,-4.68,17.05,165.48,11.45,0
60.04,53.51,38.93,499.22,1.63,0
41.93,34.97,76.98,464.06,5.08,0
18.52,52.63,6.73,44.01,11.19,0
50.92,9.76,38.79,329.73,1.32,0
60.61,50.98,70.95,110.56,5.91,0
79.39,48.43,94.72,81.68,11.41,0
9.44,48.02,78.21,186.06,4.15,0
35.92,43.2,24.36,186.9,7.94,0
0.16,-7.16,98.17,400.2,8.62,0
39.08,51.01,51.94,239.46,5.93,0
17.43,-5.11,5.54,123.24,12.62,0
6.44,27.99,62.69,454.93,13.38,0
33.6,-6.34,85.17,23.58,4.32,0
92.64,29.95,0.05,338.14,0.71,0
1.56,24.09,0.63,89.71,1.25,0
32.61,-6.74,27.08,144.85,12.63,0
28.75,30.67,63.28,412.94,12.87,0
84.78,42.0,61.84,451.9,0.37,0
2.78,24.52,25.61,259.62,10.78,0
58.72,36.32,84.53,321.44,7.23,0
70.74,9.76,81.73,303.89,3.54,0
39.99,35.56,78.2,191.7,12.4,0
38.52,8.14,70.36,491.01,2.42,0
34.69,-8.22,52.48,417.12,10.81,0
58.61,23.31,80.31,17.19,4.07,0
19.78,2.19,88.54,359.42,4.76,0
60.53,49.3,31.38,487.65,4.49,0
56.8,36.08,67.16,499.7,5.48,0
94.24,23.57,25.97,277.5,4.98,0
87.13,22.25,87.34,393.07,1.48,0
88.63,49.17,76.21,199.07,5.69,0
26.34,58.34,57.45,146.72,12.81,0
34.83,0.22,5.02,48.17,8.66,0
58.72,-3.97,20.78,237.31,12.15,0
54.53,5.72,50.69,181.16,13.62,0
0.13,17.02,73.26,484.55,12.38,0
15.42,30.18,92.72,413.55,7.81,0
84.49,-0.09,84.46,183.58,11.63,0
15.52,-4.44,58.77,58.86,1.51,0
35.73,10.71,51.59,166.45,3.15,0
31.51,39.62,39.47,110.94,1.98,0
19.25,-2.81,59.52,33.77,11.05,0
95.68,22.1,24.86,91.32,12.73,0
80.19,-5.77,71.69,7.82,2.04,0
33.13,33.07,92.64,475.66,2.13,0
14.8,10.19,22.1,185.43,5.08,0
49.77,26.17,66.32,227.76,7.11,0
5.36,27.13,94.78,348.85,1.59,0
46.34,23.18,2.18,83.05,2.13,0
60.55,44.99,13.71,435.88,5.19,0
38.81,6.96,44.99,14.05,13.04,0
16.56,53.45,27.84,151.04,2.03,0
90.14,8.66,69.6,293.99,13.8,0
62.91,36.81,20.35,405.0,12.51,0
53.69,-4.14,28.32,314.55,1.94,0
41.11,22.92,7.36,209.05,4.33,0
21.39,43.6,92.61,127.04,13.46,0
86.87,35.97,90.1,93.02,11.02,0
68.52,40.45,5.06,25.36,11.08,0
34.15,29.77,69.63,283.09,6.48,0
55.29,55.2,50.12,12.82,9.59,0
10.99,34.45,65.01,68.68,9.74,0
88.89,5.5,69.47,170.35,9.9,0
36.0,57.39,25.6,141.09,8.96,0
3.19,-4.4,70.94,153.91,10.08,0
63.13,46.85,92.01,393.99,8.46,0
98.7,18.26,43.65,396.81,1.13,0
1.66,15.21,4.58,403.78,4.56,0
63.94,-8.25,27.5,111.61,10.31,0
36.83,13.28,51.08,429.4,7.11,0
57.77,11.89,76.31,249.13,7.21,0
73.23,59.49,96.05,32.52,3.61,0
45.78,36.58,76.99,287.22,4.97,0
98.63,23.52,83.0,460.22,8.28,0
80.16,9.69,67.59,155.5,3.66,0
57.42,40.13,75.79,139.35,3.94,0
50.82,47.07,85.14,485.25,12.99,0
11.83,6.79,0.21,232.36,11.33,0
67.94,56.7,14.28,303.79,10.94,0
62.37,-6.48,97.7,252.89,4.35,0
60.78,-9.09,81.14,424.76,1.61,0
15.14,38.34,41.04,387.49,12.89,0
0.65,23.95,68.78,57.35,0.0,0
30.09,43.52,33.76,216.61,4.54,0
91.73,6.47,55.3,464.28,9.1,0
10.31,30.78,50.48,30.18,8.07,0
45.76,12.15,71.57,389.47,6.83,0
43.02,15.67,95.56,225.18,3.45,0
61.77,41.79,93.03,73.76,3.36,0
84.58,10.64,31.87,475.83,1.04,0
76.47,44.22,46.32,136.6,1.23,0
82.88,47.46,3.05,225.11,12.46,0
97.85,15.94,25.87,69.06,5.9,0
44.79,3.86,94.42,213.16,6.09,0
85.88,43.65,61.46,131.42,9.28,0
76.59,28.48,11.32,57.1,10.85,0
3.03,31.14,41.74,268.51,2.43,0
90.53,49.23,9.23,211.79,3.87,0
96.2,55.08,68.34,196.29,2.74,0
24.04,8.72,22.29,492.86,11.62,0
20.26,48.87,46.71,331.97,11.93,0
83.24,30.57,41.04,240.52,8.78,0
98.57,38.54,91.99,192.09,10.72,0
29.89,45.54,60.4,82.61,2.88,0
18.81,45.82,72.49,50.29,1.99,0
80.34,18.02,85.75,177.34,13.24,0
57.5,-3.21,33.53,148.34,11.6,0
47.05,39.26,16.81,97.96,11.22,0
34.36,50.18,54.66,476.29,0.44,0
12.34,54.29,76.31,264.54,8.79,0
64.84,0.31,87.62,372.51,3.37,0
82.48,24.48,63.2,20.86,3.85,0
48.34,43.02,2.06,264.32,3.2,0
66.94,36.38,23.35,254.52,13.46,0
32.17,35.3,99.56,97.32,11.67,0
28.51,20.43,33.43,402.58,10.62,0
49.31,16.51,54.6,50.71,6.71,0
47.68,35.49,67.92,169.25,4.99,0
28.83,55.29,22.8,8.14,9.8,1
6.43,39.67,21.93,348.0,1.72,0
37.28,23.15,33.51,267.51,5.11,0
40.85,39.52,79.1,114.66,4.8,0
5.59,38.44,62.75,61.54,11.55,0
90.68,23.52,97.62,46.75,1.2,0
32.6,3.91,67.69,162.84,10.91,0
54.64,59.28,10.24,415.04,10.52,0
73.21,56.18,32.5,124.97,7.97,0
13.88,11.08,49.31,31.63,6.09,0
31.55,45.12,76.86,6.5,0.36,1
60.42,24.83,66.85,237.28,11.11,0
69.82,-8.32,8.21,94.94,0.64,0
3.14,6.82,41.55,362.43,10.12,0
16.78,43.14,45.09,116.87,0.92,0
28.92,-8.02,56.72,201.03,0.88,0
37.16,35.52,14.15,261.63,2.86,0
29.71,21.94,83.04,394.36,6.24,0
43.41,19.82,4.04,170.87,6.49,0
83.61,21.0,78.4,497.65,9.2,0
77.74,32.58,78.64,314.94,13.68,0
48.14,18.88,63.13,472.64,0.21,0
6.42,8.75,15.49,32.77,9.75,0
87.32,20.72,80.2,421.85,7.58,0
22.18,-2.03,88.3,263.85,12.09,0
7.29,4.88,37.95,127.55,12.58,0
89.83,11.73,87.74,105.25,6.91,0
79.43,2.68,48.42,322.3,6.07,0
11.88,58.26,39.39,397.45,4.75,0
85.05,16.51,87.53,21.42,9.73,0
21.01,-3.2,64.2,37.03,12.59,0
61.38,43.5,54.15,21.13,6.75,0
60.01,59.66,28.3,338.59,5.86,0
90.93,53.49,7.38,60.4,8.22,0
36.81,6.16,50.35,149.02,9.55,0
85.43,10.45,54.18,36.12,4.98,0
88.74,7.43,95.27,131.75,5.15,0
32.77,-6.27,79.56,436.43,11.92,0
45.11,27.38,43.22,411.32,10.59,0
64.3,35.43,5.78,328.63,13.62,0
3.14,-6.44,27.78,295.63,10.21,0
36.21,24.35,77.65,103.97,12.76,0
44.22,7.72,72.84,161.6,9.13,0
12.83,0.98,47.98,259.3,0.29,0
24.08,39.81,80.9,281.78,13.37,0
16.77,-7.65,22.89,398.8,13.41,0
17.87,22.89,89.48,261.68,6.67,0
10.83,15.08,87.08,188.67,8.32,0
55.84,29.08,36.38,449.04,9.23,0
36.13,30.6,69.32,100.86,1.8,0
91.59,20.07,29.14,441.04,4.7,0
44.15,46.73,69.91,136.29,4.45,0
79.36,25.32,10.78,72.18,1.01,0
15.68,58.12,52.15,488.96,1.75,0
57.55,4.5,83.1,52.41,6.72,0
89.79,42.5,45.95,375.35,2.38,0
34.8,45.01,21.7,182.22,7.31,0
60.94,56.39,34.02,263.47,8.61,0
79.31,55.24,97.73,473.69,6.19,0
58.2,39.28,86.32,215.97,2.08,0
49.09,10.91,20.98,271.06,10.85,0
35.68,41.49,6.6,281.45,11.19,0
88.34,12.98,4.45,39.62,3.08,0
59.48,39.99,40.1,364.35,12.07,0
71.79,52.82,22.6,202.41,7.06,0
23.13,-8.02,54.13,243.21,8.45,0
60.73,8.47,67.06,230.0,7.66,0
31.96,-8.48,44.08,388.81,3.6,0
13.15,9.44,24.6,419.95,6.03,0
65.6,3.82,36.8,441.66,0.25,0
36.29,46.86,12.21,433.48,12.01,0
22.32,31.23,17.54,153.41,9.64,0
82.78,5.94,17.54,71.94,5.71,0
93.15,-3.48,29.93,184.28,5.31,0
15.25,25.79,24.95,383.36,12.1,0
82.64,29.4,90.59,490.69,13.9,0
43.41,19.93,72.92,367.71,0.8,0
38.69,53.82,79.61,284.56,13.51,0
37.97,42.0,0.1,431.33,13.73,0
70.35,27.95,50.73,436.05,12.37,0
58.84,-7.23,89.96,104.38,6.13,0
92.38,39.0,48.85,268.72,6.4,0
9.04,14.24,26.94,406.25,10.09,0
85.66,22.82,43.2,301.49,0.48,0
55.6,39.96,57.19,497.35,7.25,0
93.91,30.61,95.91,104.9,10.43,0
38.83,-7.53,70.81,286.02,2.66,0
89.53,39.23,76.25,269.07,11.02,0
86.8,15.58,58.64,388.83,8.17,0
38.91,26.57,38.25,258.83,7.59,0
39.58,4.21,86.49,467.11,11.69,0
93.57,50.38,23.27,274.98,1.31,0
47.89,32.68,17.17,178.17,1.37,0
99.24,20.35,2.59,301.8,1.09,0
31.31,25.32,75.09,377.27,6.51,0
90.04,12.29,13.88,495.47,1.14,0
13.69,25.97,45.12,0.49,9.01,1
76.71,20.17,27.69,225.64,12.33,0
40.35,21.38,36.49,237.39,7.3,0
82.7,46.28,83.17,158.81,13.46,0
53.3,46.94,83.33,134.29,0.97,0
75.7,27.57,38.69,7.73,2.65,0
76.36,17.32,93.9,51.84,11.34,0
4.96,-1.99,3.85,342.22,12.05,0
81.84,42.58,67.28,112.32,2.79,0
17.75,0.42,81.9,15.17,0.54,1
32.75,21.23,73.19,483.53,3.88,0
45.61,54.52,47.99,355.48,0.02,0
57.25,1.66,20.62,312.64,13.27,0
30.59,59.46,77.07,385.42,9.78,0
50.81,14.33,74.27,54.91,4.55,0
54.97,-6.27,89.11,274.06,13.97,0
79.01,28.63,59.72,46.42,5.17,0
11.35,51.93,22.62,168.82,4.6,0
97.39,15.25,67.38,345.15,5.53,0
52.78,54.43,70.03,223.09,2.87,0
72.69,3.55,38.22,461.05,6.75,0
66.82,35.15,23.0,339.77,11.81,0
8.75,13.92,76.04,297.97,4.52,0
3.25,6.63,96.77,454.77,4.85,0
72.03,35.83,94.81,286.72,0.68,0
99.43,57.56,3.24,301.19,12.89,0
53.35,-0.45,39.1,398.74,7.64,0
75.09,30.01,59.55,442.48,10.92,0
61.06,44.75,94.74,411.81,0.59,0
82.58,-8.08,75.32,120.01,5.45,0
9.75,-6.94,12.44,400.36,9.15,0
47.91,52.78,71.95,61.75,0.56,0
25.07,-9.78,2.19,3.43,9.4,1
31.49,59.6,32.27,10.95,9.39,1
46.09,21.5,44.91,433.17,4.55,0
76.01,58.47,83.02,328.82,11.03,0
21.86,25.37,2.65,99.42,9.1,0
40.02,35.59,75.15,92.87,11.11,0
18.18,5.29,34.52,436.05,12.78,0
41.64,-4.62,76.83,338.45,12.42,0
43.99,10.64,74.37,347.54,2.05,0
64.35,-2.98,59.31,222.28,13.32,0
13.31,31.07,94.88,39.76,9.81,0
42.77,58.72,59.53,238.18,5.42,0
84.64,34.46,73.7,146.8,6.38,0
54.2,8.5,59.09,280.6,11.12,0
12.22,58.63,9.08,246.46,12.36,0
30.89,20.86,57.96,366.18,1.26,0
79.36,-8.61,38.14,427.02,10.62,0
30.04,31.72,4.32,205.9,7.72,0
61.08,29.41,88.78,410.84,9.38,0
56.66,38.99,0.74,391.6,13.36,0
6.12,46.17,86.63,330.48,5.2,0
35.41,22.51,99.21,213.08,4.13,0
12.88,46.35,55.65,469.64,2.03,0
91.53,25.41,71.85,76.96,11.68,0
6.96,-6.17,96.89,361.55,6.15,0
86.71,25.04,1.47,325.67,9.37,0
71.32,13.96,42.33,312.5,0.76,0
33.38,-0.71,1.89,90.1,8.63,0
37.6,-9.46,51.4,136.15,6.06,0
89.33,44.73,17.07,446.16,0.58,0
57.66,7.83,70.88,0.85,12.96,0
87.58,45.93,24.05,25.38,12.02,0
52.52,39.18,88.99,310.05,13.41,0
3.63,51.04,17.48,197.02,10.17,0
28.72,9.84,17.71,384.53,6.63,0
84.16,39.98,9.24,445.68,0.01,0
80.64,23.18,37.95,235.77,2.32,0
6.09,41.83,67.44,369.68,0.74,0
27.69,58.72,35.77,427.92,7.04,0
1.11,10.96,77.92,321.92,13.98,0
87.3,15.27,4.36,359.2,2.57,0
1.88,28.18,64.71,444.01,3.76,0
5.36,25.93,57.52,363.97,11.93,0
19.54,16.83,3.1,442.9,8.35,0
56.52,53.48,44.21,344.57,10.24,0
58.81,19.54,43.97,74.98,5.17,0
90.54,44.07,4.39,91.34,4.76,0
90.43,-2.54,78.41,460.73,10.01,0
93.4,56.56,74.49,273.53,3.14,0
44.88,1.78,55.89,441.07,3.2,0
41.66,7.55,1.03,326.35,5.28,0
41.79,43.96,63.15,355.68,11.2,0
27.42,21.86,36.92,451.23,1.02,0
4.26,6.33,29.4,220.45,1.18,0
3.61,9.27,57.16,484.52,5.62,0
6.99,-2.97,9.14,207.28,3.18,0
80.9,1.59,43.77,205.43,9.47,0
9.13,46.23,14.65,82.41,12.24,0
82.59,0.62,54.71,127.57,12.82,0
2.01,-4.09,19.8,67.84,13.18,0
12.56,47.51,20.12,247.91,0.77,0
24.14,-4.31,32.93,243.02,1.92,0
10.73,21.51,1.48,121.66,0.58,0
56.56,15.51,31.63,214.15,0.07,0
21.05,39.05,37.23,427.16,3.91,0
91.79,4.1,13.05,358.47,12.86,0
94.86,36.86,23.73,364.73,11.34,0
47.19,52.02,84.24,319.45,10.72,0
57.23,23.76,82.64,81.22,1.05,0
20.85,43.96,29.97,88.92,13.82,0
53.96,37.69,31.45,3.39,8.53,0
56.08,-2.85,14.23,490.61,4.98,0
27.58,20.81,4.82,216.1,4.27,0
6.86,-3.69,28.45,414.88,12.81,0
88.29,19.66,74.71,407.95,8.72,0
28.12,53.42,36.99,369.56,9.02,0
44.97,46.69,65.18,160.76,6.66,0
54.53,49.76,19.88,477.18,3.21,0
34.79,37.45,65.91,19.66,1.47,1
57.91,19.23,15.24,164.93,5.32,0
10.94,-3.17,77.25,266.16,11.9,0
8.57,33.3,79.81,356.55,1.15,0
13.63,53.76,23.67,76.93,4.23,0
0.21,35.47,96.64,373.66,13.59,0
25.42,19.77,69.45,267.95,0.99,0
64.27,56.04,86.08,256.05,7.18,0
8.72,-6.81,51.78,486.26,0.88,0
73.67,12.16,15.05,229.33,2.06,0
95.47,24.64,11.27,249.79,8.32,0
77.84,27.79,11.49,482.31,1.71,0
22.69,42.44,47.44,257.91,11.0,0
33.92,6.36,7.37,486.48,13.0,0
70.13,-0.86,17.22,24.98,4.3,0
67.73,57.07,39.67,357.51,1.06,0
45.41,59.16,55.92,234.65,8.94,0
16.35,-9.36,2.36,337.06,2.28,0
24.04,58.94,31.31,448.78,13.86,0
58.1,50.13,65.86,320.59,2.54,0
5.26,-3.76,43.0,306.43,0.91,0
3.0,-3.3,24.34,166.77,11.17,0
22.14,-5.57,82.39,454.69,4.23,0
15.01,50.82,17.89,356.02,5.87,0
7.93,39.65,17.42,362.45,11.84,0
19.81,23.68,30.9,185.85,2.24,0
87.91,24.43,95.83,294.21,5.67,0
73.02,45.6,31.2,181.83,5.44,0
14.22,-9.76,84.53,472.85,13.71,0
50.22,28.42,75.78,373.1,9.74,0
33.23,18.49,9.46,161.06,5.55,0
81.11,-3.57,39.98,458.94,10.28,0
73.6,-1.34,52.86,418.99,10.48,0
48.48,49.12,82.13,287.93,6.82,0
45.75,1.46,13.76,347.98,4.08,0
36.5,45.7,57.43,114.82,9.75,0
80.71,41.08,53.62,486.56,5.3,0
93.18,20.26,23.06,479.4,8.85,0
47.12,6.27,70.29,240.04,5.05,0
63.63,-6.73,71.22,200.28,12.44,0
54.37,-4.81,53.9,41.78,7.35,0
27.45,48.72,0.51,409.21,7.13,0
53.2,35.31,40.6,283.2,7.33,0
83.55,56.53,63.81,354.04,1.68,0
80.54,2.1,54.34,408.18,10.32,0
49.77,32.25,99.73,460.0,13.13,0
87.42,20.82,52.6,228.46,10.11,0
59.08,24.94,25.51,228.17,13.69,0
64.34,10.11,22.79,358.78,2.04,0
80.48,7.43,97.53,197.91,8.66,0
60.02,51.5,45.26,54.0,13.38,0
68.22,5.11,47.23,224.79,2.47,0
53.91,-0.62,65.63,222.24,6.24,0
49.53,20.99,28.15,81.16,10.0,0
0.87,44.03,47.03,199.97,9.26,0
18.96,16.0,75.01,68.13,1.8,0
7.27,21.64,0.66,197.47,5.75,0
64.59,-6.82,48.89,473.98,3.38,0
21.26,43.04,93.9,424.97,7.41,0
64.63,57.13,21.96,26.57,0.5,0
41.6,34.93,87.59,71.54,4.57,0
22.26,41.51,95.57,368.36,11.45,0
53.35,40.56,47.56,146.63,9.33,0
5.61,55.91,17.3,115.42,8.14,0
75.17,2.42,14.46,18.05,1.12,0
29.18,15.08,5.96,174.33,9.31,0
91.59,43.37,27.36,481.8,13.59,0
12.19,57.65,7.67,457.23,7.64,0
28.7,1.13,50.09,192.45,6.64,0
74.86,59.55,63.1,302.18,5.11,0
36.46,7.38,10.79,211.96,11.62,0
95.59,15.33,27.8,110.64,1.42,0
10.25,15.94,69.11,9.03,11.51,1
23.47,54.48,13.17,303.56,11.9,0
5.73,52.6,43.77,409.95,2.08,0
97.58,0.16,93.3,458.56,4.44,0
87.39,28.05,94.04,213.93,13.86,0
96.42,55.22,79.35,208.78,4.27,0
23.38,47.23,93.22,349.32,1.16,0
3.14,40.09,90.74,287.88,4.9,0
17.02,10.64,27.69,468.94,10.87,0
9.11,43.14,14.38,111.92,4.98,0
55.18,31.51,71.82,395.03,2.34,0
13.0,13.43,15.29,478.89,6.94,0
60.04,-1.53,98.38,391.32,4.86,0
94.92,46.82,82.99,0.58,8.97,0
13.69,8.08,37.96,76.52,4.76,0
77.94,37.67,72.75,63.88,0.16,0
65.34,37.74,43.58,10.72,9.71,0
31.89,31.85,67.25,160.33,4.22,0
36.06,28.4,71.64,378.37,2.32,0
61.11,40.2,66.78,300.61,13.83,0
6.61,22.78,98.12,462.41,6.91,0
39.14,45.79,58.03,16.69,0.15,0
5.89,42.76,84.02,351.16,7.37,0
57.7,47.36,23.53,402.5,7.28,0
85.65,2.54,2.96,90.09,5.78,0
75.5,56.59,36.03,50.13,11.6,0
22.24,49.09,4.58,100.0,4.98,0
75.64,33.78,76.0,101.78,7.69,0
96.77,34.2,56.13,172.65,2.91,0
32.39,5.79,86.74,84.95,2.73,0
69.68,12.32,30.03,405.09,1.61,0
42.17,13.46,99.28,54.97,0.54,0
42.05,50.01,31.86,58.39,8.8,0
47.93,36.57,26.58,210.55,7.7,0
50.56,54.02,65.33,302.61,6.29,0
99.37,14.55,47.4,93.89,5.96,0
29.04,0.8,19.32,105.39,5.88,0
60.6,21.39,6.48,64.25,1.49,0
10.58,-0.71,0.99,419.88,9.19,0
39.65,5.24,92.2,226.54,4.67,0
76.05,-7.97,40.35,263.93,4.68,0
52.36,44.29,14.33,435.9,11.51,0
41.94,33.6,45.14,115.94,2.38,0
56.28,11.27,99.39,59.23,10.7,0
64.41,17.39,15.31,145.9,0.89,0
64.25,18.82,18.97,329.01,8.24,0
74.85,32.34,71.92,494.2,4.38,0
21.24,59.91,29.41,249.41,6.41,0
21.99,-0.47,92.75,140.79,9.5,0
25.2,46.87,79.89,176.31,12.89,0
68.13,50.15,61.72,216.18,8.91,0
73.85,58.29,33.13,352.73,6.63,0
33.09,47.61,72.27,208.68,9.55,0
30.13,-4.37,23.62,101.66,1.26,0
54.61,1.63,37.76,174.04,13.33,0
30.71,40.9,52.35,27.88,4.1,0
67.69,27.18,98.71,163.28,12.76,0
94.24,4.11,60.79,365.18,1.79,0
97.79,-5.47,97.52,169.32,8.33,0
81.42,43.96,11.16,489.26,10.15,0
19.21,7.46,65.28,439.39,2.88,0
56.29,21.1,16.31,165.88,2.16,0
6.47,-5.61,34.42,366.46,8.68,0
92.12,30.88,3.66,109.76,2.84,0
39.61,39.77,99.16,63.93,12.24,0
30.12,-6.66,41.98,396.95,6.4,0
91.58,-3.53,69.53,25.03,1.11,0
24.35,56.94,9.59,435.64,7.16,0
75.77,50.64,4.23,201.64,3.21,0
77.17,-6.67,31.16,449.48,2.26,0
57.42,-8.18,98.49,87.97,9.68,0
97.18,8.91,72.38,44.32,3.74,0
43.77,53.09,39.08,311.01,9.48,0
83.08,13.78,50.99,160.97,10.05,0
63.46,28.87,32.08,119.53,5.39,0
80.57,57.93,42.38,448.21,1.95,0
71.62,6.71,39.58,335.85,4.2,0
0.51,-3.77,52.02,472.66,11.44,0
96.64,19.68,34.03,254.19,9.63,0
24.29,10.24,14.93,62.16,7.08,0
19.34,2.49,20.95,290.65,2.34,0
11.82,46.5,66.73,229.19,9.49,0
75.35,49.25,2.17,22.3,0.14,0
33.61,-7.46,32.18,417.37,5.5,0
57.95,52.43,59.18,74.48,8.03,0
85.11,44.94,8.46,335.51,6.5,0
63.34,27.9,80.39,73.06,1.78,0
75.98,-6.16,32.74,152.97,9.51,0
86.7,31.8,68.58,74.7,6.91,0
38.88,28.68,6.45,288.0,5.4,0
67.9,-1.12,73.39,309.83,2.33,0
12.6,-2.69,92.19,256.94,6.05,0
82.59,16.87,16.8,102.79,0.66,0
70.91,-5.51,67.25,7.0,10.54,0
5.44,33.83,56.68,442.19,3.53,0
94.88,14.35,16.06,250.32,10.2,0
56.67,7.36,25.61,369.72,9.66,0
63.9,11.26,22.39,358.05,3.14,0
75.95,50.7,82.1,257.63,2.23,0
27.63,24.75,92.89,409.56,0.78,0
26.5,24.71,77.34,187.17,3.82,0
80.69,32.48,40.18,22.49,12.07,0
27.64,23.9,98.91,158.21,9.66,0
98.12,18.67,80.33,68.05,1.85,0
56.79,15.32,84.86,264.4,3.65,0
49.19,41.46,82.06,465.69,5.72,0
5.29,34.96,65.17,1.15,12.09,1
22.59,51.53,38.47,442.11,11.52,0
73.18,16.83,32.3,336.8,1.28,0
84.77,56.43,0.01,484.68,3.07,0
79.62,28.13,58.32,163.14,9.67,0
99.04,50.06,56.61,358.68,9.31,0
95.04,19.9,84.17,462.99,1.34,0
87.55,37.78,62.06,321.93,10.37,0
3.74,51.36,25.58,267.37,0.68,0
90.42,58.16,92.12,461.62,9.32,0
74.72,43.27,25.73,50.75,10.55,0
75.27,21.69,24.59,491.51,4.78,0
76.85,12.71,61.06,356.85,2.15,0
55.42,40.3,17.96,312.73,4.2,0
96.87,10.4,69.5,245.5,8.06,0
32.62,31.88,58.35,366.98,4.26,0
77.08,28.31,32.19,200.66,4.88,0
46.75,-6.19,72.27,61.55,13.07,0
96.89,56.87,91.39,216.01,12.27,0
81.87,26.18,28.45,256.31,5.8,0
66.91,35.67,2.13,49.96,2.75,0
78.16,18.32,19.73,150.77,0.52,0
51.57,-2.24,85.79,427.45,8.87,0
81.15,-5.58,77.62,228.84,4.11,0
87.99,5.29,81.08,353.26,11.74,0
36.47,42.4,87.75,71.02,4.51,0
8.83,3.74,69.21,393.31,8.97,0
61.72,35.05,45.9,86.17,4.4,0
91.47,-2.8,60.83,184.99,6.49,0
43.3,-8.82,67.33,267.42,8.98,0
42.92,57.02,80.18,107.78,12.65,0
66.89,5.44,88.23,398.46,11.63,0
71.96,16.94,86.13,240.33,5.52,0
82.52,6.09,72.13,27.7,7.48,0
89.49,45.82,26.83,386.04,12.62,0
40.45,34.88,11.91,14.98,5.98,0
61.14,3.0,24.66,475.82,9.57,0
86.95,55.2,60.29,425.78,5.08,0
3.3,5.08,83.9,293.18,7.0,0
36.33,58.34,13.79,192.18,10.36,0
77.98,8.86,93.28,235.99,11.99,0
15.06,-1.95,28.45,331.37,8.4,0
72.43,15.21,81.33,118.58,10.69,0
93.09,26.1,37.81,381.93,7.4,0
65.16,43.37,7.87,232.47,12.74,0
5.91,0.93,97.01,495.49,4.47,0
76.7,-8.64,70.43,104.3,10.03,0
26.98,58.69,67.55,32.16,7.21,0
48.53,20.63,29.47,348.52,2.66,0
45.28,-0.66,41.27,350.01,10.48,0
41.3,41.97,98.82,378.89,0.93,0
0.21,-9.62,93.62,374.0,7.55,0
93.6,15.16,48.94,490.27,8.38,0
72.36,45.5,17.29,412.85,9.65,0
22.04,27.35,26.19,213.67,4.27,0
27.72,12.31,17.93,263.91,8.44,0
77.63,13.61,95.55,62.69,0.84,0
68.54,36.77,62.12,357.71,4.36,0
88.64,3.37,76.2,496.68,6.36,0
10.31,59.83,60.33,299.52,5.08,0
43.46,38.98,16.62,356.85,9.99,0
13.51,57.9,59.01,164.68,8.84,0
64.24,58.37,34.46,342.36,12.02,0
44.65,13.31,0.06,388.65,2.66,0
41.44,34.08,19.44,348.18,6.92,0
59.7,13.3,97.72,302.75,12.95,0
82.03,42.73,61.21,37.21,2.65,0
23.76,4.44,55.72,205.63,12.48,0
24.24,16.32,81.65,196.47,1.59,0
49.53,-7.41,50.23,295.09,12.18,0
26.92,9.64,35.1,209.04,4.48,0
98.74,42.29,13.99,211.1,3.26,0
44.54,55.78,50.87,417.91,11.71,0
81.91,24.22,12.23,174.32,12.19,0
76.71,37.8,8.78,194.53,7.69,0
84.82,20.69,14.38,173.87,3.45,0
47.21,13.14,31.45,198.51,6.16,0
67.25,51.77,28.06,109.17,11.24,0
11.12,-9.66,51.62,285.87,10.89,0
34.2,39.69,2.88,407.29,3.11,0
97.42,2.57,5.25,490.14,9.1,0
67.96,-9.09,41.76,189.04,6.84,0
31.32,0.8,86.07,405.7,6.62,0
40.71,2.33,97.87,496.97,12.71,0
9.66,37.11,83.48,275.71,3.92,0
16.51,54.98,62.1,207.81,13.93,0
74.23,22.88,37.81,304.06,12.05,0
53.46,7.69,52.01,385.09,0.01,0
59.53,26.89,28.38,336.28,12.52,0
14.18,17.68,33.84,411.35,8.4,0
15.19,39.93,26.64,195.09,3.3,0
13.92,4.46,20.69,29.68,4.91,0
78.42,38.44,87.81,160.35,11.37,0
72.2,4.58,93.68,484.27,10.91,0
66.09,54.86,72.89,241.32,11.28,0
68.15,12.16,57.03,456.6,4.26,0
49.99,58.6,99.45,170.14,10.91,0
49.08,58.91,91.6,140.13,3.11,0
0.84,0.28,79.68,480.67,5.15,0
63.37,33.61,26.13,5.01,0.62,0
55.57,45.99,28.78,441.89,1.8,0
37.52,27.96,45.14,325.91,11.99,0
35.29,22.55,46.16,461.72,11.85,0
26.94,5.95,32.16,330.66,5.13,0
53.07,39.62,21.75,258.1,6.21,0
60.64,-5.53,71.83,146.4,0.34,0
15.59,49.68,31.43,187.18,12.12,0
79.0,6.66,32.38,87.12,0.73,0
71.91,52.38,13.41,156.13,1.02,0
70.48,44.16,48.37,402.36,6.85,0
70.09,57.78,87.09,209.3,6.62,0
98.07,30.02,66.73,96.27,11.51,0
40.16,13.63,15.82,499.22,6.2,0
72.39,48.74,32.0,320.69,12.23,0
50.14,44.88,44.44,172.24,3.13,0
46.53,58.3,6.08,262.34,11.73,0
66.35,-5.46,50.86,375.65,9.03,0
57.66,52.18,74.79,77.05,2.84,0
48.83,7.33,10.94,409.46,7.94,0
74.94,-9.78,6.73,278.87,2.92,0
61.04,5.59,97.89,305.41,13.79,0
45.39,-3.76,13.27,465.69,5.01,0
21.6,15.13,12.85,311.16,1.04,0
94.38,-5.09,16.33,395.54,3.85,0
77.86,4.78,29.17,470.58,11.02,0
7.68,7.51,54.36,247.46,10.29,0
28.66,53.35,84.26,172.67,2.41,0
48.52,1.84,52.52,87.69,12.56,0
8.23,24.42,32.46,84.95,2.21,0
93.22,2.68,36.29,299.54,0.53,0
43.04,54.05,38.36,157.28,5.27,0
15.61,-6.07,56.74,351.58,4.43,0
12.49,15.87,15.74,248.82,6.88,0
84.25,29.45,82.52,14.19,0.64,0
92.05,0.79,67.76,314.46,4.75,0
27.49,39.45,66.28,424.77,9.26,0
69.48,15.43,86.6,100.38,12.28,0
97.24,34.96,45.0,340.05,4.82,0
15.32,27.92,87.68,102.76,3.93,0
49.71,27.36,53.25,410.7,5.38,0
82.91,7.63,24.39,487.7,6.03,0
0.52,41.56,8.01,432.9,3.1,0
58.58,39.3,6.46,356.17,4.69,0
69.28,47.33,79.57,204.57,6.99,0
0.78,59.2,74.38,45.83,7.04,0
41.23,29.0,0.02,45.45,8.46,0
22.56,-4.25,9.48,201.92,12.42,0
74.44,58.81,86.56,287.17,2.87,0
90.48,30.89,69.55,428.37,10.72,0
11.68,-6.91,12.79,435.84,11.69,0
51.9,16.85,3.11,34.29,12.38,0
98.46,-1.35,11.03,67.96,10.67,0
68.04,10.47,75.59,317.52,10.24,0
45.81,41.62,42.05,437.0,4.97,0
97.43,28.74,69.74,63.14,12.16,0
22.47,13.67,58.83,115.06,3.08,0
19.38,28.36,98.97,498.23,12.47,0
29.21,57.2,94.37,438.93,9.51,0
5.61,20.97,29.68,72.64,1.52,0
21.32,39.16,50.23,475.18,2.01,0
80.15,44.52,86.37,4.82,0.19,0
51.98,10.7,40.2,340.44,7.75,0
28.69,20.09,58.0,327.35,6.51,0
0.64,31.81,42.97,177.81,9.32,0
24.78,58.64,20.31,119.06,4.42,0
4.9,-7.19,29.38,11.25,9.98,1
65.19,4.06,14.51,462.79,11.1,0
10.85,11.44,76.42,125.58,11.26,0
90.16,55.11,77.65,215.46,3.69,0
2.33,19.94,75.27,315.02,5.06,0
70.87,-7.03,75.81,417.13,12.82,0
43.76,21.07,47.58,112.62,4.49,0
57.23,20.04,50.63,157.11,7.1,0
68.13,43.73,44.0,452.53,5.0,0
5.64,41.87,39.44,329.21,13.25,0
50.22,25.55,5.32,136.29,1.37,0
20.01,24.07,40.81,325.83,3.42,0
32.13,55.22,79.12,295.35,10.3,0
65.73,58.35,97.67,54.77,0.46,0
50.2,2.23,45.86,85.7,8.51,0
15.93,28.2,14.79,334.07,7.56,0
44.73,19.25,49.22,298.64,3.24,0
50.94,25.72,1.47,392.3,13.47,0
8.0,42.04,40.67,332.92,3.19,0
69.25,30.91,24.65,317.31,7.12,0
44.77,35.1,73.78,179.23,7.91,0
25.18,14.85,59.82,367.61,12.56,0
37.97,38.86,50.93,337.82,2.96,0
74.99,44.89,62.81,342.05,10.35,0
16.9,18.9,33.98,456.49,11.14,0
47.96,8.82,28.07,162.73,8.05,0
78.4,18.98,74.26,417.55,4.19,0
49.99,54.19,76.59,496.91,11.35,0
38.97,16.49,26.3,211.12,3.35,0
64.8,49.18,63.61,410.74,4.6,0
88.9,-8.86,69.17,192.97,6.08,0
49.6,40.78,50.24,312.32,2.89,0
18.96,43.51,8.46,495.52,5.63,0
10.75,39.7,70.29,16.41,11.38,1
18.38,10.57,99.63,137.53,6.28,0
69.49,52.52,33.91,490.46,9.94,0
65.72,34.96,68.14,185.77,13.74,0
1.16,33.62,47.96,355.84,8.25,0
7.51,2.81,30.56,31.98,3.98,0
84.27,12.74,43.76,202.61,12.69,0
93.81,34.91,21.41,77.81,11.87,0
37.61,11.58,30.75,433.81,2.98,0
48.63,27.74,58.58,35.81,1.93,0
52.57,28.62,1.35,349.5,0.0,0
87.33,20.87,82.58,295.3,7.99,0
50.66,25.61,12.36,317.28,4.1,0
70.65,23.48,82.87,247.51,9.86,0
28.22,46.54,54.17,50.29,8.6,0
24.36,47.14,73.1,437.1,6.65,0
75.56,23.9,91.16,373.76,10.81,0
54.81,-8.19,54.06,160.08,4.55,0
22.0,2.87,6.82,252.57,5.82,0
33.67,47.18,70.39,139.29,5.26,0
86.08,58.18,34.34,11.65,11.26,0
70.61,24.4,13.45,357.86,6.82,0
20.33,59.49,82.89,323.29,5.05,0
1.97,12.83,46.09,431.68,7.95,0
55.04,12.95,87.68,403.37,0.81,0
15.64,15.25,28.85,413.21,5.99,0
45.07,14.66,41.77,441.03,3.59,0
35.15,37.03,43.6,389.89,1.09,0
18.93,18.34,57.62,207.1,13.27,0
82.22,4.61,90.35,325.4,0.89,0
60.37,-3.91,86.4,262.29,5.51,0
24.5,16.11,79.68,142.31,6.54,0
7.91,14.03,36.99,267.74,12.72,0
79.06,20.3,25.28,369.13,4.99,0
33.99,38.44,2.64,325.61,3.91,0
74.73,59.17,21.5,150.37,1.34,0
44.96,10.3,74.32,209.16,6.46,0
76.16,13.87,82.49,6.94,10.91,0
89.56,32.32,17.81,265.24,8.39,0
60.5,-2.53,30.24,124.4,5.86,0
51.07,7.03,60.96,110.7,9.07,0
74.97,12.18,19.1,492.58,11.2,0
17.48,41.29,3.31,80.25,13.27,0
42.72,39.51,41.71,43.34,9.34,0
73.26,55.56,73.04,291.67,4.27,0
81.4,27.28,50.94,9.36,9.87,0
72.78,39.95,49.08,352.11,13.2,0
43.66,24.12,42.63,1.37,6.47,0
92.19,25.58,87.93,432.01,3.87,0
32.79,1.47,44.47,411.29,0.5,0
23.13,34.08,37.06,264.86,10.28,0
30.86,14.09,93.58,328.79,9.1,0
51.76,59.54,30.18,150.17,3.11,0
65.88,50.64,36.92,346.6,6.36,0
37.79,32.72,61.73,23.19,10.21,0
31.97,51.48,13.55,81.65,3.82,0
41.91,25.23,32.4,370.33,3.79,0
27.83,44.46,78.93,325.0,4.99,0
93.55,18.65,23.07,66.53,10.41,0
10.29,30.17,72.28,114.2,7.12,0
43.78,22.0,84.16,55.47,1.48,0
42.29,48.08,25.29,151.11,13.55,0
61.12,53.79,96.21,406.35,5.69,0
94.6,39.53,79.99,70.75,7.09,0
66.57,-0.95,38.75,230.83,12.85,0
89.49,21.39,71.73,455.42,0.95,0
88.2,25.11,89.3,336.59,12.36,0
25.71,56.96,76.6,206.71,10.26,0
5.75,-6.76,69.74,32.8,9.3,0
47.13,-3.45,13.51,396.48,9.41,0
32.07,34.36,44.83,382.76,6.29,0
10.78,16.52,99.12,442.59,11.19,0
58.23,11.11,4.31,119.76,13.08,0
85.07,45.99,64.88,398.45,1.58,0
88.64,-9.05,95.22,319.47,0.28,0
8.16,24.66,38.25,24.53,6.34,0
81.28,29.11,60.68,381.62,12.24,0
80.37,8.2,49.95,39.69,2.97,0
6.89,42.21,91.41,98.9,2.62,0
27.65,6.45,64.32,156.94,13.22,0
97.16,27.62,97.88,389.09,10.93,0
95.08,13.41,84.98,448.68,3.08,0
2.45,49.01,13.9,117.18,7.39,0
62.2,-3.26,7.65,375.8,10.75,0
19.44,50.98,54.66,406.44,4.34,0
59.37,7.23,56.72,37.76,4.51,0
25.95,52.13,76.47,150.77,5.94,0
26.06,10.58,85.12,235.27,12.13,0
58.38,31.11,4.16,6.63,10.33,0
10.16,-5.57,31.44,236.09,2.7,0
10.29,53.4,70.12,445.18,5.96,0
9.39,11.32,73.62,226.31,10.29,0
16.51,8.76,50.66,17.88,5.24,1
63.3,28.89,18.21,50.18,4.25,0
1.21,43.91,63.8,411.84,6.66,0
38.62,-1.82,61.45,242.89,9.27,0
38.47,12.85,85.11,482.49,4.11,0
74.58,30.48,4.53,172.26,0.89,0
67.21,26.61,72.37,318.59,3.11,0
93.31,57.14,10.48,390.91,13.9,0
19.25,34.41,14.15,102.11,1.28,0
34.22,31.0,47.79,336.4,1.41,0
4.71,44.37,68.86,203.62,0.09,0
24.26,8.4,1.48,244.29,7.42,0
75.3,17.79,26.85,162.75,13.87,0
74.76,30.25,53.65,434.92,3.79,0
99.48,21.98,73.14,66.6,6.17,0
38.31,41.15,10.24,156.68,12.33,0
10.51,53.45,32.84,196.97,0.68,0
71.84,29.74,27.21,292.55,10.66,0
86.79,38.37,0.33,355.98,3.07,0
52.78,-6.4,47.23,262.22,6.17,0
86.88,28.11,54.45,60.65,8.11,0
91.62,33.45,55.96,284.96,4.7,0
78.05,57.66,91.33,228.38,6.07,0
19.71,34.11,67.09,424.35,10.97,0
63.14,0.16,8.12,47.54,8.29,0
91.63,25.89,41.12,86.68,11.16,0
60.5,55.73,46.49,5.89,13.37,0
8.01,-1.05,30.4,83.23,6.59,0
51.42,56.6,29.96,433.63,3.49,0
24.27,27.84,47.36,353.37,6.97,0
10.23,45.78,58.73,383.03,4.62,0
97.75,12.94,36.82,42.02,0.93,0
34.13,34.91,72.07,328.65,11.35,0
86.28,16.93,4.44,102.87,2.58,0
33.53,52.38,38.46,457.6,6.18,0
22.74,47.19,79.39,26.62,7.97,0
76.25,-4.02,17.73,456.32,2.32,0
61.63,53.76,74.59,357.08,9.84,0
70.55,41.5,85.5,329.64,10.47,0
72.64,9.04,71.21,31.27,0.7,0
18.35,43.62,91.63,468.31,1.17,0
48.74,28.42,66.32,334.01,4.79,0
51.55,5.47,40.0,107.77,7.22,0
52.37,37.15,47.43,470.88,7.01,0
26.38,32.19,5.58,490.7,7.17,0
1.2,-5.14,40.25,21.72,7.59,0
37.01,-1.14,48.16,93.89,8.65,0
9.38,50.5,61.43,163.7,8.9,0
41.27,53.07,36.28,158.5,5.87,0
46.91,16.13,59.26,334.41,11.88,0
76.22,2.96,21.64,242.1,10.14,0
27.47,35.32,32.33,70.37,3.49,0
2.69,52.39,34.13,48.68,4.83,0
30.32,0.93,87.6,426.91,7.37,0
81.74,23.17,66.65,196.15,4.21,0
53.2,23.75,4.81,332.81,0.13,0
43.85,-8.98,44.04,146.36,6.75,0
69.77,25.46,88.09,50.28,7.88,0
57.22,-7.21,89.63,224.24,1.95,0
98.62,5.06,45.21,269.2,9.45,0
35.9,-9.33,13.65,407.61,13.49,0
18.89,55.39,92.78,227.38,13.87,0
75.66,16.85,1.53,58.51,10.92,0
84.38,-6.27,62.32,328.39,10.26,0
67.59,20.88,23.18,385.57,9.04,0
62.75,59.33,73.95,42.64,5.95,0
32.01,25.31,70.26,13.83,7.74,1
95.85,-1.62,1.19,189.68,6.86,0
87.85,7.95,41.41,233.68,9.51,0
9.6,27.61,13.2,35.52,0.32,0
61.88,22.24,49.43,285.47,1.93,0
96.32,-4.16,69.59,4.39,1.99,0
95.45,43.93,1.67,33.77,3.67,0
29.32,45.89,13.5,438.17,13.5,0
53.1,34.66,5.25,206.65,10.04,0
74.29,1.74,73.58,328.41,6.46,0
76.51,52.44,19.54,466.09,10.21,0
1.09,48.29,67.99,437.99,7.76,0
54.27,14.92,55.15,206.68,0.96,0
19.97,-3.82,31.71,235.59,2.91,0
85.63,51.76,1.53,160.44,3.26,0
7.03,-6.57,25.51,262.81,11.84,0
50.17,29.64,71.07,35.82,10.9,0
3.64,-4.05,50.99,277.73,8.54,0
59.62,17.66,31.97,160.91,4.53,0
29.35,50.11,5.49,150.1,13.5,0
20.39,11.18,96.32,488.7,3.67,0
71.29,21.32,76.98,307.39,10.31,0
60.72,7.34,60.08,151.47,10.36,0
1.58,7.15,15.42,196.48,8.61,0
64.47,18.82,34.28,323.03,4.57,0
69.82,22.2,68.92,5.91,2.95,0
36.61,4.67,78.83,212.57,2.92,0
66.74,21.51,81.46,466.11,11.43,0
18.64,0.02,99.88,6.76,2.82,1
18.07,1.78,50.87,136.4,12.47,0
2.99,22.22,78.37,30.51,12.51,0
29.57,57.74,80.97,175.5,5.06,0
99.61,18.41,61.85,85.21,4.82,0
66.5,38.64,81.03,179.38,7.12,0
69.84,55.1,14.68,308.47,10.46,0
32.71,42.41,48.48,34.12,7.68,0
41.92,43.62,88.38,7.82,2.89,0
66.89,7.7,63.93,178.8,13.31,0
67.47,52.16,11.1,182.8,8.67,0
13.61,8.32,17.28,192.45,9.95,0
39.24,34.49,35.17,317.26,2.56,0
16.58,59.41,94.61,427.07,2.76,0
53.76,52.49,13.58,245.48,6.35,0
32.43,22.13,18.11,24.91,7.88,0
95.21,23.39,70.08,432.12,0.96,0
72.87,5.27,16.62,414.45,12.59,0
95.82,19.68,55.82,484.93,3.01,0
31.14,-3.35,86.23,448.0,9.57,0
42.35,53.27,15.04,363.1,5.49,0
51.94,57.11,12.17,493.18,2.55,0
76.53,20.64,39.51,330.36,6.64,0
13.98,45.06,85.49,109.56,9.44,0
38.92,3.69,50.82,439.22,5.53,0
94.96,18.33,14.77,258.4,4.84,0
9.51,19.87,66.51,187.15,2.14,0
54.19,2.6,30.75,191.4,7.15,0
81.27,-8.47,6.45,451.25,6.21,0
24.75,30.88,40.2,28.96,5.07,0
34.26,35.37,73.12,243.9,1.33,0
70.39,31.61,91.62,262.67,7.84,0
29.03,13.2,10.97,77.4,11.72,0
82.7,26.07,8.67,334.63,2.59,0
4.41,53.68,76.15,93.62,13.76,0
15.69,-8.92,78.1,281.84,12.26,0
46.71,3.33,91.53,267.59,7.9,0
18.67,2.24,29.41,481.64,11.17,0
1.93,17.02,41.1,268.72,6.6,0
70.06,50.48,61.57,448.37,12.85,0
12.75,54.34,44.19,150.74,8.77,0
20.04,53.6,78.53,170.78,9.35,0
56.46,-1.04,15.58,347.54,10.67,0
75.23,45.53,83.12,191.28,1.1,0
34.7,6.22,38.37,284.34,1.3,0
20.23,3.47,80.92,253.48,1.26,0
83.98,52.6,54.87,439.36,0.53,0
45.09,3.11,91.64,216.91,4.22,0
95.38,37.05,78.56,318.47,2.54,0
1.88,7.23,38.53,12.94,8.86,1
92.79,-1.25,17.2,216.69,5.36,0
52.35,34.77,30.97,173.58,7.56,0
56.76,44.76,35.67,452.3,5.34,0
71.37,28.55,18.09,215.72,13.4,0
4.2,1.93,49.19,274.2,11.9,0
86.64,33.96,35.73,46.71,13.67,0
35.05,1.17,58.01,85.55,13.09,0
44.2,13.57,94.83,448.78,1.08,0
64.39,24.4,45.31,265.82,8.66,0
3.39,50.65,82.32,470.25,6.6,0
63.91,24.86,22.3,460.87,7.29,0
44.29,34.03,75.72,460.56,3.98,0
78.03,38.01,16.05,464.27,6.58,0
99.03,43.04,39.11,263.92,3.96,0
43.8,15.97,6.36,250.05,6.51,0
3.15,28.51,19.7,365.6,12.34,0
93.08,48.74,65.0,395.69,1.93,0
76.24,25.75,13.38,404.21,9.08,0
1.82,17.71,77.42,164.3,13.64,0
55.95,-8.97,73.55,117.58,6.64,0
78.63,46.82,69.74,391.41,9.71,0
11.96,10.27,8.42,352.73,1.63,0
67.36,-1.7,71.36,95.27,12.07,0
0.69,27.78,72.4,0.42,12.21,1
24.93,10.0,62.17,174.56,8.19,0
30.59,51.74,57.93,232.41,8.81,0
80.65,-7.68,35.01,343.52,8.13,0
83.14,10.33,96.31,57.91,4.26,0
67.6,4.67,3.49,493.48,12.7,0
87.93,40.57,41.61,236.44,5.08,0
45.69,55.26,98.33,457.28,1.68,0
92.74,44.28,52.54,64.71,4.54,0
72.24,33.97,15.14,205.85,9.61,0
21.13,-0.48,84.76,235.0,2.49,0
40.09,19.31,90.7,97.88,1.17,0
9.32,5.59,66.39,34.56,8.23,0
49.41,53.18,12.84,291.45,12.79,0
38.89,33.89,35.44,402.63,3.09,0
55.81,5.74,97.29,148.81,4.05,0
92.39,17.26,5.36,23.96,1.12,0
65.01,18.99,70.89,304.61,11.94,0
67.22,45.63,50.4,144.93,4.09,0
41.2,-5.74,33.4,230.03,9.09,0
57.91,30.81,22.31,277.99,12.42,0
13.12,41.84,27.0,42.46,1.03,0
6.71,36.14,88.23,43.56,5.22,0
63.18,43.53,52.03,4.9,2.33,0
68.8,19.12,89.64,461.01,11.84,0
48.64,42.13,47.07,322.95,1.9,0
62.83,11.96,8.22,78.91,7.23,0
76.31,31.26,20.14,372.21,0.1,0
32.78,30.77,82.28,180.63,1.37,0
40.42,21.98,98.09,403.27,7.54,0
60.15,13.16,22.4,470.31,12.91,0
50.58,6.97,71.54,24.28,11.0,0
67.46,-6.0,50.89,193.48,7.92,0
6.07,-7.67,31.33,423.85,0.91,0
57.84,1.31,81.48,230.74,8.88,0
62.81,52.84,98.01,359.45,4.9,0
39.05,-4.01,60.06,172.7,0.63,0
35.23,9.77,32.56,170.74,1.21,0
41.33,24.06,48.77,56.0,13.94,0
68.97,-0.83,85.32,448.44,2.01,0
5.87,-4.15,6.45,393.19,12.11,0
36.47,6.76,24.75,328.07,10.79,0
79.66,51.27,82.04,111.28,6.23,0
18.83,1.55,21.97,264.04,5.27,0
30.62,27.87,64.14,385.14,13.47,0
29.51,42.32,17.56,66.08,7.55,0
23.05,33.28,57.06,133.37,7.74,0
28.39,-3.5,55.18,260.67,10.6,0
32.08,42.28,36.32,313.87,6.77,0
38.57,27.66,21.07,351.09,4.86,0
54.29,35.54,32.01,5.27,0.02,0
48.71,40.35,46.19,67.75,12.1,0
21.45,21.03,38.89,195.1,6.67,0
39.35,54.58,41.39,217.31,4.18,0
32.98,-8.54,26.9,170.01,11.66,0
22.07,22.97,48.44,445.24,2.03,0
48.08,5.41,91.97,92.16,5.38,0
46.42,44.65,50.8,341.11,9.66,0
99.47,36.34,65.36,9.87,9.66,0
97.89,49.42,96.8,285.22,12.76,0
70.71,40.39,34.62,407.55,13.77,0
29.66,2.85,82.88,78.79,9.39,0
92.56,2.3,72.83,153.27,11.5,0
63.62,23.93,41.08,294.19,12.52,0
94.81,8.1,78.06,209.95,12.93,0
12.25,-3.02,95.43,310.18,2.54,0
78.28,-5.74,77.18,130.8,4.45,0
80.62,-2.51,7.44,186.69,2.16,0
7.39,35.42,91.08,468.61,9.03,0
46.28,16.51,2.91,121.6,0.09,0
1.98,-1.51,86.74,481.56,2.79,0
50.89,48.61,87.53,186.56,4.71,0
65.9,11.87,57.76,156.07,12.49,0
45.7,48.64,19.77,201.85,0.3,0
54.27,53.62,54.78,244.52,5.55,0
49.35,-3.01,96.61,127.38,6.03,0
90.1,59.31,88.99,493.53,5.89,0
26.21,50.17,77.94,239.24,4.54,0
8.24,48.98,51.28,321.83,11.0,0
32.24,14.12,78.73,164.88,8.8,0
60.32,17.87,10.26,177.44,6.69,0
64.04,-8.91,92.21,103.01,9.65,0
11.21,47.42,68.6,194.44,11.52,0
31.75,23.29,96.33,359.57,10.67,0
91.37,17.1,26.82,306.27,7.83,0
63.48,24.42,9.12,173.98,4.67,0
31.44,44.15,10.42,258.38,6.14,0
76.44,2.63,0.59,76.64,8.12,0
0.06,-5.36,85.88,132.75,6.76,0
98.48,-6.46,51.98,165.89,12.92,0
13.23,2.42,32.22,358.09,3.47,0
97.49,29.42,42.92,62.72,6.03,0
81.53,31.64,85.63,331.52,5.43,0
68.56,36.03,61.69,165.09,13.92,0
32.36,-7.33,72.48,311.61,8.54,0
50.13,-0.19,12.83,366.24,9.13,0
41.76,30.11,56.58,450.14,10.94,0
23.42,-6.84,17.94,413.64,2.77,0
35.73,30.04,4.04,446.44,4.62,0
37.77,17.32,57.25,404.16,1.4,0
82.29,37.42,94.32,444.79,10.64,0
28.75,-1.79,5.59,25.45,0.06,0
27.92,41.1,73.62,123.33,4.58,0
76.02,30.88,98.86,185.61,8.98,0
33.45,19.19,62.84,429.88,6.06,0
83.47,58.62,24.37,275.63,5.37,0
67.52,13.7,82.46,381.1,7.17,0
31.89,34.37,19.64,58.2,1.17,0
12.06,3.86,33.88,113.34,6.26,0
80.68,29.13,85.6,476.8,7.48,0
25.83,37.91,57.34,135.65,3.54,0
11.97,40.73,41.55,1.54,8.69,1
8.96,48.07,26.64,131.32,2.97,0
71.16,10.82,61.3,404.99,2.45,0
68.51,8.25,87.91,191.25,13.41,0
71.96,15.08,10.63,287.86,9.41,0
52.67,58.77,23.06,349.51,3.9,0
43.72,-7.75,50.42,399.14,11.06,0
70.03,12.48,54.74,203.39,1.04,0
30.91,40.9,57.94,310.82,12.58,0
93.3,2.81,18.34,205.16,12.01,0
3.52,56.98,24.19,191.12,5.34,0
4.24,40.34,9.59,138.95,1.04,0
24.39,2.21,16.01,279.92,13.42,0
90.28,40.0,50.21,450.23,11.21,0
65.99,20.77,2.94,249.45,6.73,0
4.05,56.64,44.92,198.49,6.02,0
93.63,25.97,76.64,91.62,1.32,0
73.75,54.54,53.39,411.18,4.31,0
24.0,24.03,45.69,427.63,7.63,0
46.02,-6.2,5.47,414.95,9.1,0
86.53,38.47,91.99,85.13,1.6,0
20.97,38.9,49.15,423.72,7.81,0
84.42,14.96,30.25,416.0,2.02,0
32.38,6.94,94.98,5.24,6.95,1
86.44,57.68,27.91,320.74,5.6,0
36.84,56.14,31.38,453.42,8.19,0
71.35,58.53,65.21,11.6,8.32,0
69.63,9.24,73.53,399.92,4.0,0
97.15,1.59,75.07,192.08,10.91,0
46.07,31.08,2.74,58.13,0.95,0
9.06,10.66,56.82,289.2,2.66,0
73.52,-4.52,12.76,35.69,3.14,0
97.74,1.24,78.96,267.45,0.76,0
14.19,58.05,31.47,317.47,12.91,0
23.33,6.12,16.18,161.36,5.33,0
69.75,24.92,94.7,173.88,1.7,0
89.72,42.06,47.47,129.6,3.46,0
6.13,51.89,52.92,94.81,13.27,0
60.72,53.96,67.69,258.94,3.05,0
83.04,32.06,79.46,410.23,2.55,0
52.47,-5.19,54.34,198.63,4.64,0
22.76,58.78,80.28,221.16,8.33,0
41.19,38.52,25.96,445.79,10.83,0
88.96,13.2,23.76,372.87,12.89,0
64.33,38.53,61.01,96.13,3.45,0
14.06,13.6,0.87,332.46,13.75,0
77.42,17.13,20.88,305.19,1.05,0
34.84,35.77,48.71,70.83,13.76,0
70.47,4.4,75.23,404.36,0.88,0
68.8,-8.13,47.46,483.54,10.96,0
88.46,42.53,94.96,242.27,8.67,0
35.48,16.57,21.43,113.78,1.58,0
40.59,-2.05,19.19,122.79,11.58,0
99.17,45.65,78.69,308.18,0.32,0
8.0,22.17,89.94,308.4,13.71,0
34.33,13.8,77.69,478.31,12.82,0
20.33,12.31,50.76,356.87,5.01,0
38.56,35.54,42.25,314.57,5.18,0
67.32,24.12,73.65,444.82,5.33,0
92.49,14.14,18.13,242.46,2.89,0
64.99,43.35,11.15,392.04,1.21,0
