scenario_id,soil_moisture_pct,temperature_c,humidity_pct,rainfall_mm,soil_ph,irrigation_target
SC07-00001,63.94,-8.25,27.5,111.61,10.31,0
SC07-00002,67.67,52.45,8.69,210.96,0.42,0
SC07-00003,21.86,25.37,2.65,99.42,9.1,0
SC07-00004,54.49,5.43,58.93,404.72,0.09,0
SC07-00005,80.58,38.87,34.03,77.74,13.4,0
SC07-00006,33.66,-3.51,9.67,423.75,8.45,0
SC07-00007,80.71,41.08,53.62,486.56,5.3,0
SC07-00008,55.2,48.06,61.85,430.85,8.08,0
SC07-00009,70.46,-6.79,22.79,144.69,1.12,0
SC07-00010,23.28,-2.93,27.8,317.84,5.11,0
SC07-00011,37.02,4.67,26.7,468.33,9.07,0
SC07-00012,60.91,1.98,72.91,81.7,5.31,0
SC07-00013,98.95,34.8,55.69,342.31,11.8,0
SC07-00014,77.6,6.03,3.21,157.73,3.75,0
SC07-00015,21.1,56.0,87.64,157.34,9.18,0
SC07-00016,39.56,54.02,45.89,132.44,3.45,0
SC07-00017,56.14,8.39,58.46,448.91,5.59,0
SC07-00018,21.93,59.83,50.95,45.45,0.66,0
SC07-00019,10.96,33.92,79.21,211.08,0.89,0
SC07-00020,38.16,59.73,52.91,485.54,12.05,0
SC07-00021,1.15,40.45,68.17,268.49,3.74,0
SC07-00022,64.1,-2.19,43.48,226.86,13.35,0
SC07-00023,87.59,8.44,50.06,89.33,12.78,0
SC07-00024,87.05,10.89,63.89,304.49,2.14,0
SC07-00025,76.25,27.76,77.86,265.18,0.01,0
SC07-00026,32.42,-8.64,92.91,439.36,11.64,0
SC07-00027,30.75,-5.95,87.8,473.47,1.2,0
SC07-00028,48.6,-5.16,76.06,382.92,1.8,0
SC07-00029,47.53,28.49,26.51,436.22,5.92,0
SC07-00030,21.18,27.75,72.99,100.58,4.36,0
SC07-00031,99.51,35.49,43.81,258.79,1.69,0
SC07-00032,22.47,13.67,58.83,115.06,3.08,0
SC07-00033,7.1,34.18,22.89,452.71,12.03,0
SC07-00034,7.09,6.66,66.9,107.12,1.85,0
SC07-00035,93.55,29.97,47.27,392.31,11.3,0
SC07-00036,19.04,-3.21,43.11,211.79,6.54,0
SC07-00037,72.91,37.14,98.42,49.21,5.64,0
SC07-00038,33.93,50.32,24.87,95.1,6.28,0
SC07-00039,42.19,9.5,24.98,461.63,6.2,0
SC07-00040,86.13,28.52,5.06,499.64,11.7,0
SC07-00041,96.9,54.85,84.87,83.16,6.8,0
SC07-00042,21.37,18.07,5.86,189.49,13.79,0
SC07-00043,26.52,44.88,45.5,211.5,13.4,0
SC07-00044,99.54,28.9,71.84,77.4,4.15,0
SC07-00045,96.87,30.54,54.22,373.99,0.8,0
SC07-00046,58.42,25.2,85.27,78.72,13.45,0
SC07-00047,8.01,3.01,59.5,337.61,3.29,0
SC07-00048,11.99,52.32,24.62,297.26,8.67,0
SC07-00049,41.92,30.86,52.28,467.35,2.86,0
SC07-00050,71.62,6.71,39.58,335.85,4.2,0
SC07-00051,31.62,42.63,7.25,229.14,13.98,0
SC07-00052,99.61,-4.87,21.32,132.6,13.07,0
SC07-00053,88.09,51.55,36.95,78.87,11.67,0
SC07-00054,70.35,32.82,98.72,326.99,0.11,0
SC07-00055,81.71,10.96,66.34,469.47,1.88,0
SC07-00056,11.54,-2.51,55.32,136.17,8.47,0
SC07-00057,71.76,4.25,63.42,131.99,6.84,0
SC07-00058,90.53,49.23,9.23,211.79,3.87,0
SC07-00059,0.35,43.98,63.71,130.98,10.38,0
SC07-00060,55.17,19.94,0.97,37.62,12.36,0
SC07-00061,90.39,28.19,83.46,291.25,2.07,0
SC07-00062,12.74,11.58,89.9,398.06,12.05,0
SC07-00063,89.89,4.71,24.95,51.4,10.92,0
SC07-00064,88.41,18.45,62.07,77.28,13.02,0
SC07-00065,86.46,58.33,81.08,440.71,0.35,0
SC07-00066,73.66,13.25,93.08,401.12,12.1,0
SC07-00067,81.07,8.68,78.74,54.05,12.21,0
SC07-00068,85.86,5.57,81.66,230.15,4.27,0
SC07-00069,79.53,5.93,2.37,96.56,4.6,0
SC07-00070,86.44,57.68,27.91,320.74,5.6,0
SC07-00071,98.11,27.54,93.92,57.67,13.59,0
SC07-00072,17.86,57.38,26.55,54.2,6.08,0
SC07-00073,72.85,11.96,60.62,255.71,5.39,0
SC07-00074,57.66,7.83,70.88,0.85,12.96,0
SC07-00075,53.85,40.36,74.2,335.31,5.1,0
SC07-00076,7.0,36.5,33.02,156.96,11.87,0
SC07-00077,71.98,11.02,30.93,204.2,5.63,0
SC07-00078,29.57,-1.09,42.04,470.18,9.48,0
SC07-00079,90.28,33.09,30.09,273.97,0.01,0
SC07-00080,28.69,20.09,58.0,327.35,6.51,0
SC07-00081,44.22,4.96,47.32,450.59,11.14,0
SC07-00082,16.97,-4.06,51.55,316.47,4.69,0
SC07-00083,81.84,42.58,67.28,112.32,2.79,0
SC07-00084,2.44,7.14,47.51,424.87,1.02,0
SC07-00085,41.44,34.08,19.44,348.18,6.92,0
SC07-00086,24.4,35.92,0.55,375.48,10.78,0
SC07-00087,10.66,19.76,17.59,478.98,7.25,0
SC07-00088,5.02,7.44,84.83,228.23,11.22,0
SC07-00089,66.76,59.15,59.55,475.02,12.48,0
SC07-00090,61.27,40.35,50.48,415.28,7.67,0
SC07-00091,89.72,42.06,47.47,129.6,3.46,0
SC07-00092,63.77,43.61,52.13,313.37,3.84,0
SC07-00093,7.75,10.0,27.17,159.85,7.56,0
SC07-00094,13.84,6.19,69.39,353.21,0.9,0
SC07-00095,40.76,27.98,41.58,103.42,5.88,0
SC07-00096,90.48,30.89,69.55,428.37,10.72,0
SC07-00097,38.04,-9.59,35.18,376.74,11.95,0
SC07-00098,95.34,19.33,74.75,273.07,8.45,0
SC07-00099,22.05,5.36,43.58,14.51,4.71,1
SC07-00100,67.91,18.3,16.5,233.7,1.79,0
SC07-00101,62.23,-8.11,39.4,282.2,0.38,0
SC07-00102,64.27,-0.5,46.17,25.14,5.31,0
SC07-00103,21.17,12.88,76.12,189.56,10.53,0
SC07-00104,83.19,7.66,8.19,9.69,7.55,0
SC07-00105,99.99,14.5,65.01,390.62,9.12,0
SC07-00106,75.42,56.47,19.94,10.19,2.13,0
SC07-00107,12.62,36.86,56.4,108.98,9.79,0
SC07-00108,76.69,1.75,60.72,373.96,1.6,0
SC07-00109,81.93,57.53,10.81,12.84,4.37,0
SC07-00110,67.73,57.07,39.67,357.51,1.06,0
SC07-00111,69.06,33.91,10.19,386.24,11.9,0
SC07-00112,60.04,-1.53,98.38,391.32,4.86,0
SC07-00113,42.84,15.94,50.6,170.62,11.89,0
SC07-00114,82.23,-2.61,96.08,317.79,11.6,0
SC07-00115,70.73,20.48,73.38,482.74,3.78,0
SC07-00116,80.82,27.67,48.35,217.79,10.23,0
SC07-00117,26.84,49.62,83.07,43.33,12.34,0
SC07-00118,24.39,22.53,61.03,189.49,0.4,0
SC07-00119,85.1,2.73,21.21,398.92,4.76,0
SC07-00120,88.03,39.08,27.63,5.08,13.27,0
SC07-00121,8.56,40.41,48.86,379.08,9.67,0
SC07-00122,64.59,24.36,79.29,46.53,3.1,0
SC07-00123,69.18,11.43,58.16,236.63,7.43,0
SC07-00124,42.55,42.22,33.08,351.43,3.79,0
SC07-00125,25.14,-1.55,19.26,59.78,7.5,0
SC07-00126,76.22,2.96,21.64,242.1,10.14,0
SC07-00127,97.66,26.72,28.3,50.26,2.72,0
SC07-00128,22.75,2.56,1.41,267.07,3.84,0
SC07-00129,97.43,28.74,69.74,63.14,12.16,0
SC07-00130,49.09,51.09,57.41,234.7,6.17,0
SC07-00131,18.44,-6.4,94.11,238.86,11.51,0
SC07-00132,40.07,-4.81,62.94,26.8,2.09,0
SC07-00133,56.28,11.27,99.39,59.23,10.7,0
SC07-00134,60.63,45.35,22.57,261.29,6.31,0
SC07-00135,44.27,50.21,99.0,152.69,8.69,0
SC07-00136,60.96,41.81,94.76,103.89,2.95,0
SC07-00137,66.04,0.99,17.38,37.53,0.04,0
SC07-00138,45.05,31.57,29.13,115.74,9.9,0
SC07-00139,70.3,21.78,68.74,461.96,11.03,0
SC07-00140,62.51,36.28,93.37,212.57,7.62,0
SC07-00141,64.76,53.59,82.66,35.7,2.32,0
SC07-00142,30.76,42.43,56.92,144.31,1.74,0
SC07-00143,68.87,38.98,94.27,250.24,6.91,0
SC07-00144,8.04,-7.21,43.2,161.16,3.51,0
SC07-00145,9.13,57.33,83.6,287.6,13.31,0
SC07-00146,99.96,37.06,26.95,20.12,10.59,0
SC07-00147,47.05,35.61,91.61,90.74,8.19,0
SC07-00148,63.48,24.42,9.12,173.98,4.67,0
SC07-00149,67.01,50.04,32.98,346.84,4.04,0
SC07-00150,94.52,46.95,55.01,227.41,4.4,0
SC07-00151,32.33,57.91,40.42,257.3,13.83,0
SC07-00152,65.77,27.98,41.32,93.79,5.06,0
SC07-00153,75.64,33.78,76.0,101.78,7.69,0
SC07-00154,92.77,20.67,69.83,60.71,13.62,0
SC07-00155,60.89,6.75,15.84,275.42,7.73,0
SC07-00156,9.32,59.46,91.29,230.72,1.64,0
SC07-00157,83.21,24.89,71.66,254.44,3.83,0
SC07-00158,83.47,58.62,24.37,275.63,5.37,0
SC07-00159,92.19,25.58,87.93,432.01,3.87,0
SC07-00160,79.0,19.05,93.42,253.87,11.49,0
SC07-00161,28.28,10.9,58.69,499.45,6.85,0
SC07-00162,14.86,27.7,34.51,275.96,7.61,0
SC07-00163,45.53,12.52,18.87,348.75,8.01,0
SC07-00164,23.36,44.29,4.36,372.35,9.87,0
SC07-00165,81.14,17.03,66.37,410.37,13.73,0
SC07-00166,49.53,-7.41,50.23,295.09,12.18,0
SC07-00167,87.42,20.82,52.6,228.46,10.11,0
SC07-00168,41.0,35.83,15.44,234.75,13.57,0
SC07-00169,33.86,38.49,64.98,425.88,11.93,0
SC07-00170,85.93,16.6,31.67,359.36,10.63,0
SC07-00171,87.24,-7.49,6.84,315.58,12.89,0
SC07-00172,99.74,42.27,43.4,49.22,8.87,0
SC07-00173,87.26,21.06,69.4,451.71,0.64,0
SC07-00174,79.61,10.54,37.48,72.78,7.44,0
SC07-00175,56.59,45.48,17.0,39.48,12.19,0
SC07-00176,61.97,6.86,91.28,71.56,6.46,0
SC07-00177,25.4,7.87,0.94,402.32,12.62,0
SC07-00178,67.76,1.06,44.17,172.78,8.23,0
SC07-00179,63.89,19.7,25.01,422.65,2.79,0
SC07-00180,38.47,23.82,23.72,285.96,8.05,0
SC07-00181,99.27,10.67,97.79,329.11,3.84,0
SC07-00182,56.59,38.01,74.47,24.52,8.49,0
SC07-00183,49.67,53.29,28.62,399.43,8.5,0
SC07-00184,35.23,34.56,62.09,338.88,10.09,0
SC07-00185,65.92,48.68,62.82,451.7,9.05,0
SC07-00186,30.89,20.86,57.96,366.18,1.26,0
SC07-00187,29.51,42.32,17.56,66.08,7.55,0
SC07-00188,97.15,27.16,91.35,415.24,3.6,0
SC07-00189,82.47,23.73,80.65,373.28,4.74,0
SC07-00190,11.52,57.4,14.08,483.25,12.04,0
SC07-00191,72.42,58.6,96.73,402.29,5.12,0
SC07-00192,79.07,-9.03,53.66,227.39,9.42,0
SC07-00193,67.23,30.92,82.24,470.15,1.52,0
SC07-00194,23.38,-8.25,88.42,280.7,12.81,0
SC07-00195,22.14,-5.57,82.39,454.69,4.23,0
SC07-00196,40.83,-0.22,94.63,152.18,6.9,0
SC07-00197,9.72,52.11,13.57,226.82,9.39,0
SC07-00198,74.31,56.22,41.91,371.13,2.16,0
SC07-00199,41.49,-3.07,48.93,204.06,13.32,0
SC07-00200,3.27,15.94,44.34,475.28,11.98,0
SC07-00201,9.94,38.0,54.45,488.92,5.02,0
SC07-00202,39.81,3.29,12.22,424.02,6.37,0
SC07-00203,66.28,34.92,59.71,10.68,11.02,0
SC07-00204,24.36,-1.19,56.46,34.31,10.71,0
SC07-00205,20.72,5.12,86.97,164.28,2.07,0
SC07-00206,90.05,-9.8,85.84,72.34,1.82,0
SC07-00207,25.07,2.21,66.11,12.89,0.21,1
SC07-00208,79.0,6.66,32.38,87.12,0.73,0
SC07-00209,74.17,26.83,74.57,238.12,10.89,0
SC07-00210,51.32,-2.37,50.38,472.71,0.61,0
SC07-00211,78.32,50.69,52.15,229.02,13.5,0
SC07-00212,6.08,23.53,40.16,343.05,6.86,0
SC07-00213,90.97,-4.86,8.08,304.15,0.92,0
SC07-00214,27.5,34.32,54.84,162.59,13.92,0
SC07-00215,53.06,21.76,60.54,49.59,9.82,0
SC07-00216,85.28,35.56,76.9,360.42,3.01,0
SC07-00217,45.16,5.99,33.89,226.75,5.82,0
SC07-00218,9.51,19.87,66.51,187.15,2.14,0
SC07-00219,92.3,-5.3,83.18,46.62,1.35,0
SC07-00220,73.88,46.82,55.64,293.23,7.86,0
SC07-00221,32.96,-1.44,35.36,332.67,10.5,0
SC07-00222,86.81,40.47,96.84,300.21,4.92,0
SC07-00223,57.79,4.89,65.67,112.12,1.52,0
SC07-00224,84.54,15.73,76.26,287.05,11.3,0
SC07-00225,84.52,58.22,81.84,306.79,9.0,0
SC07-00226,2.63,55.04,82.95,133.72,2.53,0
SC07-00227,70.27,11.63,33.98,3.05,12.18,0
SC07-00228,56.63,18.05,14.19,316.59,0.43,0
SC07-00229,74.61,5.06,41.98,170.45,5.18,0
SC07-00230,72.16,44.38,56.76,42.48,0.74,0
SC07-00231,15.74,33.25,67.4,136.05,9.27,0
SC07-00232,48.57,20.94,27.32,377.47,1.59,0
SC07-00233,42.99,9.83,67.85,243.32,9.34,0
SC07-00234,4.54,17.67,59.93,3.84,4.22,1
SC07-00235,21.12,-0.39,25.55,164.06,0.11,0
SC07-00236,74.7,2.3,38.02,351.84,7.0,0
SC07-00237,83.34,46.43,7.21,430.88,0.59,0
SC07-00238,1.87,54.48,86.21,287.88,8.03,0
SC07-00239,70.95,19.24,11.52,10.43,4.55,0
SC07-00240,80.13,33.27,83.2,459.88,1.23,0
SC07-00241,84.45,7.03,58.89,261.98,5.54,0
SC07-00242,31.03,13.77,33.31,84.07,7.15,0
SC07-00243,11.4,25.7,90.59,174.69,10.18,0
SC07-00244,81.89,47.05,23.63,73.22,2.76,0
SC07-00245,60.24,43.22,65.55,88.57,10.82,0
SC07-00246,49.41,42.81,75.99,224.45,12.94,0
SC07-00247,56.45,34.47,62.45,432.12,8.78,0
SC07-00248,15.1,-5.22,44.22,151.41,3.85,0
SC07-00249,5.62,25.51,31.04,225.96,0.8,0
SC07-00250,83.17,-4.63,86.43,427.65,8.61,0
SC07-00251,50.71,22.39,55.43,395.91,12.54,0
SC07-00252,44.97,46.69,65.18,160.76,6.66,0
SC07-00253,15.09,-5.67,10.35,449.56,4.81,0
SC07-00254,71.43,25.32,17.26,123.87,6.13,0
SC07-00255,43.94,26.59,15.87,186.43,3.96,0
SC07-00256,40.88,13.69,59.79,394.61,9.06,0
SC07-00257,6.59,-3.38,67.84,142.07,10.13,0
SC07-00258,65.66,53.44,87.33,166.68,8.16,0
SC07-00259,14.14,14.49,96.77,349.24,5.49,0
SC07-00260,59.5,55.66,30.96,188.34,11.08,0
SC07-00261,81.32,36.91,82.9,369.39,9.6,0
SC07-00262,52.64,35.22,42.34,180.91,5.08,0
SC07-00263,18.03,4.99,94.77,243.14,3.17,0
SC07-00264,13.76,-4.6,84.44,50.57,10.79,0
SC07-00265,83.51,51.86,3.77,168.38,10.73,0
SC07-00266,13.1,16.37,16.22,415.67,10.8,0
SC07-00267,80.9,1.59,43.77,205.43,9.47,0
SC07-00268,23.75,21.09,28.49,374.27,6.28,0
SC07-00269,53.4,11.66,80.86,234.51,11.69,0
SC07-00270,36.78,56.3,98.44,230.84,3.94,0
SC07-00271,38.19,26.92,96.63,408.45,11.22,0
SC07-00272,13.84,7.5,64.12,437.06,7.76,0
SC07-00273,10.26,49.21,85.12,142.53,10.68,0
SC07-00274,27.28,53.37,14.73,218.74,13.25,0
SC07-00275,22.2,21.58,34.96,13.34,0.75,1
SC07-00276,50.2,6.5,99.45,187.46,0.39,0
SC07-00277,93.08,48.74,65.0,395.69,1.93,0
SC07-00278,28.69,48.08,69.61,69.4,9.88,0
SC07-00279,44.86,-9.63,7.92,127.96,11.69,0
SC07-00280,54.88,40.91,52.78,55.59,4.03,0
SC07-00281,30.12,-6.66,41.98,396.95,6.4,0
SC07-00282,11.09,53.36,59.67,8.22,7.22,1
SC07-00283,24.19,0.05,42.92,307.4,3.37,0
SC07-00284,41.66,36.51,8.56,487.33,0.95,0
SC07-00285,52.61,25.51,98.83,277.08,5.47,0
SC07-00286,47.01,34.5,98.1,126.83,0.23,0
SC07-00287,78.85,14.14,73.29,314.13,10.8,0
SC07-00288,73.52,13.28,4.43,273.01,11.39,0
SC07-00289,17.51,44.54,46.46,347.69,8.84,0
SC07-00290,81.15,-5.58,77.62,228.84,4.11,0
SC07-00291,4.38,3.96,4.19,466.69,7.22,0
SC07-00292,98.91,28.01,25.33,376.65,2.68,0
SC07-00293,35.7,44.66,86.58,165.96,1.74,0
SC07-00294,36.8,52.26,74.33,447.32,5.41,0
SC07-00295,97.37,24.73,49.75,462.16,7.27,0
SC07-00296,80.11,40.9,7.89,301.23,11.51,0
SC07-00297,54.55,12.48,8.01,330.46,4.29,0
SC07-00298,60.26,19.83,68.98,175.77,0.59,0
SC07-00299,87.0,14.68,99.82,137.28,13.72,0
SC07-00300,94.79,-4.75,63.75,181.66,11.22,0
SC07-00301,67.94,56.7,14.28,303.79,10.94,0
SC07-00302,3.48,-5.29,77.85,183.16,5.36,0
SC07-00303,56.72,32.36,67.91,474.41,5.21,0
SC07-00304,76.31,30.17,52.95,199.02,9.09,0
SC07-00305,24.96,-2.06,73.57,249.52,5.42,0
SC07-00306,56.17,8.32,26.03,223.14,13.95,0
SC07-00307,28.56,54.15,49.12,61.32,11.94,0
SC07-00308,45.2,52.91,44.51,43.9,9.55,0
SC07-00309,84.55,12.37,34.74,32.47,7.59,0
SC07-00310,89.13,49.6,71.18,463.66,8.93,0
SC07-00311,79.37,25.61,12.14,100.49,1.94,0
SC07-00312,79.04,-8.16,55.4,184.46,11.25,0
SC07-00313,55.16,32.84,8.62,154.65,13.99,0
SC07-00314,71.89,26.8,76.92,411.67,1.03,0
SC07-00315,97.24,34.96,45.0,340.05,4.82,0
SC07-00316,87.8,44.62,63.98,90.98,13.53,0
SC07-00317,43.26,53.75,5.54,62.08,2.14,0
SC07-00318,16.47,12.59,70.93,173.01,13.17,0
SC07-00319,89.49,49.22,25.06,317.53,7.71,0
SC07-00320,12.52,11.2,53.35,251.29,2.36,0
SC07-00321,94.16,0.79,65.87,360.32,8.47,0
SC07-00322,84.25,29.45,82.52,14.19,0.64,0
SC07-00323,64.15,30.37,65.11,383.48,5.83,0
SC07-00324,63.9,24.86,62.72,144.84,13.39,0
SC07-00325,48.29,46.33,68.5,148.72,1.02,0
SC07-00326,5.99,20.77,48.43,102.01,8.49,0
SC07-00327,31.26,40.29,73.42,430.39,13.66,0
SC07-00328,13.08,15.94,56.17,159.56,6.53,0
SC07-00329,26.75,7.35,9.68,145.11,5.38,0
SC07-00330,61.54,7.38,86.53,79.85,4.58,0
SC07-00331,57.77,11.89,76.31,249.13,7.21,0
SC07-00332,49.88,11.6,2.32,472.62,7.08,0
SC07-00333,96.67,5.06,35.29,25.27,6.93,0
SC07-00334,88.23,35.8,47.06,268.35,11.86,0
SC07-00335,43.09,51.77,72.75,381.93,5.12,0
SC07-00336,40.06,29.92,19.47,276.61,1.03,0
SC07-00337,50.43,43.51,27.97,494.55,9.53,0
SC07-00338,11.88,58.26,39.39,397.45,4.75,0
SC07-00339,93.89,42.85,19.91,254.56,7.0,0
SC07-00340,4.53,-0.41,33.3,236.87,6.4,0
SC07-00341,60.63,26.09,32.8,306.53,2.28,0
SC07-00342,99.06,41.75,29.92,168.19,11.6,0
SC07-00343,53.23,39.61,29.98,407.87,5.16,0
SC07-00344,67.38,58.59,58.37,398.38,10.15,0
SC07-00345,68.8,-8.13,47.46,483.54,10.96,0
SC07-00346,77.62,30.43,72.14,291.76,2.39,0
SC07-00347,62.9,33.38,84.12,73.89,9.53,0
SC07-00348,3.16,56.37,10.99,9.47,4.39,1
SC07-00349,15.14,38.34,41.04,387.49,12.89,0
SC07-00350,87.28,41.51,6.23,69.04,2.9,0
SC07-00351,32.5,36.36,52.55,156.88,2.42,0
SC07-00352,91.21,13.96,35.43,385.99,10.09,0
SC07-00353,64.33,38.53,61.01,96.13,3.45,0
SC07-00354,55.81,5.74,97.29,148.81,4.05,0
SC07-00355,20.73,39.35,31.7,174.4,13.07,0
SC07-00356,79.54,9.14,12.19,338.31,5.32,0
SC07-00357,98.02,47.29,95.46,402.31,4.07,0
SC07-00358,28.76,39.99,34.64,221.19,3.59,0
SC07-00359,47.91,4.14,53.86,466.51,9.75,0
SC07-00360,13.73,33.1,58.68,121.23,9.38,0
SC07-00361,53.1,34.66,5.25,206.65,10.04,0
SC07-00362,10.05,43.95,0.52,275.18,13.01,0
SC07-00363,40.69,55.45,87.84,238.72,2.79,0
SC07-00364,96.39,12.48,64.59,453.97,1.25,0
SC07-00365,57.41,27.46,72.31,468.33,12.79,0
SC07-00366,17.51,51.76,17.58,459.82,13.96,0
SC07-00367,39.7,24.68,93.66,481.07,12.96,0
SC07-00368,87.67,-9.35,56.8,53.65,13.76,0
SC07-00369,28.46,59.24,54.33,246.96,13.14,0
SC07-00370,85.11,22.76,19.28,56.32,2.27,0
SC07-00371,45.89,8.01,18.62,368.31,11.07,0
SC07-00372,56.78,43.01,17.55,428.07,12.56,0
SC07-00373,82.7,26.07,8.67,334.63,2.59,0
SC07-00374,14.06,12.65,24.8,130.39,3.3,0
SC07-00375,75.38,56.78,30.19,361.44,0.16,0
SC07-00376,65.37,38.49,6.21,59.11,4.3,0
SC07-00377,40.54,25.18,89.51,351.78,4.35,0
SC07-00378,11.74,54.13,29.5,307.31,3.07,0
SC07-00379,13.36,0.72,74.77,302.87,5.82,0
SC07-00380,54.92,22.96,53.75,332.05,3.06,0
SC07-00381,24.75,42.83,87.31,40.94,6.25,0
SC07-00382,70.38,-4.53,56.42,30.88,7.67,0
SC07-00383,50.55,30.09,14.99,164.06,7.28,0
SC07-00384,11.62,4.38,58.31,45.47,7.15,0
SC07-00385,80.87,21.74,51.32,228.4,0.81,0
SC07-00386,46.24,46.48,72.33,197.97,11.43,0
SC07-00387,74.58,30.48,4.53,172.26,0.89,0
SC07-00388,99.41,55.42,6.9,466.89,0.44,0
SC07-00389,40.89,43.83,76.58,489.17,9.04,0
SC07-00390,42.04,59.5,38.25,434.81,12.69,0
SC07-00391,37.56,37.79,66.18,269.65,9.15,0
SC07-00392,34.78,2.49,53.73,264.42,10.19,0
SC07-00393,22.27,-9.76,2.27,149.18,9.43,0
SC07-00394,54.44,27.24,82.34,123.76,4.85,0
SC07-00395,27.56,55.62,72.5,56.42,11.33,0
SC07-00396,41.92,43.62,88.38,7.82,2.89,0
SC07-00397,10.09,-7.65,59.78,351.64,0.68,0
SC07-00398,74.05,18.16,23.43,108.63,12.09,0
SC07-00399,5.64,25.27,28.93,407.89,10.24,0
SC07-00400,31.89,31.85,67.25,160.33,4.22,0
SC07-00401,14.33,36.21,22.1,150.25,0.85,0
SC07-00402,94.85,51.58,91.16,313.0,5.98,0
SC07-00403,49.56,58.06,94.16,335.67,11.0,0
SC07-00404,31.87,19.14,14.92,188.23,10.56,0
SC07-00405,47.35,49.45,30.07,353.79,11.28,0
SC07-00406,91.47,29.37,96.78,278.64,1.88,0
SC07-00407,24.29,4.23,64.67,461.11,11.86,0
SC07-00408,9.25,40.72,19.05,134.23,9.43,0
SC07-00409,60.29,51.15,18.82,380.85,10.14,0
SC07-00410,55.89,23.56,86.95,166.48,13.4,0
SC07-00411,1.53,55.6,96.21,58.66,13.99,0
SC07-00412,47.89,6.98,60.44,102.26,12.81,0
SC07-00413,55.21,44.29,38.07,266.83,5.03,0
SC07-00414,26.16,25.9,49.73,49.3,13.74,0
SC07-00415,46.95,48.78,91.43,185.35,5.8,0
SC07-00416,56.25,5.49,14.59,130.39,13.09,0
SC07-00417,57.91,19.23,15.24,164.93,5.32,0
SC07-00418,83.34,24.95,65.46,342.42,3.6,0
SC07-00419,82.16,57.66,64.17,245.3,2.36,0
SC07-00420,79.5,1.85,72.03,244.16,12.84,0
SC07-00421,54.21,34.93,5.87,16.91,11.85,0
SC07-00422,94.52,36.78,76.43,206.2,11.8,0
SC07-00423,23.14,39.5,0.91,252.87,5.22,0
SC07-00424,61.78,36.67,61.65,241.6,6.83,0
SC07-00425,0.66,28.62,1.19,264.71,3.85,0
SC07-00426,97.75,-8.8,81.32,337.02,11.29,0
SC07-00427,90.98,-2.51,9.63,74.45,2.69,0
SC07-00428,52.65,47.07,26.73,198.45,5.22,0
SC07-00429,40.6,29.55,99.02,112.93,9.58,0
SC07-00430,84.79,35.76,85.82,379.79,1.31,0
SC07-00431,37.93,28.69,5.61,4.73,2.4,0
SC07-00432,49.99,20.37,78.44,282.93,12.01,0
SC07-00433,9.54,26.97,4.26,105.71,12.15,0
SC07-00434,88.76,23.29,4.66,37.17,12.96,0
SC07-00435,89.93,29.45,3.29,464.38,4.4,0
SC07-00436,96.15,31.09,75.23,356.36,5.58,0
SC07-00437,7.69,1.37,24.05,417.33,5.45,0
SC07-00438,89.65,13.22,75.56,69.98,13.84,0
SC07-00439,72.42,25.06,97.43,26.85,6.12,0
SC07-00440,83.87,13.84,76.9,477.43,5.55,0
SC07-00441,77.36,-7.93,27.33,496.29,6.87,0
SC07-00442,35.58,55.88,43.18,339.85,9.25,0
SC07-00443,8.57,33.3,79.81,356.55,1.15,0
SC07-00444,15.42,39.82,63.39,369.83,4.43,0
SC07-00445,10.66,-9.64,30.83,179.96,3.78,0
SC07-00446,13.25,3.12,44.88,277.37,5.71,0
SC07-00447,2.63,14.77,9.31,299.02,4.54,0
SC07-00448,38.52,10.43,38.78,42.35,12.62,0
SC07-00449,90.52,58.47,57.2,84.79,5.33,0
SC07-00450,13.88,11.08,49.31,31.63,6.09,0
SC07-00451,42.11,23.9,7.69,125.85,3.45,0
SC07-00452,62.5,31.57,19.55,53.49,4.27,0
SC07-00453,94.88,13.26,62.02,402.04,4.61,0
SC07-00454,33.47,47.08,85.95,487.11,1.91,0
SC07-00455,32.07,56.31,20.09,157.09,13.5,0
SC07-00456,96.87,10.4,69.5,245.5,8.06,0
SC07-00457,24.24,16.32,81.65,196.47,1.59,0
SC07-00458,56.39,31.46,54.56,340.86,7.7,0
SC07-00459,95.3,22.31,70.84,219.23,4.08,0
SC07-00460,69.28,47.33,79.57,204.57,6.99,0
SC07-00461,63.33,6.94,65.87,357.62,11.05,0
SC07-00462,7.4,59.35,47.92,200.4,7.09,0
SC07-00463,92.04,38.42,54.36,395.36,5.03,0
SC07-00464,89.55,27.58,63.82,42.49,10.77,0
SC07-00465,65.76,14.85,64.7,22.15,13.77,0
SC07-00466,67.75,17.97,75.27,482.86,6.03,0
SC07-00467,1.05,8.11,51.07,259.4,8.13,0
SC07-00468,57.52,21.2,39.11,386.17,8.24,0
SC07-00469,50.05,14.15,2.46,52.27,5.82,0
SC07-00470,96.17,-1.88,94.07,70.84,4.37,0
SC07-00471,45.53,4.48,48.29,238.08,6.13,0
SC07-00472,69.68,12.32,30.03,405.09,1.61,0
SC07-00473,84.92,35.36,67.71,82.18,13.77,0
SC07-00474,24.39,2.21,16.01,279.92,13.42,0
SC07-00475,23.19,18.35,18.45,320.24,6.05,0
SC07-00476,2.92,32.99,19.73,296.1,5.44,0
SC07-00477,70.47,4.4,75.23,404.36,0.88,0
SC07-00478,10.18,51.04,18.7,162.99,6.41,0
SC07-00479,26.24,50.38,52.77,319.55,8.36,0
SC07-00480,61.13,31.09,34.79,422.76,8.64,0
SC07-00481,81.37,39.42,29.74,307.24,1.19,0
SC07-00482,13.39,-1.75,30.54,91.52,9.71,0
SC07-00483,51.08,19.28,13.79,191.85,2.6,0
SC07-00484,63.55,38.54,64.53,499.95,7.77,0
SC07-00485,48.96,-0.18,31.46,225.5,0.75,0
SC07-00486,35.9,-9.33,13.65,407.61,13.49,0
SC07-00487,50.54,24.65,68.47,207.82,11.76,0
SC07-00488,48.87,-4.21,3.09,380.53,4.09,0
SC07-00489,27.49,27.63,16.82,228.66,10.4,0
SC07-00490,76.59,28.48,11.32,57.1,10.85,0
SC07-00491,82.33,15.68,82.26,20.81,10.07,0
SC07-00492,54.64,59.28,10.24,415.04,10.52,0
SC07-00493,29.77,59.95,44.97,174.29,11.43,0
SC07-00494,43.91,59.58,77.56,118.47,11.35,0
SC07-00495,58.79,14.54,71.08,316.39,2.32,0
SC07-00496,13.92,4.46,20.69,29.68,4.91,0
SC07-00497,28.11,27.71,32.37,352.03,4.05,0
SC07-00498,26.73,50.06,98.55,339.65,1.33,0
SC07-00499,96.28,45.0,91.88,496.24,12.14,0
SC07-00500,12.69,50.63,24.97,355.7,11.6,0
SC07-00501,76.15,37.34,48.95,288.71,3.76,0
SC07-00502,41.42,21.64,63.36,440.06,1.3,0
SC07-00503,51.56,9.48,93.63,184.54,13.3,0
SC07-00504,32.73,-9.83,77.41,366.36,10.23,0
SC07-00505,45.84,36.49,35.82,31.67,7.48,0
SC07-00506,21.78,20.08,21.19,134.27,11.6,0
SC07-00507,33.78,30.46,56.61,242.67,4.81,0
SC07-00508,68.26,-6.61,9.96,391.94,6.43,0
SC07-00509,12.42,50.04,44.13,0.34,13.41,1
SC07-00510,20.23,38.2,13.19,325.0,2.23,0
SC07-00511,93.27,9.18,65.46,125.19,5.21,0
SC07-00512,90.38,1.59,39.63,152.75,9.79,0
SC07-00513,23.41,35.88,70.37,0.54,6.68,1
SC07-00514,13.27,5.83,68.0,4.64,9.74,1
SC07-00515,81.71,59.17,42.23,66.09,0.99,0
SC07-00516,38.31,41.15,10.24,156.68,12.33,0
SC07-00517,13.71,44.14,75.32,66.57,13.9,0
SC07-00518,14.29,27.14,0.85,325.01,6.16,0
SC07-00519,72.24,33.97,15.14,205.85,9.61,0
SC07-00520,86.0,-3.93,10.05,376.22,8.25,0
SC07-00521,38.4,57.43,31.45,69.92,3.88,0
SC07-00522,8.42,28.74,60.0,303.8,10.91,0
SC07-00523,69.05,49.35,65.84,150.82,7.25,0
SC07-00524,50.95,42.35,29.55,27.28,12.57,0
SC07-00525,95.47,24.64,11.27,249.79,8.32,0
SC07-00526,52.83,58.44,98.69,466.96,1.85,0
SC07-00527,86.08,29.79,36.54,341.47,10.68,0
SC07-00528,95.45,43.93,1.67,33.77,3.67,0
SC07-00529,3.98,-5.77,78.93,253.31,8.8,0
SC07-00530,50.1,19.08,70.18,41.21,7.51,0
SC07-00531,61.6,9.42,30.99,255.65,2.84,0
SC07-00532,80.81,27.55,39.07,317.15,11.68,0
SC07-00533,68.11,-5.37,69.87,364.98,11.85,0
SC07-00534,5.79,-3.97,43.45,226.69,8.52,0
SC07-00535,30.93,41.92,74.07,59.72,9.91,0
SC07-00536,70.15,1.47,95.3,261.5,10.96,0
SC07-00537,72.08,1.69,12.69,390.56,3.76,0
SC07-00538,88.64,44.0,2.94,403.55,3.81,0
SC07-00539,6.39,39.86,57.67,38.54,6.37,0
SC07-00540,36.01,24.97,56.69,183.84,3.57,0
SC07-00541,10.29,30.17,72.28,114.2,7.12,0
SC07-00542,4.4,50.4,24.46,235.88,5.36,0
SC07-00543,15.01,55.18,85.75,276.43,12.8,0
SC07-00544,74.07,19.36,32.18,208.13,10.08,0
SC07-00545,27.13,-4.55,37.28,251.02,12.63,0
SC07-00546,17.93,46.3,98.14,477.04,0.96,0
SC07-00547,46.51,9.76,84.48,163.65,7.74,0
SC07-00548,0.8,4.05,56.38,151.95,8.72,0
SC07-00549,46.39,31.42,49.34,386.31,2.74,0
SC07-00550,90.04,43.23,24.51,3.19,5.74,0
SC07-00551,23.3,14.25,83.96,438.6,13.31,0
SC07-00552,0.15,36.01,84.9,363.61,1.46,0
SC07-00553,52.98,6.67,49.2,29.95,13.96,0
SC07-00554,71.17,-3.49,92.13,448.64,7.28,0
SC07-00555,70.08,16.07,97.46,42.45,1.34,0
SC07-00556,13.35,47.4,7.48,283.91,6.09,0
SC07-00557,96.42,6.57,26.1,157.5,11.21,0
SC07-00558,70.07,41.47,31.81,135.98,1.05,0
SC07-00559,20.27,44.6,58.47,77.71,2.3,0
SC07-00560,46.61,18.46,53.59,482.32,2.91,0
SC07-00561,30.83,8.55,11.99,78.81,9.6,0
SC07-00562,82.64,38.78,4.03,417.96,4.59,0
SC07-00563,9.12,7.38,35.57,256.73,9.48,0
SC07-00564,26.02,59.35,3.11,202.2,6.33,0
SC07-00565,74.81,7.49,46.2,401.95,1.96,0
SC07-00566,1.2,48.13,98.26,65.36,11.53,0
SC07-00567,37.22,34.12,64.47,291.16,3.62,0
SC07-00568,81.27,-8.47,6.45,451.25,6.21,0
SC07-00569,12.88,53.36,82.94,165.77,0.6,0
SC07-00570,46.1,1.76,57.39,410.84,5.53,0
SC07-00571,2.95,37.82,17.28,107.36,2.62,0
SC07-00572,27.99,51.84,3.46,309.59,3.44,0
SC07-00573,29.51,18.84,55.07,30.49,3.92,0
SC07-00574,13.72,3.96,88.47,262.91,8.83,0
SC07-00575,80.22,45.64,98.94,390.96,5.03,0
SC07-00576,54.45,23.93,91.27,251.2,5.44,0
SC07-00577,17.98,12.32,21.9,447.88,10.9,0
SC07-00578,5.86,59.41,52.94,383.42,13.99,0
SC07-00579,97.4,-2.99,65.69,133.26,11.43,0
SC07-00580,91.73,-6.09,99.64,109.71,11.85,0
SC07-00581,79.74,14.84,83.92,422.61,2.47,0
SC07-00582,59.25,46.43,69.76,456.99,0.39,0
SC07-00583,70.06,56.33,56.36,281.55,2.64,0
SC07-00584,98.8,51.71,49.22,154.53,6.87,0
SC07-00585,9.03,6.28,21.88,263.22,0.01,0
SC07-00586,91.79,4.1,13.05,358.47,12.86,0
SC07-00587,84.43,12.65,2.19,293.3,12.84,0
SC07-00588,77.44,49.25,86.07,480.28,5.23,0
SC07-00589,94.19,17.69,10.1,150.88,1.91,0
SC07-00590,15.75,56.41,79.18,480.33,9.09,0
SC07-00591,17.42,57.81,69.36,464.42,11.02,0
SC07-00592,22.32,31.23,17.54,153.41,9.64,0
SC07-00593,12.73,41.02,94.88,474.35,5.48,0
SC07-00594,99.43,57.56,3.24,301.19,12.89,0
SC07-00595,96.75,5.46,56.56,468.34,1.97,0
SC07-00596,74.53,6.66,98.24,83.94,12.39,0
SC07-00597,8.87,39.63,63.91,443.33,6.25,0
SC07-00598,26.52,7.47,6.78,128.33,1.51,0
SC07-00599,0.13,17.02,73.26,484.55,12.38,0
SC07-00600,49.31,16.51,54.6,50.71,6.71,0
SC07-00601,86.41,35.57,68.72,81.33,1.03,0
SC07-00602,84.58,10.64,31.87,475.83,1.04,0
SC07-00603,17.01,16.28,73.2,273.52,12.57,0
SC07-00604,9.31,31.58,61.36,241.37,0.43,0
SC07-00605,94.24,1.55,88.98,78.55,1.42,0
SC07-00606,20.56,3.3,69.72,361.02,10.22,0
SC07-00607,26.53,9.71,23.75,24.82,8.0,0
SC07-00608,83.99,0.75,36.08,213.8,4.12,0
SC07-00609,66.2,32.02,19.97,12.87,2.39,0
SC07-00610,29.18,-4.26,84.38,154.18,5.56,0
SC07-00611,48.91,36.27,9.11,272.06,2.59,0
SC07-00612,88.55,15.86,44.58,131.65,6.51,0
SC07-00613,22.62,8.8,6.16,376.12,9.34,0
SC07-00614,8.57,14.07,54.14,485.35,8.26,0
SC07-00615,55.36,48.86,81.84,209.32,7.5,0
SC07-00616,86.69,23.24,88.17,238.13,1.11,0
SC07-00617,90.28,40.0,50.21,450.23,11.21,0
SC07-00618,67.75,33.42,12.03,378.59,2.42,0
SC07-00619,98.44,58.05,80.85,63.09,5.93,0
SC07-00620,98.83,20.48,99.73,313.61,11.68,0
SC07-00621,25.79,53.76,91.42,33.51,5.43,0
SC07-00622,39.74,12.83,27.62,229.08,12.23,0
SC07-00623,78.66,33.61,52.26,209.8,5.8,0
SC07-00624,14.82,31.16,75.84,469.82,12.95,0
SC07-00625,56.27,-2.93,28.61,267.82,4.81,0
SC07-00626,41.09,16.81,48.56,304.48,0.52,0
SC07-00627,27.54,0.07,60.87,346.83,0.54,0
SC07-00628,88.96,13.2,23.76,372.87,12.89,0
SC07-00629,89.7,-8.58,81.74,151.53,3.92,0
SC07-00630,49.16,38.73,9.82,434.45,1.88,0
SC07-00631,97.42,21.02,82.58,134.71,5.83,0
SC07-00632,64.56,3.16,21.14,411.98,10.37,0
SC07-00633,75.95,50.7,82.1,257.63,2.23,0
SC07-00634,31.11,25.48,13.56,425.65,12.31,0
SC07-00635,2.89,3.49,83.29,418.49,3.49,0
SC07-00636,45.64,54.26,70.46,136.99,11.53,0
SC07-00637,50.51,34.48,12.39,15.28,5.21,0
SC07-00638,59.4,2.43,87.05,293.44,4.9,0
SC07-00639,16.35,52.61,74.9,344.43,3.99,0
SC07-00640,38.66,1.4,57.23,482.46,12.0,0
SC07-00641,64.74,37.44,26.91,204.75,0.28,0
SC07-00642,78.03,43.73,0.89,455.76,9.06,0
SC07-00643,60.11,-9.41,25.24,402.54,4.28,0
SC07-00644,96.7,34.99,42.38,188.24,4.88,0
SC07-00645,25.2,22.67,67.72,412.16,5.56,0
SC07-00646,10.23,25.81,66.24,421.64,5.24,0
SC07-00647,64.73,32.63,29.85,54.05,0.89,0
SC07-00648,98.84,34.84,86.15,130.57,9.96,0
SC07-00649,89.24,10.92,14.99,382.74,12.6,0
SC07-00650,80.54,46.17,60.0,330.27,9.53,0
SC07-00651,72.13,35.88,99.75,129.71,5.86,0
SC07-00652,38.83,-7.53,70.81,286.02,2.66,0
SC07-00653,72.65,5.57,53.46,392.45,12.69,0
SC07-00654,67.19,25.51,84.54,420.32,12.27,0
SC07-00655,18.11,-3.17,12.79,129.33,11.32,0
SC07-00656,76.29,2.81,67.97,167.82,1.25,0
SC07-00657,35.53,42.09,30.71,394.05,4.64,0
SC07-00658,26.06,10.58,85.12,235.27,12.13,0
SC07-00659,58.36,56.1,7.12,444.71,7.01,0
SC07-00660,86.75,16.72,29.84,27.03,11.96,0
SC07-00661,13.74,4.02,40.92,284.7,12.69,0
SC07-00662,45.76,12.15,71.57,389.47,6.83,0
SC07-00663,63.1,2.38,63.45,2.36,3.83,0
SC07-00664,76.12,1.8,76.45,244.79,10.69,0
SC07-00665,8.8,33.01,63.35,201.7,13.51,0
SC07-00666,38.33,-7.36,19.94,186.55,0.2,0
SC07-00667,32.22,48.33,19.06,338.37,8.77,0
SC07-00668,24.88,38.55,34.43,64.47,5.37,0
SC07-00669,58.87,1.69,82.38,149.1,4.07,0
SC07-00670,72.78,31.75,33.78,443.99,13.94,0
SC07-00671,34.27,53.1,35.93,94.21,13.27,0
SC07-00672,91.82,18.24,22.84,363.58,1.84,0
SC07-00673,73.41,31.28,16.9,183.3,9.11,0
SC07-00674,3.74,51.36,25.58,267.37,0.68,0
SC07-00675,99.47,36.34,65.36,9.87,9.66,0
SC07-00676,41.68,16.62,54.73,237.2,2.14,0
SC07-00677,69.52,34.12,30.11,330.83,9.27,0
SC07-00678,27.0,32.39,13.72,415.33,1.47,0
SC07-00679,71.88,-1.76,11.4,53.13,2.78,0
SC07-00680,19.97,8.41,52.31,100.84,9.85,0
SC07-00681,29.54,-7.24,49.64,103.85,13.06,0
SC07-00682,33.06,-9.81,67.16,453.44,11.69,0
SC07-00683,66.9,0.44,9.01,255.85,10.13,0
SC07-00684,10.13,7.91,23.12,494.33,4.14,0
SC07-00685,46.43,-3.01,17.47,19.72,4.07,0
SC07-00686,80.16,11.89,73.85,47.5,10.61,0
SC07-00687,4.59,49.64,66.34,85.26,5.01,0
SC07-00688,43.77,33.53,87.85,46.48,11.41,0
SC07-00689,18.29,18.05,96.23,135.92,5.4,0
SC07-00690,85.07,45.99,64.88,398.45,1.58,0
SC07-00691,69.62,-5.89,94.25,79.7,5.82,0
SC07-00692,59.08,46.16,67.84,90.63,5.32,0
SC07-00693,35.86,-7.98,68.45,419.27,13.63,0
SC07-00694,13.07,54.43,11.29,205.64,0.64,0
SC07-00695,26.16,12.0,70.46,338.96,10.75,0
SC07-00696,57.66,29.55,97.79,334.92,4.74,0
SC07-00697,52.31,39.04,9.52,330.86,3.48,0
SC07-00698,34.57,37.34,38.49,419.52,7.82,0
SC07-00699,98.78,-6.18,64.34,78.46,11.88,0
SC07-00700,85.19,50.86,7.49,245.82,3.37,0
SC07-00701,97.01,-6.48,22.27,321.66,5.65,0
SC07-00702,23.5,22.14,80.13,224.05,11.99,0
SC07-00703,44.71,-1.69,49.74,326.69,1.44,0
SC07-00704,41.23,29.0,0.02,45.45,8.46,0
SC07-00705,61.91,11.32,50.83,103.43,9.4,0
SC07-00706,95.04,15.43,5.43,111.46,6.36,0
SC07-00707,56.02,33.38,47.31,328.58,10.02,0
SC07-00708,11.4,43.15,22.17,170.68,11.62,0
SC07-00709,96.44,10.44,52.2,351.05,0.64,0
SC07-00710,16.42,-0.17,71.69,360.78,1.5,0
SC07-00711,61.09,3.13,93.02,196.45,6.4,0
SC07-00712,78.14,40.18,10.78,207.24,12.97,0
SC07-00713,83.75,31.22,77.21,225.25,9.22,0
SC07-00714,95.62,-0.58,49.88,265.18,0.68,0
SC07-00715,93.53,48.72,48.29,254.17,12.9,0
SC07-00716,17.72,30.5,73.05,64.19,5.42,0
SC07-00717,60.05,51.79,50.41,192.33,13.71,0
SC07-00718,91.59,43.37,27.36,481.8,13.59,0
SC07-00719,45.28,-0.66,41.27,350.01,10.48,0
SC07-00720,29.89,39.1,86.07,355.94,13.1,0
SC07-00721,63.26,4.06,62.42,145.29,4.83,0
SC07-00722,67.24,58.69,65.01,479.16,7.05,0
SC07-00723,69.43,12.57,11.54,176.12,6.73,0
SC07-00724,57.06,36.7,41.75,373.93,11.78,0
SC07-00725,28.59,49.31,80.83,261.36,0.35,0
SC07-00726,14.53,36.92,19.99,375.09,2.25,0
SC07-00727,28.66,7.54,83.94,345.3,4.13,0
SC07-00728,75.36,-7.74,81.4,51.24,12.15,0
SC07-00729,73.95,50.54,74.24,280.64,3.33,0
SC07-00730,78.43,45.92,28.76,332.25,12.97,0
SC07-00731,38.76,56.97,97.58,156.33,7.73,0
SC07-00732,1.3,7.59,62.06,390.46,12.18,0
SC07-00733,83.0,53.8,70.46,323.82,10.57,0
SC07-00734,54.66,32.24,77.61,482.14,4.12,0
SC07-00735,17.74,37.79,18.7,86.9,7.19,0
SC07-00736,37.72,20.0,55.66,65.03,8.18,0
SC07-00737,25.5,13.14,70.97,77.4,2.15,0
SC07-00738,32.26,-6.44,93.24,307.8,9.27,0
SC07-00739,49.06,30.09,35.81,392.02,4.45,0
SC07-00740,22.0,2.87,6.82,252.57,5.82,0
SC07-00741,53.7,-3.56,22.12,106.68,4.65,0
SC07-00742,36.08,5.29,75.27,265.25,13.95,0
SC07-00743,82.37,58.68,0.88,334.47,6.24,0
SC07-00744,90.45,32.96,62.11,479.45,9.56,0
SC07-00745,32.09,54.12,94.5,192.94,7.56,0
SC07-00746,28.28,53.79,82.21,187.48,11.24,0
SC07-00747,44.56,-6.93,89.83,96.26,7.19,0
SC07-00748,94.82,1.72,95.63,268.99,0.1,0
SC07-00749,6.55,36.92,77.36,432.48,5.94,0
SC07-00750,10.39,27.64,70.27,488.11,10.85,0
SC07-00751,64.66,55.78,74.69,76.88,6.43,0
SC07-00752,33.17,-3.87,5.43,397.11,7.81,0
SC07-00753,57.5,5.94,25.86,194.02,8.82,0
SC07-00754,43.3,-8.82,67.33,267.42,8.98,0
SC07-00755,61.83,42.92,58.56,350.44,1.02,0
SC07-00756,92.8,-2.57,78.69,150.68,1.21,0
SC07-00757,76.53,20.64,39.51,330.36,6.64,0
SC07-00758,53.35,-0.45,39.1,398.74,7.64,0
SC07-00759,96.01,0.09,67.73,457.08,11.13,0
SC07-00760,72.93,16.12,94.95,276.76,7.77,0
SC07-00761,12.32,-9.65,59.67,268.58,13.26,0
SC07-00762,30.47,42.38,90.35,171.93,5.78,0
SC07-00763,64.59,25.88,16.1,110.39,11.69,0
SC07-00764,19.43,2.7,79.97,426.13,11.92,0
SC07-00765,93.24,59.6,46.13,274.83,4.07,0
SC07-00766,6.74,-3.13,72.56,243.6,4.63,0
SC07-00767,12.82,35.88,10.0,309.76,12.6,0
SC07-00768,31.78,21.55,61.63,152.84,8.18,0
SC07-00769,56.56,15.51,31.63,214.15,0.07,0
SC07-00770,24.62,5.51,73.98,218.06,11.76,0
SC07-00771,13.43,41.31,87.79,231.42,5.02,0
SC07-00772,30.55,28.62,17.58,303.31,11.79,0
SC07-00773,85.87,-0.2,53.86,131.62,12.41,0
SC07-00774,7.65,-4.72,1.86,253.59,0.44,0
SC07-00775,58.19,18.36,59.0,453.15,7.72,0
SC07-00776,54.35,59.91,47.21,387.6,5.12,0
SC07-00777,22.33,44.05,73.32,145.5,6.51,0
SC07-00778,51.04,17.77,50.22,331.34,11.87,0
SC07-00779,80.65,32.98,16.58,257.07,6.25,0
SC07-00780,17.91,56.41,65.94,483.87,10.3,0
SC07-00781,48.35,15.12,21.88,243.82,0.88,0
SC07-00782,36.94,-7.0,20.68,453.86,5.06,0
SC07-00783,46.97,21.83,4.64,490.29,4.54,0
SC07-00784,70.37,26.5,82.96,417.44,3.69,0
SC07-00785,54.44,2.17,65.37,182.65,9.15,0
SC07-00786,83.55,26.17,37.63,453.62,7.23,0
SC07-00787,35.29,50.74,48.69,241.06,8.46,0
SC07-00788,50.18,-0.27,16.56,38.54,9.01,0
SC07-00789,21.15,3.08,36.22,358.65,1.66,0
SC07-00790,23.03,46.78,72.03,240.76,6.7,0
SC07-00791,21.07,1.29,83.34,11.22,0.6,1
SC07-00792,57.35,1.28,62.95,19.6,8.01,0
SC07-00793,5.59,8.08,18.0,479.12,8.39,0
SC07-00794,56.36,-8.7,71.95,330.87,3.97,0
SC07-00795,8.57,21.44,99.28,433.65,2.39,0
SC07-00796,83.04,32.06,79.46,410.23,2.55,0
SC07-00797,65.96,8.52,72.42,171.34,6.35,0
SC07-00798,59.06,6.09,38.55,54.29,2.83,0
SC07-00799,85.96,25.31,41.98,74.78,1.35,0
SC07-00800,47.59,33.03,3.9,391.93,7.05,0
SC07-00801,11.75,23.76,13.03,301.74,11.59,0
SC07-00802,89.7,44.24,64.92,261.02,5.19,0
SC07-00803,4.34,27.09,22.95,401.15,11.05,0
SC07-00804,38.12,31.23,74.14,380.77,9.75,0
SC07-00805,9.77,-0.63,47.71,116.26,12.03,0
SC07-00806,28.33,51.37,40.86,94.51,9.93,0
SC07-00807,78.94,30.46,11.78,3.6,9.16,0
SC07-00808,68.78,12.11,36.23,77.39,9.12,0
SC07-00809,25.36,49.85,42.36,182.82,3.86,0
SC07-00810,68.06,42.85,41.32,391.89,6.75,0
SC07-00811,37.02,28.84,25.38,153.33,4.82,0
SC07-00812,70.55,41.5,85.5,329.64,10.47,0
SC07-00813,44.66,38.95,16.18,107.23,5.61,0
SC07-00814,33.84,28.54,69.71,353.39,2.25,0
SC07-00815,96.46,-9.63,9.11,72.66,12.96,0
SC07-00816,43.54,-5.51,22.18,40.02,0.53,0
SC07-00817,38.43,58.91,61.4,260.5,9.96,0
SC07-00818,59.75,56.2,82.02,320.15,6.15,0
SC07-00819,20.17,35.98,80.39,143.0,0.47,0
SC07-00820,59.95,26.11,23.17,84.74,0.5,0
SC07-00821,23.93,-9.98,15.74,498.41,10.92,0
SC07-00822,35.31,17.66,58.61,258.87,10.32,0
SC07-00823,6.86,-3.69,28.45,414.88,12.81,0
SC07-00824,34.81,57.43,27.65,303.18,2.72,0
SC07-00825,92.97,30.24,26.11,203.57,1.49,0
SC07-00826,7.24,10.6,94.7,401.47,13.39,0
SC07-00827,87.61,46.92,57.49,347.1,13.52,0
SC07-00828,56.32,43.9,75.75,480.62,6.42,0
SC07-00829,46.07,31.08,2.74,58.13,0.95,0
SC07-00830,63.37,59.59,67.69,114.97,4.42,0
SC07-00831,95.54,26.16,0.97,416.09,3.48,0
SC07-00832,9.3,37.16,82.11,38.01,13.04,0
SC07-00833,47.66,14.75,89.43,134.54,13.26,0
SC07-00834,68.31,53.69,49.9,99.83,10.3,0
SC07-00835,87.27,4.47,20.28,124.85,8.66,0
SC07-00836,15.6,-2.53,92.02,337.91,9.29,0
SC07-00837,61.38,43.5,54.15,21.13,6.75,0
SC07-00838,62.07,24.46,98.54,448.5,12.16,0
SC07-00839,49.08,58.91,91.6,140.13,3.11,0
SC07-00840,57.67,-6.21,79.93,239.16,7.57,0
SC07-00841,50.25,17.56,68.63,87.4,13.67,0
SC07-00842,69.82,22.2,68.92,5.91,2.95,0
SC07-00843,58.1,12.78,61.28,129.85,7.68,0
SC07-00844,23.71,22.99,61.31,182.96,6.98,0
SC07-00845,21.05,39.05,37.23,427.16,3.91,0
SC07-00846,17.99,-0.82,57.59,114.28,1.4,0
SC07-00847,26.99,6.51,43.22,190.44,2.04,0
SC07-00848,95.91,0.47,80.57,88.3,6.99,0
SC07-00849,99.56,49.46,51.7,360.28,10.99,0
SC07-00850,30.0,29.35,56.78,199.2,9.67,0
SC07-00851,6.0,46.97,47.65,314.93,6.3,0
SC07-00852,33.47,15.27,56.04,465.92,3.61,0
SC07-00853,1.98,-1.51,86.74,481.56,2.79,0
SC07-00854,57.59,35.44,17.45,390.15,4.97,0
SC07-00855,67.32,24.12,73.65,444.82,5.33,0
SC07-00856,28.65,34.22,14.48,83.79,11.31,0
SC07-00857,33.74,34.19,57.16,424.45,1.0,0
SC07-00858,16.2,5.98,31.69,145.68,3.74,0
SC07-00859,64.46,8.99,44.49,431.4,5.08,0
SC07-00860,58.69,57.59,41.4,91.94,0.32,0
SC07-00861,72.78,36.34,94.04,350.35,1.12,0
SC07-00862,16.69,-2.79,6.38,439.35,7.68,0
SC07-00863,2.64,17.79,76.5,41.63,3.67,0
SC07-00864,15.53,35.84,88.55,154.69,3.46,0
SC07-00865,28.42,33.85,13.13,419.26,0.4,0
SC07-00866,66.35,50.23,32.52,238.08,13.65,0
SC07-00867,54.06,9.07,44.48,484.77,9.77,0
SC07-00868,17.7,31.83,63.1,317.93,7.9,0
SC07-00869,52.35,34.77,30.97,173.58,7.56,0
SC07-00870,80.47,20.93,36.58,129.9,4.25,0
SC07-00871,0.01,47.08,84.79,171.94,6.57,0
SC07-00872,0.83,54.55,94.7,238.53,0.13,0
SC07-00873,43.04,10.5,23.12,3.61,5.23,0
SC07-00874,41.17,29.24,39.48,81.63,10.32,0
SC07-00875,38.97,16.49,26.3,211.12,3.35,0
SC07-00876,76.45,53.7,80.76,342.32,3.99,0
SC07-00877,74.29,46.62,41.29,426.74,2.55,0
SC07-00878,28.96,34.58,61.77,136.07,8.72,0
SC07-00879,18.78,-8.64,4.96,267.49,2.6,0
SC07-00880,10.23,8.84,71.52,363.55,3.26,0
SC07-00881,15.07,24.55,34.19,155.79,11.19,0
SC07-00882,99.8,22.46,79.14,165.12,11.81,0
SC07-00883,95.16,-6.08,77.57,35.69,6.58,0
SC07-00884,19.22,48.91,81.73,414.13,1.71,0
SC07-00885,76.81,7.43,77.12,221.48,10.33,0
SC07-00886,3.35,22.26,77.1,260.57,13.75,0
SC07-00887,47.28,37.7,31.21,161.53,8.81,0
SC07-00888,4.22,55.62,52.09,126.66,8.94,0
SC07-00889,19.87,52.13,86.37,108.89,1.58,0
SC07-00890,63.29,12.72,16.74,138.05,1.68,0
SC07-00891,78.91,-9.37,4.2,391.74,6.65,0
SC07-00892,59.62,16.0,8.95,78.85,1.28,0
SC07-00893,61.86,55.16,99.7,312.57,0.84,0
SC07-00894,64.46,39.09,79.15,62.91,3.26,0
SC07-00895,98.17,45.2,75.67,402.76,6.14,0
SC07-00896,19.3,38.25,35.82,67.37,12.58,0
SC07-00897,48.53,20.63,29.47,348.52,2.66,0
SC07-00898,18.66,14.34,73.24,137.66,11.64,0
SC07-00899,91.45,28.82,6.89,77.51,4.14,0
SC07-00900,26.33,15.7,0.07,319.01,5.31,0
SC07-00901,18.55,-8.69,85.68,388.01,3.34,0
SC07-00902,72.1,36.08,53.9,193.75,7.34,0
SC07-00903,49.75,28.6,61.3,161.3,8.97,0
SC07-00904,11.05,26.62,6.67,417.6,1.82,0
SC07-00905,87.35,4.15,48.54,49.38,7.99,0
SC07-00906,83.63,36.05,52.58,350.66,3.58,0
SC07-00907,36.64,32.42,7.09,465.11,2.92,0
SC07-00908,49.14,52.28,8.0,400.51,0.85,0
SC07-00909,55.8,55.68,41.6,184.53,9.92,0
SC07-00910,82.36,8.61,4.07,35.19,4.25,0
SC07-00911,94.46,57.24,9.71,362.59,7.44,0
SC07-00912,18.95,26.83,24.88,312.66,2.5,0
SC07-00913,74.92,19.06,10.55,319.31,5.01,0
SC07-00914,45.87,36.57,88.28,83.4,2.53,0
SC07-00915,40.16,13.63,15.82,499.22,6.2,0
SC07-00916,35.23,12.06,99.15,162.33,5.2,0
SC07-00917,76.42,20.14,72.59,304.21,7.88,0
SC07-00918,21.39,43.6,92.61,127.04,13.46,0
SC07-00919,44.75,17.8,72.63,491.48,8.34,0
SC07-00920,51.76,59.54,30.18,150.17,3.11,0
SC07-00921,85.57,-8.48,82.19,344.86,3.86,0
SC07-00922,55.37,28.94,92.59,77.36,0.53,0
SC07-00923,35.57,-0.31,36.71,291.08,3.26,0
SC07-00924,81.11,-3.57,39.98,458.94,10.28,0
SC07-00925,72.36,45.5,17.29,412.85,9.65,0
SC07-00926,57.62,53.54,59.52,150.2,10.23,0
SC07-00927,57.63,-4.51,5.59,385.45,4.87,0
SC07-00928,81.71,19.16,86.78,434.89,3.17,0
SC07-00929,65.28,32.16,1.14,388.71,5.35,0
SC07-00930,30.48,-7.12,53.99,74.79,7.03,0
SC07-00931,22.08,-6.46,73.16,196.44,6.24,0
SC07-00932,59.51,25.33,22.21,144.89,5.52,0
SC07-00933,13.22,-4.22,57.14,24.66,5.59,0
SC07-00934,8.51,25.13,77.38,65.19,1.89,0
SC07-00935,55.93,24.15,65.22,98.05,8.62,0
SC07-00936,73.57,7.24,7.16,388.39,4.53,0
SC07-00937,92.41,-3.73,67.17,211.77,4.88,0
SC07-00938,32.07,31.57,2.42,152.41,13.83,0
SC07-00939,61.62,59.31,44.22,72.91,0.63,0
SC07-00940,81.82,3.98,37.38,378.87,11.94,0
SC07-00941,11.24,-6.18,94.89,463.36,12.16,0
SC07-00942,82.01,-9.04,69.38,55.64,6.3,0
SC07-00943,2.27,4.63,53.8,101.9,7.33,0
SC07-00944,25.87,23.81,72.99,70.67,9.78,0
SC07-00945,1.84,30.81,66.35,21.74,2.38,0
SC07-00946,28.4,45.24,61.8,26.54,9.17,0
SC07-00947,0.83,17.21,27.13,426.04,9.24,0
SC07-00948,86.43,-8.66,86.74,324.71,3.24,0
SC07-00949,38.07,58.36,9.96,157.73,12.13,0
SC07-00950,53.16,3.05,50.07,228.99,12.97,0
SC07-00951,2.15,7.32,52.94,166.78,5.51,0
SC07-00952,15.7,14.27,35.19,312.62,3.31,0
SC07-00953,97.82,25.09,81.19,312.9,12.3,0
SC07-00954,89.04,47.04,2.95,277.47,3.92,0
SC07-00955,15.17,52.8,65.69,43.9,5.35,0
SC07-00956,96.06,32.87,62.55,113.71,3.37,0
SC07-00957,15.27,57.94,90.97,164.64,7.59,0
SC07-00958,20.68,-0.3,54.14,400.05,12.08,0
SC07-00959,30.9,39.36,52.38,67.63,13.94,0
SC07-00960,97.58,0.16,93.3,458.56,4.44,0
SC07-00961,55.73,56.4,11.84,158.8,12.31,0
SC07-00962,72.71,43.58,88.01,207.02,5.76,0
SC07-00963,44.3,55.36,89.41,466.63,3.83,0
SC07-00964,77.91,-2.53,18.47,381.22,8.57,0
SC07-00965,26.69,29.69,23.09,116.09,9.62,0
SC07-00966,35.93,38.17,47.66,251.16,8.47,0
SC07-00967,71.2,16.18,85.21,245.72,1.93,0
SC07-00968,19.33,-7.74,76.45,7.51,3.78,1
SC07-00969,41.3,41.97,98.82,378.89,0.93,0
SC07-00970,92.71,58.99,86.71,244.97,4.55,0
SC07-00971,45.75,7.27,40.49,20.91,10.29,0
SC07-00972,38.04,11.9,61.15,371.23,8.31,0
SC07-00973,52.52,51.3,78.69,260.32,6.32,0
SC07-00974,82.7,-7.03,99.58,259.35,5.54,0
SC07-00975,73.52,29.04,51.61,315.32,0.69,0
SC07-00976,29.12,17.86,30.46,413.81,6.46,0
SC07-00977,42.25,32.92,5.45,258.48,1.99,0
SC07-00978,82.99,21.62,72.26,56.59,10.9,0
SC07-00979,93.78,38.73,13.53,206.78,6.31,0
SC07-00980,17.89,31.32,71.26,100.97,6.37,0
SC07-00981,25.01,38.42,90.72,398.24,10.06,0
SC07-00982,12.35,-2.01,44.94,181.47,7.33,0
SC07-00983,38.41,45.37,51.17,474.88,5.3,0
SC07-00984,38.06,43.78,91.23,282.75,9.23,0
SC07-00985,15.01,50.82,17.89,356.02,5.87,0
SC07-00986,30.95,43.8,44.63,313.23,1.65,0
SC07-00987,13.16,4.2,62.26,126.56,6.42,0
SC07-00988,85.54,28.05,0.58,441.35,3.33,0
SC07-00989,58.89,23.3,41.02,39.7,8.4,0
SC07-00990,24.47,28.31,61.98,278.77,11.55,0
SC07-00991,4.89,0.38,65.33,18.36,11.95,1
SC07-00992,66.7,48.66,29.84,460.19,0.69,0
SC07-00993,41.7,2.48,67.21,305.54,9.68,0
SC07-00994,59.5,45.11,17.74,227.67,8.11,0
SC07-00995,93.15,-3.48,29.93,184.28,5.31,0
SC07-00996,6.77,19.91,55.05,146.42,1.88,0
SC07-00997,69.46,9.21,52.71,262.32,9.74,0
SC07-00998,61.21,-2.35,72.97,314.49,13.82,0
SC07-00999,48.37,38.21,93.39,493.14,4.02,0
SC07-01000,60.88,12.15,52.54,497.51,4.95,0
SC07-01001,12.97,29.38,51.97,315.93,6.9,0
SC07-01002,17.99,32.66,70.86,489.63,0.02,0
SC07-01003,2.4,33.78,11.79,424.03,11.19,0
SC07-01004,99.9,18.98,33.38,280.21,8.93,0
SC07-01005,1.13,4.08,28.16,395.1,4.31,0
SC07-01006,50.67,12.67,0.61,342.92,4.78,0
SC07-01007,72.44,33.12,2.91,87.81,4.63,0
SC07-01008,33.79,37.07,91.62,398.63,9.04,0
SC07-01009,48.15,33.9,89.21,268.48,4.69,0
SC07-01010,78.4,18.98,74.26,417.55,4.19,0
SC07-01011,72.5,12.09,53.59,104.13,9.6,0
SC07-01012,79.95,52.16,35.36,484.81,3.93,0
SC07-01013,3.12,58.85,62.65,421.2,7.99,0
SC07-01014,38.96,31.66,86.46,375.77,9.87,0
SC07-01015,31.45,-7.79,41.39,248.53,3.33,0
SC07-01016,45.19,56.55,21.61,151.16,1.57,0
SC07-01017,78.49,44.45,91.34,221.89,0.35,0
SC07-01018,48.27,25.0,19.02,461.82,10.25,0
SC07-01019,52.36,44.29,14.33,435.9,11.51,0
SC07-01020,93.8,37.37,13.27,362.29,6.43,0
SC07-01021,71.37,26.56,0.41,466.17,9.62,0
SC07-01022,59.43,-3.9,46.69,23.07,7.29,0
SC07-01023,65.9,11.87,57.76,156.07,12.49,0
SC07-01024,32.09,3.48,27.66,159.57,6.18,0
SC07-01025,11.77,0.45,27.36,7.63,8.72,1
SC07-01026,51.41,4.46,35.03,159.24,1.98,0
SC07-01027,70.44,9.83,24.48,35.62,8.59,0
SC07-01028,33.87,21.06,13.01,235.37,9.46,0
SC07-01029,10.59,-6.23,42.65,89.49,8.35,0
SC07-01030,59.28,48.53,69.94,308.16,4.37,0
SC07-01031,81.74,39.9,67.09,266.74,13.63,0
SC07-01032,75.57,22.6,13.18,406.43,12.88,0
SC07-01033,46.83,21.89,68.45,355.11,6.52,0
SC07-01034,23.17,5.67,86.11,308.47,12.78,0
SC07-01035,39.21,38.97,66.52,394.39,12.35,0
SC07-01036,45.33,-7.88,47.53,175.72,6.46,0
SC07-01037,17.08,43.76,60.44,63.7,1.44,0
SC07-01038,81.76,45.77,32.59,324.73,11.09,0
SC07-01039,53.27,18.06,41.34,310.44,7.67,0
SC07-01040,97.39,16.87,34.07,406.96,8.27,0
SC07-01041,78.43,20.47,78.73,272.26,3.31,0
SC07-01042,66.26,-4.55,93.09,287.09,6.81,0
SC07-01043,59.22,22.4,55.51,411.01,2.47,0
SC07-01044,95.59,-5.13,10.87,407.03,10.8,0
SC07-01045,37.89,24.6,66.02,45.27,11.44,0
SC07-01046,88.73,53.23,63.61,0.09,2.05,0
SC07-01047,14.92,27.19,39.0,288.97,2.74,0
SC07-01048,68.15,12.16,57.03,456.6,4.26,0
SC07-01049,94.33,20.43,98.26,172.13,1.25,0
SC07-01050,0.81,59.05,40.42,63.78,4.12,0
SC07-01051,36.92,28.42,5.31,351.68,11.49,0
SC07-01052,35.92,50.29,86.57,117.62,9.83,0
SC07-01053,39.43,12.27,38.28,190.78,7.63,0
SC07-01054,66.25,23.24,18.82,192.3,12.94,0
SC07-01055,84.0,0.8,99.75,335.03,1.88,0
SC07-01056,7.17,-8.9,72.13,243.35,6.11,0
SC07-01057,99.02,-4.07,64.22,207.93,6.38,0
SC07-01058,78.89,32.31,42.57,89.9,7.13,0
SC07-01059,55.21,21.5,35.53,92.9,8.46,0
SC07-01060,57.79,49.28,23.67,250.86,5.75,0
SC07-01061,54.62,15.69,97.82,284.07,9.87,0
SC07-01062,11.32,23.71,69.05,71.04,10.24,0
SC07-01063,98.36,58.86,77.89,232.47,1.1,0
SC07-01064,88.99,-3.81,47.25,370.84,13.45,0
SC07-01065,7.81,34.36,79.81,156.25,0.74,0
SC07-01066,34.35,44.5,46.89,256.33,6.57,0
SC07-01067,73.38,19.47,96.06,399.11,4.05,0
SC07-01068,3.53,54.6,74.94,363.49,7.89,0
SC07-01069,6.14,23.12,16.91,25.81,13.87,0
SC07-01070,80.89,33.7,28.68,41.26,7.08,0
SC07-01071,85.14,9.45,13.25,140.49,12.01,0
SC07-01072,1.42,-2.19,17.46,295.89,2.12,0
SC07-01073,44.67,46.55,26.13,350.39,6.79,0
SC07-01074,79.94,50.34,34.28,42.2,2.03,0
SC07-01075,93.39,0.79,49.59,496.79,10.79,0
SC07-01076,23.79,20.81,63.76,105.43,10.28,0
SC07-01077,34.51,34.96,75.55,58.0,2.35,0
SC07-01078,39.87,11.1,74.62,376.21,7.46,0
SC07-01079,37.98,39.39,47.46,72.57,12.18,0
SC07-01080,1.19,54.91,44.88,339.25,13.46,0
SC07-01081,68.29,-7.13,91.77,318.71,13.39,0
SC07-01082,43.18,54.26,85.84,167.48,3.74,0
SC07-01083,9.83,35.8,39.12,386.58,10.49,0
SC07-01084,73.43,31.21,19.49,168.7,9.66,0
SC07-01085,17.99,28.33,67.28,415.84,0.17,0
SC07-01086,9.77,-2.73,44.59,109.71,3.97,0
SC07-01087,19.31,-8.34,9.19,469.25,9.19,0
SC07-01088,83.55,56.53,63.81,354.04,1.68,0
SC07-01089,85.64,-0.91,65.64,449.95,7.92,0
SC07-01090,96.72,52.72,69.57,126.67,6.54,0
SC07-01091,93.62,34.71,92.27,138.19,5.98,0
SC07-01092,90.34,43.89,32.34,80.98,1.04,0
SC07-01093,77.71,16.8,33.27,30.03,13.38,0
SC07-01094,26.47,20.84,49.17,464.29,8.54,0
SC07-01095,17.84,24.44,14.39,384.35,3.06,0
SC07-01096,64.33,53.88,71.54,51.64,1.02,0
SC07-01097,57.13,7.54,44.59,448.26,2.08,0
SC07-01098,64.03,55.3,66.46,133.22,9.8,0
SC07-01099,90.46,30.22,51.54,469.96,6.87,0
SC07-01100,43.61,49.08,78.09,392.69,7.56,0
SC07-01101,0.33,56.79,81.8,241.03,7.94,0
SC07-01102,93.5,15.12,68.18,200.31,8.85,0
SC07-01103,95.88,-3.65,53.46,480.46,1.13,0
SC07-01104,45.96,43.66,64.78,88.31,0.55,0
SC07-01105,38.42,3.37,69.59,448.23,8.83,0
SC07-01106,35.93,-4.06,63.28,367.66,1.96,0
SC07-01107,19.31,40.38,59.29,244.62,0.88,0
SC07-01108,54.06,11.54,53.39,417.13,6.29,0
SC07-01109,99.58,-7.41,5.61,393.89,0.6,0
SC07-01110,11.82,46.5,66.73,229.19,9.49,0
SC07-01111,87.43,0.43,57.93,462.41,0.52,0
SC07-01112,14.16,35.77,47.12,459.01,0.64,0
SC07-01113,70.13,-0.86,17.22,24.98,4.3,0
SC07-01114,79.37,21.93,17.07,295.52,11.45,0
SC07-01115,10.63,24.8,79.92,110.29,11.26,0
SC07-01116,42.62,46.81,98.22,339.2,4.54,0
SC07-01117,97.59,30.32,13.73,418.21,11.1,0
SC07-01118,76.42,31.52,33.55,60.37,1.98,0
SC07-01119,41.52,38.74,55.34,219.33,12.96,0
SC07-01120,4.07,-3.0,84.74,306.22,10.89,0
SC07-01121,1.56,24.09,0.63,89.71,1.25,0
SC07-01122,65.18,52.08,41.62,403.71,10.82,0
SC07-01123,69.24,4.43,63.98,261.54,5.77,0
SC07-01124,93.81,32.74,3.76,90.0,7.0,0
SC07-01125,95.03,33.9,78.26,173.93,0.06,0
SC07-01126,23.56,-1.77,53.02,47.84,5.07,0
SC07-01127,76.11,27.78,21.93,385.17,9.23,0
SC07-01128,27.64,3.56,79.66,342.62,13.56,0
SC07-01129,47.44,2.34,67.01,21.56,9.03,0
SC07-01130,28.51,20.43,33.43,402.58,10.62,0
SC07-01131,4.33,41.83,92.49,87.94,11.0,0
SC07-01132,48.51,-1.88,89.51,360.7,8.3,0
SC07-01133,32.6,3.91,67.69,162.84,10.91,0
SC07-01134,32.61,-3.14,73.77,434.94,5.26,0
SC07-01135,22.07,22.97,48.44,445.24,2.03,0
SC07-01136,92.79,21.85,38.73,68.2,10.08,0
SC07-01137,63.2,58.29,20.22,63.61,9.69,0
SC07-01138,5.97,-0.44,85.17,229.29,2.4,0
SC07-01139,34.36,52.05,60.36,394.77,8.93,0
SC07-01140,61.15,1.9,97.01,427.5,1.21,0
SC07-01141,85.7,24.24,99.57,295.79,11.72,0
SC07-01142,27.92,41.1,73.62,123.33,4.58,0
SC07-01143,57.95,52.43,59.18,74.48,8.03,0
SC07-01144,0.51,58.61,4.01,235.33,10.76,0
SC07-01145,3.36,27.18,47.93,399.01,11.5,0
SC07-01146,45.24,6.84,55.85,6.21,10.25,0
SC07-01147,94.99,-0.71,29.58,323.82,1.27,0
SC07-01148,47.98,11.34,70.33,428.96,10.46,0
SC07-01149,2.44,21.84,77.18,437.1,5.68,0
SC07-01150,78.99,15.93,46.43,316.7,12.05,0
SC07-01151,7.07,52.54,33.29,16.36,5.96,1
SC07-01152,26.98,56.23,54.24,397.24,11.03,0
SC07-01153,8.1,51.66,73.58,27.41,13.23,0
SC07-01154,67.47,52.16,11.1,182.8,8.67,0
SC07-01155,36.56,2.27,55.88,33.5,9.93,0
SC07-01156,20.47,58.69,23.86,56.78,6.7,0
SC07-01157,93.91,30.61,95.91,104.9,10.43,0
SC07-01158,22.54,14.69,26.74,340.11,3.88,0
SC07-01159,6.34,14.17,48.62,263.34,1.72,0
SC07-01160,70.98,37.48,53.29,146.13,8.69,0
SC07-01161,79.99,56.18,80.88,470.44,0.92,0
SC07-01162,89.19,22.05,8.02,448.97,4.04,0
SC07-01163,95.66,-2.34,27.59,348.54,6.95,0
SC07-01164,87.5,26.45,62.73,146.58,13.57,0
SC07-01165,54.14,-0.76,34.67,221.93,9.03,0
SC07-01166,29.15,-5.59,87.18,116.16,13.26,0
SC07-01167,64.47,18.82,34.28,323.03,4.57,0
SC07-01168,59.34,38.78,84.19,222.63,4.26,0
SC07-01169,13.2,45.25,17.17,130.0,6.78,0
SC07-01170,97.07,43.88,4.73,176.56,6.38,0
SC07-01171,16.64,54.69,71.18,142.62,13.62,0
SC07-01172,83.93,38.5,66.64,76.74,3.33,0
SC07-01173,4.12,12.16,12.65,130.2,2.58,0
SC07-01174,56.25,-7.57,31.69,171.92,5.22,0
SC07-01175,53.99,1.38,30.16,460.22,5.66,0
SC07-01176,49.94,0.18,45.8,160.11,0.06,0
SC07-01177,73.85,58.29,33.13,352.73,6.63,0
SC07-01178,28.98,56.08,98.07,286.86,2.06,0
SC07-01179,56.52,53.48,44.21,344.57,10.24,0
SC07-01180,90.02,-0.24,55.1,154.04,5.62,0
SC07-01181,84.09,21.22,9.25,27.52,8.98,0
SC07-01182,58.34,5.55,93.57,138.96,0.32,0
SC07-01183,53.84,21.18,67.16,43.69,7.17,0
SC07-01184,19.45,12.24,60.51,471.7,12.72,0
SC07-01185,36.11,0.36,85.38,184.81,5.22,0
SC07-01186,28.47,14.59,97.75,437.15,1.23,0
SC07-01187,72.79,21.1,99.26,401.84,4.04,0
SC07-01188,80.57,57.93,42.38,448.21,1.95,0
SC07-01189,58.72,-3.97,20.78,237.31,12.15,0
SC07-01190,98.66,-5.37,96.01,378.06,1.24,0
SC07-01191,40.95,54.01,41.45,277.91,9.94,0
SC07-01192,75.52,-0.42,18.6,190.88,7.75,0
SC07-01193,4.22,47.84,83.46,151.96,7.83,0
SC07-01194,46.35,-8.12,0.24,131.34,13.38,0
SC07-01195,83.42,23.08,65.38,446.34,5.84,0
SC07-01196,49.19,38.15,24.48,59.68,3.88,0
SC07-01197,99.43,-5.33,74.56,290.53,7.92,0
SC07-01198,86.83,33.96,47.6,347.12,1.67,0
SC07-01199,51.25,30.27,84.53,81.42,0.82,0
SC07-01200,31.97,51.48,13.55,81.65,3.82,0
SC07-01201,41.95,53.85,35.6,144.93,7.41,0
SC07-01202,93.63,25.97,76.64,91.62,1.32,0
SC07-01203,75.26,28.06,87.24,413.41,9.59,0
SC07-01204,30.11,37.98,68.83,47.92,8.12,0
SC07-01205,82.33,-9.1,51.82,186.51,6.79,0
SC07-01206,34.03,53.76,10.24,77.28,3.1,0
SC07-01207,18.84,52.79,61.34,415.71,7.36,0
SC07-01208,53.21,28.58,75.63,56.98,6.45,0
SC07-01209,7.64,47.32,92.34,239.76,4.36,0
SC07-01210,36.26,47.19,88.97,298.82,10.69,0
SC07-01211,34.2,39.69,2.88,407.29,3.11,0
SC07-01212,85.68,-0.03,22.66,62.67,1.82,0
SC07-01213,7.86,38.36,78.4,38.87,10.85,0
SC07-01214,75.73,-7.02,10.78,396.53,7.19,0
SC07-01215,5.93,-1.68,25.3,33.12,9.35,0
SC07-01216,75.46,44.77,92.01,102.7,12.62,0
SC07-01217,18.48,14.61,9.08,422.93,13.19,0
SC07-01218,94.88,14.35,16.06,250.32,10.2,0
SC07-01219,24.18,29.92,9.91,289.07,0.2,0
SC07-01220,21.7,3.41,28.19,450.83,7.52,0
SC07-01221,97.36,-3.09,21.4,252.1,9.91,0
SC07-01222,36.65,31.26,43.97,478.87,2.53,0
SC07-01223,35.48,16.57,21.43,113.78,1.58,0
SC07-01224,98.46,-1.35,11.03,67.96,10.67,0
SC07-01225,70.47,29.0,4.06,164.06,1.62,0
SC07-01226,28.36,32.03,31.2,488.09,6.22,0
SC07-01227,55.39,10.34,85.54,94.39,0.97,0
SC07-01228,84.11,23.3,67.91,89.65,13.98,0
SC07-01229,49.16,-2.64,43.81,329.27,1.19,0
SC07-01230,14.34,18.04,59.06,50.86,12.95,0
SC07-01231,97.79,-5.47,97.52,169.32,8.33,0
SC07-01232,99.07,-1.41,83.81,362.6,3.9,0
SC07-01233,71.35,30.73,27.3,394.75,9.01,0
SC07-01234,40.02,23.31,60.32,202.22,6.78,0
SC07-01235,27.89,43.76,10.8,125.34,6.96,0
SC07-01236,62.84,-0.58,9.96,26.43,0.96,0
SC07-01237,67.81,58.05,38.26,339.6,2.14,0
SC07-01238,62.2,-3.26,7.65,375.8,10.75,0
SC07-01239,79.27,4.14,66.21,245.13,3.66,0
SC07-01240,34.36,50.18,54.66,476.29,0.44,0
SC07-01241,43.04,54.05,38.36,157.28,5.27,0
SC07-01242,45.97,-7.7,55.67,430.18,4.24,0
SC07-01243,70.61,24.4,13.45,357.86,6.82,0
SC07-01244,10.94,37.25,66.01,342.69,8.01,0
SC07-01245,47.59,49.8,50.67,195.69,6.93,0
SC07-01246,97.09,33.19,35.28,488.89,4.49,0
SC07-01247,2.81,-6.84,83.69,174.44,10.39,0
SC07-01248,2.69,52.39,34.13,48.68,4.83,0
SC07-01249,35.74,14.59,66.12,123.81,9.07,0
SC07-01250,59.25,53.73,6.55,152.46,4.73,0
SC07-01251,1.97,12.83,46.09,431.68,7.95,0
SC07-01252,90.14,8.66,69.6,293.99,13.8,0
SC07-01253,37.77,17.32,57.25,404.16,1.4,0
SC07-01254,67.51,13.52,50.28,382.45,4.75,0
SC07-01255,61.48,15.43,43.6,248.48,11.86,0
SC07-01256,78.71,48.83,53.58,143.68,0.67,0
SC07-01257,99.62,18.14,22.59,371.44,1.29,0
SC07-01258,84.42,-3.37,33.68,33.63,11.22,0
SC07-01259,47.53,4.68,79.57,325.77,4.23,0
SC07-01260,80.41,20.3,53.99,100.04,5.63,0
SC07-01261,62.5,21.73,76.34,90.3,0.26,0
SC07-01262,70.33,50.39,57.68,106.48,13.47,0
SC07-01263,74.22,22.71,93.72,266.36,8.6,0
SC07-01264,76.91,20.36,56.61,313.38,7.31,0
SC07-01265,36.43,0.34,15.05,342.65,4.2,0
SC07-01266,43.54,12.31,83.02,32.21,2.85,0
SC07-01267,41.24,47.66,64.6,128.22,8.42,0
SC07-01268,40.59,-2.05,19.19,122.79,11.58,0
SC07-01269,46.42,29.19,43.61,323.46,0.52,0
SC07-01270,15.94,-0.45,25.84,401.77,9.22,0
SC07-01271,17.6,49.68,96.38,242.92,0.28,0
SC07-01272,85.96,-4.12,60.16,433.59,12.61,0
SC07-01273,40.7,15.44,65.74,45.15,13.2,0
SC07-01274,72.42,-0.16,11.19,367.24,13.06,0
SC07-01275,52.2,48.03,94.97,465.78,3.53,0
SC07-01276,88.46,6.67,12.23,403.34,4.61,0
SC07-01277,58.43,17.3,74.84,117.97,5.92,0
SC07-01278,14.43,2.26,96.99,219.74,3.56,0
SC07-01279,58.95,24.33,37.47,474.36,4.43,0
SC07-01280,42.38,37.79,96.33,439.72,13.12,0
SC07-01281,36.3,40.1,82.14,10.54,13.54,0
SC07-01282,60.58,48.9,66.22,470.42,9.67,0
SC07-01283,78.88,6.78,55.27,154.63,13.42,0
SC07-01284,36.29,46.86,12.21,433.48,12.01,0
SC07-01285,38.85,53.69,39.3,489.0,3.58,0
SC07-01286,9.03,47.59,23.55,105.19,12.46,0
SC07-01287,91.59,34.19,87.95,383.37,5.69,0
SC07-01288,3.39,50.65,82.32,470.25,6.6,0
SC07-01289,41.3,48.88,71.74,438.38,11.48,0
SC07-01290,82.44,38.89,50.63,175.93,8.43,0
SC07-01291,81.34,41.64,45.33,13.68,0.73,0
SC07-01292,64.16,34.11,79.1,68.05,5.61,0
SC07-01293,62.83,11.96,8.22,78.91,7.23,0
SC07-01294,96.97,48.14,76.32,423.48,9.6,0
SC07-01295,79.26,12.36,47.84,367.59,3.65,0
SC07-01296,68.75,47.87,79.95,99.33,5.8,0
SC07-01297,18.19,51.35,94.48,442.17,3.14,0
SC07-01298,94.81,54.62,64.71,313.31,12.7,0
SC07-01299,97.41,3.88,70.13,84.38,5.61,0
SC07-01300,42.89,8.21,8.91,183.96,13.26,0
SC07-01301,11.74,40.3,43.52,459.99,6.35,0
SC07-01302,67.36,-1.7,71.36,95.27,12.07,0
SC07-01303,78.21,10.16,49.42,65.1,11.99,0
SC07-01304,60.01,59.66,28.3,338.59,5.86,0
SC07-01305,40.85,0.22,29.02,130.9,8.65,0
SC07-01306,90.73,15.87,68.43,229.08,0.14,0
SC07-01307,13.32,12.63,69.3,343.43,9.99,0
SC07-01308,70.85,41.53,25.62,47.64,0.82,0
SC07-01309,33.29,6.44,90.82,498.37,13.15,0
SC07-01310,96.72,31.88,74.82,22.76,3.55,0
SC07-01311,61.97,11.18,39.47,185.45,13.55,0
SC07-01312,55.96,30.63,26.03,251.87,13.02,0
SC07-01313,87.79,-0.77,31.73,265.21,1.99,0
SC07-01314,11.68,-6.91,12.79,435.84,11.69,0
SC07-01315,74.78,54.84,28.29,438.47,8.58,0
SC07-01316,76.16,8.46,31.3,446.34,4.42,0
SC07-01317,99.46,43.46,15.13,426.52,9.2,0
SC07-01318,79.82,-6.27,14.86,114.93,0.5,0
SC07-01319,26.02,39.42,43.64,497.6,12.98,0
SC07-01320,4.08,14.96,70.9,242.6,6.9,0
SC07-01321,84.58,50.68,12.37,46.79,12.15,0
SC07-01322,18.07,1.78,50.87,136.4,12.47,0
SC07-01323,58.57,30.85,97.16,263.01,7.99,0
SC07-01324,41.64,-4.62,76.83,338.45,12.42,0
SC07-01325,2.6,37.69,68.06,197.08,8.26,0
SC07-01326,95.12,48.59,15.38,40.53,11.63,0
SC07-01327,65.95,21.78,95.52,297.1,0.08,0
SC07-01328,96.98,35.93,95.09,162.46,10.24,0
SC07-01329,73.43,57.02,56.92,105.68,0.68,0
SC07-01330,64.36,12.62,5.55,35.36,13.33,0
SC07-01331,38.14,17.92,17.8,482.52,12.12,0
SC07-01332,8.92,49.66,16.29,389.75,3.99,0
SC07-01333,75.26,35.78,12.06,245.42,6.05,0
SC07-01334,80.64,11.71,68.5,65.64,9.32,0
SC07-01335,83.21,25.89,48.96,442.71,6.67,0
SC07-01336,56.31,19.61,75.65,405.5,8.59,0
SC07-01337,43.41,19.82,4.04,170.87,6.49,0
SC07-01338,22.42,38.04,15.51,247.66,8.81,0
SC07-01339,52.47,10.35,43.74,453.6,6.69,0
SC07-01340,14.86,-1.05,90.29,420.77,7.32,0
SC07-01341,29.55,-6.66,7.65,22.55,1.51,0
SC07-01342,42.49,-3.39,66.09,284.24,3.55,0
SC07-01343,25.49,-4.28,50.34,56.97,9.26,0
SC07-01344,17.96,2.75,39.3,41.65,12.27,0
SC07-01345,29.76,31.1,45.5,335.13,8.73,0
SC07-01346,26.51,57.67,87.13,93.6,2.59,0
SC07-01347,74.7,32.28,87.16,53.17,7.48,0
SC07-01348,0.58,-1.83,17.17,238.56,9.69,0
SC07-01349,86.88,57.61,60.19,243.36,8.66,0
SC07-01350,97.39,15.25,67.38,345.15,5.53,0
SC07-01351,30.27,-1.24,1.39,55.96,0.22,0
SC07-01352,97.05,50.13,20.92,324.31,9.1,0
SC07-01353,43.58,33.82,79.0,95.46,4.21,0
SC07-01354,46.34,23.18,2.18,83.05,2.13,0
SC07-01355,70.26,57.47,47.15,429.9,8.19,0
SC07-01356,20.13,29.86,83.38,25.46,0.11,0
SC07-01357,63.04,39.92,97.95,424.31,10.32,0
SC07-01358,59.58,28.8,29.08,243.75,6.81,0
SC07-01359,59.1,32.8,67.87,408.34,6.83,0
SC07-01360,71.43,26.98,42.2,157.93,0.89,0
SC07-01361,89.29,19.2,47.33,247.39,13.15,0
SC07-01362,34.68,38.83,2.08,144.01,2.69,0
SC07-01363,34.38,6.25,21.97,454.54,4.75,0
SC07-01364,60.21,48.97,65.7,65.58,4.11,0
SC07-01365,71.14,57.19,83.31,336.55,10.28,0
SC07-01366,79.6,45.98,84.45,310.92,3.95,0
SC07-01367,74.93,36.69,12.91,99.74,8.48,0
SC07-01368,10.09,19.12,99.38,151.83,2.93,0
SC07-01369,4.7,-8.73,88.09,178.52,2.22,0
SC07-01370,82.79,52.61,3.2,31.83,6.03,0
SC07-01371,61.76,-1.55,22.41,128.91,4.76,0
SC07-01372,35.52,-6.73,87.77,133.75,2.12,0
SC07-01373,69.01,26.08,66.95,353.2,12.97,0
SC07-01374,43.78,22.0,84.16,55.47,1.48,0
SC07-01375,61.06,44.75,94.74,411.81,0.59,0
SC07-01376,10.54,34.09,87.09,455.49,2.2,0
SC07-01377,29.21,20.91,50.59,366.28,1.39,0
SC07-01378,64.71,13.42,13.78,424.3,6.15,0
SC07-01379,41.57,43.83,24.53,404.57,4.78,0
SC07-01380,50.5,-4.03,37.24,377.42,5.05,0
SC07-01381,66.5,0.61,75.35,210.86,3.19,0
SC07-01382,80.18,18.94,40.93,229.38,11.93,0
SC07-01383,79.46,15.32,2.98,72.79,0.14,0
SC07-01384,80.62,56.05,8.48,157.4,13.75,0
SC07-01385,16.43,-5.7,75.92,330.09,8.98,0
SC07-01386,90.25,-5.95,63.16,356.68,9.25,0
SC07-01387,51.98,10.7,40.2,340.44,7.75,0
SC07-01388,30.43,41.99,90.92,3.95,3.92,1
SC07-01389,52.78,54.43,70.03,223.09,2.87,0
SC07-01390,54.44,45.18,65.2,348.74,12.43,0
SC07-01391,78.16,18.32,19.73,150.77,0.52,0
SC07-01392,33.45,40.76,74.01,63.0,13.89,0
SC07-01393,28.39,-3.5,55.18,260.67,10.6,0
SC07-01394,16.0,-8.05,79.66,296.25,3.38,0
SC07-01395,77.42,40.86,98.7,55.22,0.84,0
SC07-01396,37.3,33.89,35.45,23.87,9.11,0
SC07-01397,12.47,10.86,73.69,226.57,13.76,0
SC07-01398,80.54,59.23,56.56,447.17,8.79,0
SC07-01399,53.33,31.69,35.03,142.27,10.99,0
SC07-01400,71.49,37.07,71.44,259.83,3.47,0
SC07-01401,32.78,30.77,82.28,180.63,1.37,0
SC07-01402,71.16,47.99,8.19,31.1,12.44,0
SC07-01403,47.63,21.23,36.93,263.13,8.24,0
SC07-01404,51.89,17.63,26.37,249.41,5.93,0
SC07-01405,44.01,55.17,48.95,486.64,11.53,0
SC07-01406,14.43,-1.1,71.12,64.69,9.86,0
SC07-01407,86.33,-1.74,21.26,236.68,10.45,0
SC07-01408,94.41,15.85,95.18,300.8,5.72,0
SC07-01409,12.09,30.02,4.03,76.65,5.2,0
SC07-01410,99.1,11.23,48.59,395.6,1.99,0
SC07-01411,58.96,-6.59,89.43,444.53,3.02,0
SC07-01412,81.91,24.22,12.23,174.32,12.19,0
SC07-01413,41.76,30.11,56.58,450.14,10.94,0
SC07-01414,47.52,40.4,60.57,380.98,7.07,0
SC07-01415,46.09,21.5,44.91,433.17,4.55,0
SC07-01416,79.98,36.52,40.96,116.41,5.54,0
SC07-01417,54.1,57.07,89.0,367.96,9.04,0
SC07-01418,86.6,39.5,57.2,398.08,9.9,0
SC07-01419,56.1,-1.34,55.94,96.21,8.66,0
SC07-01420,57.69,-6.3,57.02,94.7,6.66,0
SC07-01421,89.69,-1.58,93.62,89.87,0.27,0
SC07-01422,78.68,7.17,70.56,443.83,6.22,0
SC07-01423,80.69,32.48,40.18,22.49,12.07,0
SC07-01424,2.33,20.59,41.49,429.82,4.44,0
SC07-01425,25.72,-1.97,9.93,84.08,2.02,0
SC07-01426,25.56,-3.73,30.68,203.64,2.37,0
SC07-01427,61.45,12.77,2.72,29.25,5.46,0
SC07-01428,32.0,18.9,32.42,187.76,11.59,0
SC07-01429,12.1,4.18,75.21,293.01,6.9,0
SC07-01430,75.24,16.95,11.51,30.32,6.51,0
SC07-01431,40.71,23.89,40.75,116.87,12.41,0
SC07-01432,26.92,57.44,67.51,123.16,7.77,0
SC07-01433,78.52,11.32,40.67,41.95,8.9,0
SC07-01434,20.35,57.75,37.33,492.65,10.95,0
SC07-01435,53.75,19.66,91.15,225.87,0.01,0
SC07-01436,46.47,48.06,28.92,486.04,0.01,0
SC07-01437,93.35,23.75,59.79,419.74,5.32,0
SC07-01438,35.14,34.25,58.52,255.16,0.64,0
SC07-01439,73.92,29.42,30.06,197.65,1.72,0
SC07-01440,13.97,28.95,27.95,215.98,8.55,0
SC07-01441,95.74,12.28,68.21,171.32,3.66,0
SC07-01442,75.27,21.69,24.59,491.51,4.78,0
SC07-01443,45.98,31.97,1.59,345.92,9.05,0
SC07-01444,0.2,23.36,90.14,336.35,5.78,0
SC07-01445,89.53,39.23,76.25,269.07,11.02,0
SC07-01446,64.91,-4.57,3.09,416.04,9.4,0
SC07-01447,67.22,14.71,81.28,413.73,5.01,0
SC07-01448,17.72,43.76,69.7,4.22,6.48,1
SC07-01449,93.62,21.12,22.15,9.89,3.94,0
SC07-01450,92.14,15.05,9.0,306.72,4.24,0
SC07-01451,71.78,6.4,49.38,181.5,3.93,0
SC07-01452,90.45,39.49,20.91,98.04,11.5,0
SC07-01453,39.61,50.89,56.91,247.01,7.72,0
SC07-01454,65.98,29.6,68.24,282.57,0.92,0
SC07-01455,12.82,-5.45,25.96,284.95,3.19,0
SC07-01456,52.31,44.76,19.19,338.99,13.89,0
SC07-01457,69.3,27.31,25.29,280.06,6.35,0
SC07-01458,93.79,34.87,94.31,25.93,13.14,0
SC07-01459,43.25,59.66,27.4,340.09,6.53,0
SC07-01460,36.15,43.13,88.38,112.27,3.89,0
SC07-01461,42.01,21.42,0.52,97.3,1.15,0
SC07-01462,57.18,-8.22,73.74,489.05,5.93,0
SC07-01463,7.44,7.5,16.45,155.4,8.76,0
SC07-01464,9.67,23.6,80.81,296.27,8.77,0
SC07-01465,33.43,7.53,10.78,119.18,4.77,0
SC07-01466,5.44,13.35,79.41,471.77,10.86,0
SC07-01467,61.96,43.49,62.53,289.47,1.2,0
SC07-01468,6.07,-7.67,31.33,423.85,0.91,0
SC07-01469,12.75,54.34,44.19,150.74,8.77,0
SC07-01470,6.58,37.43,55.93,147.46,5.34,0
SC07-01471,9.58,42.64,23.31,299.79,9.24,0
SC07-01472,1.06,16.87,79.52,439.97,8.67,0
SC07-01473,33.96,55.63,78.29,227.04,4.59,0
SC07-01474,19.25,-2.81,59.52,33.77,11.05,0
SC07-01475,19.36,30.12,63.74,128.14,5.89,0
SC07-01476,72.46,21.12,24.32,398.51,0.85,0
SC07-01477,31.17,20.51,95.97,377.19,4.36,0
SC07-01478,88.52,44.28,14.74,154.34,4.8,0
SC07-01479,36.88,-9.43,58.64,339.15,0.8,0
SC07-01480,50.71,48.46,85.87,211.03,2.74,0
SC07-01481,20.04,53.6,78.53,170.78,9.35,0
SC07-01482,69.48,58.73,59.98,165.57,8.1,0
SC07-01483,96.31,33.13,41.87,81.14,6.36,0
SC07-01484,78.92,-7.05,21.94,1.85,3.12,0
SC07-01485,23.03,33.67,23.9,367.29,13.34,0
SC07-01486,33.15,41.81,20.53,92.12,13.86,0
SC07-01487,36.28,-4.84,3.0,57.59,4.07,0
SC07-01488,19.44,31.0,76.55,21.95,0.42,0
SC07-01489,19.78,2.19,88.54,359.42,4.76,0
SC07-01490,55.45,2.5,2.15,421.44,12.75,0
SC07-01491,2.1,37.42,37.89,393.71,1.55,0
SC07-01492,93.61,11.36,24.01,404.74,9.25,0
SC07-01493,94.12,58.4,99.77,440.83,12.3,0
SC07-01494,6.54,0.11,92.42,397.45,2.68,0
SC07-01495,37.82,16.2,59.95,488.49,3.42,0
SC07-01496,4.62,33.12,18.91,267.73,11.05,0
SC07-01497,32.77,-6.27,79.56,436.43,11.92,0
SC07-01498,96.84,52.01,20.92,40.7,6.59,0
SC07-01499,66.35,-5.46,50.86,375.65,9.03,0
SC07-01500,50.92,24.9,46.43,160.91,5.23,0
SC07-01501,69.45,40.1,49.48,134.17,5.61,0
SC07-01502,92.12,30.88,3.66,109.76,2.84,0
SC07-01503,86.32,17.71,30.6,444.35,8.0,0
SC07-01504,93.55,16.19,55.06,67.17,1.18,0
SC07-01505,44.45,14.61,58.4,232.63,8.7,0
SC07-01506,42.61,22.73,40.9,402.25,4.44,0
SC07-01507,38.24,2.57,23.38,322.68,5.03,0
SC07-01508,8.24,48.98,51.28,321.83,11.0,0
SC07-01509,92.66,-3.11,7.13,19.14,2.8,0
SC07-01510,19.66,13.05,30.27,407.78,9.57,0
SC07-01511,27.45,39.39,99.8,499.2,10.53,0
SC07-01512,73.98,53.87,0.85,149.74,11.51,0
SC07-01513,78.31,18.27,40.58,289.98,9.17,0
SC07-01514,47.2,25.89,76.12,74.64,5.57,0
SC07-01515,22.69,42.44,47.44,257.91,11.0,0
SC07-01516,75.76,40.58,46.14,395.96,4.38,0
SC07-01517,18.78,43.91,69.79,104.79,6.3,0
SC07-01518,55.84,16.23,57.75,64.17,13.21,0
SC07-01519,0.97,46.73,83.43,169.91,5.87,0
SC07-01520,68.58,18.24,77.86,268.8,4.57,0
SC07-01521,2.32,44.98,92.21,76.85,13.34,0
SC07-01522,33.03,34.09,60.3,303.92,12.14,0
SC07-01523,98.02,4.29,39.06,267.25,2.64,0
SC07-01524,10.86,29.87,45.15,447.37,1.31,0
SC07-01525,10.43,28.7,3.21,344.51,6.84,0
SC07-01526,18.67,-5.14,96.3,141.91,3.26,0
SC07-01527,65.96,-5.1,5.75,259.27,2.41,0
SC07-01528,85.97,18.76,15.7,55.37,7.51,0
SC07-01529,47.83,-5.19,95.51,432.85,1.82,0
SC07-01530,20.57,20.25,70.97,237.39,8.45,0
SC07-01531,93.92,31.12,50.25,342.42,3.86,0
SC07-01532,0.74,-0.01,6.4,199.62,11.31,0
SC07-01533,52.59,53.72,87.92,230.1,8.07,0
SC07-01534,73.73,10.15,88.1,228.15,9.8,0
SC07-01535,71.16,10.82,61.3,404.99,2.45,0
SC07-01536,24.91,53.0,73.32,228.91,12.75,0
SC07-01537,18.34,29.8,39.36,472.84,3.36,0
SC07-01538,87.05,9.16,62.81,145.94,12.83,0
SC07-01539,69.8,40.57,21.73,246.74,13.89,0
SC07-01540,55.28,59.67,7.65,52.61,10.73,0
SC07-01541,32.6,21.57,25.28,253.03,6.47,0
SC07-01542,7.32,38.61,74.97,190.58,10.44,0
SC07-01543,85.58,17.77,1.07,57.34,12.84,0
SC07-01544,32.71,42.41,48.48,34.12,7.68,0
SC07-01545,24.23,56.5,14.03,410.21,11.78,0
SC07-01546,17.06,-8.74,10.05,147.07,7.49,0
SC07-01547,39.08,-4.57,76.36,338.69,2.15,0
SC07-01548,35.81,5.17,3.44,337.52,3.03,0
SC07-01549,69.67,48.56,81.15,320.51,10.03,0
SC07-01550,89.7,17.34,30.83,26.21,0.07,0
SC07-01551,77.24,43.7,92.88,187.32,3.34,0
SC07-01552,9.14,19.52,98.93,168.56,2.69,0
SC07-01553,66.89,5.44,88.23,398.46,11.63,0
SC07-01554,16.79,1.69,41.57,53.84,4.58,0
SC07-01555,56.21,3.27,20.71,270.85,13.14,0
SC07-01556,12.08,4.96,35.66,86.81,5.63,0
SC07-01557,31.62,17.24,45.88,33.01,11.41,0
SC07-01558,64.99,15.83,6.73,109.28,4.22,0
SC07-01559,59.89,58.82,10.18,268.09,13.87,0
SC07-01560,85.05,2.0,95.9,299.93,13.74,0
SC07-01561,69.63,37.45,97.24,346.86,4.65,0
SC07-01562,63.54,51.88,31.8,425.78,6.75,0
SC07-01563,33.51,32.6,58.5,191.19,8.97,0
SC07-01564,23.24,31.12,98.84,116.3,8.63,0
SC07-01565,89.68,11.62,73.79,378.62,8.68,0
SC07-01566,5.99,16.22,29.66,75.84,2.86,0
SC07-01567,3.79,54.64,59.81,472.94,10.35,0
SC07-01568,32.87,9.47,64.36,380.25,7.29,0
SC07-01569,97.76,35.36,28.85,11.85,11.86,0
SC07-01570,33.13,6.96,53.93,453.32,9.31,0
SC07-01571,24.83,38.11,71.95,304.03,5.34,0
SC07-01572,32.16,20.97,0.6,434.93,0.98,0
SC07-01573,19.25,34.41,14.15,102.11,1.28,0
SC07-01574,59.26,48.19,93.18,118.16,1.09,0
SC07-01575,72.5,11.8,72.17,122.46,2.47,0
SC07-01576,24.9,9.97,44.83,317.8,3.81,0
SC07-01577,78.13,-4.4,97.26,199.12,2.35,0
SC07-01578,44.14,25.37,73.49,380.16,11.47,0
SC07-01579,79.36,-8.61,38.14,427.02,10.62,0
SC07-01580,92.15,31.66,15.28,363.32,3.6,0
SC07-01581,46.37,21.75,37.51,303.01,1.01,0
SC07-01582,13.67,22.85,15.47,94.81,0.18,0
SC07-01583,50.07,40.77,49.15,462.85,13.16,0
SC07-01584,97.05,16.12,48.96,320.52,8.24,0
SC07-01585,40.88,-7.28,92.16,192.41,7.92,0
SC07-01586,19.42,20.54,25.53,456.54,10.11,0
SC07-01587,50.96,24.2,68.85,348.23,9.11,0
SC07-01588,92.65,41.5,24.24,17.25,11.38,0
SC07-01589,63.1,37.35,69.75,322.67,3.66,0
SC07-01590,45.55,37.67,25.43,301.07,13.32,0
SC07-01591,84.15,-9.14,77.1,322.2,12.84,0
SC07-01592,39.77,31.03,90.1,259.27,2.64,0
SC07-01593,42.29,48.08,25.29,151.11,13.55,0
SC07-01594,65.85,16.8,30.8,205.8,12.27,0
SC07-01595,72.77,-3.78,63.62,388.35,4.82,0
SC07-01596,14.27,42.41,93.0,198.99,4.31,0
SC07-01597,98.7,47.15,0.16,34.92,9.75,0
SC07-01598,52.5,35.82,73.3,85.32,5.25,0
SC07-01599,70.4,3.86,18.2,474.24,6.31,0
SC07-01600,81.44,2.99,5.9,91.36,10.63,0
SC07-01601,25.94,53.16,40.88,313.42,8.74,0
SC07-01602,86.84,1.63,29.31,188.86,3.87,0
SC07-01603,34.22,31.0,47.79,336.4,1.41,0
SC07-01604,6.11,42.63,0.72,291.22,13.83,0
SC07-01605,9.68,26.56,0.73,301.49,13.82,0
SC07-01606,76.14,55.25,47.32,168.51,6.01,0
SC07-01607,37.08,52.31,99.94,408.42,13.17,0
SC07-01608,66.51,16.49,5.72,178.01,4.62,0
SC07-01609,10.02,21.98,69.83,362.61,12.43,0
SC07-01610,13.89,32.13,86.9,139.73,9.79,0
SC07-01611,81.51,15.79,61.84,329.44,6.65,0
SC07-01612,41.31,3.16,98.62,478.77,11.38,0
SC07-01613,1.66,15.21,4.58,403.78,4.56,0
SC07-01614,44.43,32.47,40.02,306.3,1.14,0
SC07-01615,42.79,55.2,93.08,493.44,12.0,0
SC07-01616,90.52,41.4,29.39,97.54,2.0,0
SC07-01617,52.01,30.03,85.68,252.32,1.79,0
SC07-01618,79.68,11.09,67.31,274.37,12.25,0
SC07-01619,16.81,21.24,11.57,331.32,3.37,0
SC07-01620,21.16,42.73,65.97,44.72,6.09,0
SC07-01621,71.58,1.22,92.9,451.32,10.73,0
SC07-01622,22.04,8.03,47.63,448.76,1.72,0
SC07-01623,13.58,27.42,72.54,45.22,9.68,0
SC07-01624,87.19,55.22,76.63,300.34,9.02,0
SC07-01625,37.7,40.22,73.6,190.83,8.99,0
SC07-01626,56.19,49.93,80.84,111.78,1.62,0
SC07-01627,8.77,-3.76,74.06,468.61,10.42,0
SC07-01628,11.61,15.74,85.33,477.03,8.08,0
SC07-01629,0.17,-5.67,53.56,423.56,13.72,0
SC07-01630,31.96,15.55,67.93,398.28,7.28,0
SC07-01631,60.16,5.55,39.53,269.15,6.45,0
SC07-01632,14.47,56.0,83.72,249.92,6.38,0
SC07-01633,60.15,0.21,66.54,400.65,9.84,0
SC07-01634,59.89,11.62,99.03,61.73,13.96,0
SC07-01635,70.65,23.48,82.87,247.51,9.86,0
SC07-01636,37.67,58.68,33.31,413.94,2.95,0
SC07-01637,73.27,46.73,70.04,26.28,12.12,0
SC07-01638,17.9,24.13,39.18,492.19,9.23,0
SC07-01639,84.85,59.37,54.79,168.71,9.49,0
SC07-01640,99.03,43.04,39.11,263.92,3.96,0
SC07-01641,69.64,3.66,85.63,196.89,1.83,0
SC07-01642,75.23,30.63,80.51,424.9,9.93,0
SC07-01643,45.75,1.46,13.76,347.98,4.08,0
SC07-01644,14.48,5.27,74.84,367.66,0.13,0
SC07-01645,72.6,30.3,67.83,494.24,2.07,0
SC07-01646,95.04,19.9,84.17,462.99,1.34,0
SC07-01647,97.42,2.57,5.25,490.14,9.1,0
SC07-01648,59.34,57.88,62.7,202.0,0.48,0
SC07-01649,24.09,24.2,68.8,477.28,9.14,0
SC07-01650,37.54,38.43,79.53,329.26,10.89,0
SC07-01651,86.49,35.52,27.52,326.6,5.14,0
SC07-01652,12.0,-4.22,48.92,334.4,7.14,0
SC07-01653,2.3,30.11,57.26,136.86,10.44,0
SC07-01654,79.43,2.68,48.42,322.3,6.07,0
SC07-01655,57.14,-3.04,6.35,454.44,11.13,0
SC07-01656,18.49,46.9,1.97,278.03,7.51,0
SC07-01657,81.22,24.2,51.89,292.36,9.99,0
SC07-01658,79.01,-1.31,75.3,482.84,12.57,0
SC07-01659,18.07,31.94,17.99,277.36,11.21,0
SC07-01660,12.3,-0.98,20.62,80.61,7.87,0
SC07-01661,85.15,-7.55,97.99,253.07,5.09,0
SC07-01662,54.44,19.61,94.52,0.04,4.21,0
SC07-01663,94.62,26.36,78.28,329.58,6.23,0
SC07-01664,57.71,38.66,52.27,493.01,4.93,0
SC07-01665,53.82,4.69,9.9,409.88,3.32,0
SC07-01666,18.81,10.98,83.26,478.71,8.43,0
SC07-01667,21.6,15.13,12.85,311.16,1.04,0
SC07-01668,25.5,16.72,90.37,200.03,1.17,0
SC07-01669,25.42,19.77,69.45,267.95,0.99,0
SC07-01670,73.27,59.68,69.68,96.31,5.21,0
SC07-01671,65.73,47.44,60.49,209.84,2.15,0
SC07-01672,99.24,20.35,2.59,301.8,1.09,0
SC07-01673,12.46,-2.3,54.84,32.98,8.96,0
SC07-01674,36.28,13.35,27.33,434.43,3.16,0
SC07-01675,0.99,16.4,96.88,189.32,1.47,0
SC07-01676,92.56,2.3,72.83,153.27,11.5,0
SC07-01677,48.96,27.03,70.05,432.7,7.72,0
SC07-01678,60.75,52.76,17.07,473.26,5.45,0
SC07-01679,34.52,41.89,96.8,265.84,8.32,0
SC07-01680,84.96,23.38,12.76,4.75,7.19,0
SC07-01681,15.55,-1.15,37.88,367.71,0.74,0
SC07-01682,72.54,58.21,70.75,124.56,8.52,0
SC07-01683,70.68,2.82,98.62,399.23,7.03,0
SC07-01684,27.58,19.94,94.17,440.69,11.4,0
SC07-01685,30.52,50.05,94.75,203.26,4.38,0
SC07-01686,9.01,-4.44,73.0,472.43,2.31,0
SC07-01687,5.74,42.04,55.42,246.43,12.24,0
SC07-01688,96.22,19.68,50.87,365.4,6.72,0
SC07-01689,51.5,59.86,88.81,348.94,5.68,0
SC07-01690,61.63,53.76,74.59,357.08,9.84,0
SC07-01691,74.97,7.1,73.9,475.43,11.53,0
SC07-01692,88.03,26.97,60.92,303.69,13.51,0
SC07-01693,67.45,51.74,52.35,112.53,1.05,0
SC07-01694,83.94,25.96,95.25,211.36,5.31,0
SC07-01695,37.33,-2.07,91.4,124.88,7.55,0
SC07-01696,76.64,-1.75,29.92,146.77,2.98,0
SC07-01697,73.8,29.82,21.75,152.41,13.06,0
SC07-01698,64.3,47.8,3.54,231.53,8.65,0
SC07-01699,48.83,14.9,61.55,164.28,4.95,0
SC07-01700,0.52,52.31,18.62,177.27,1.42,0
SC07-01701,49.2,-4.07,51.43,76.86,1.73,0
SC07-01702,48.74,0.89,65.66,113.05,5.54,0
SC07-01703,29.93,19.98,18.22,405.77,1.52,0
SC07-01704,43.86,48.76,16.18,176.87,6.08,0
SC07-01705,35.92,50.94,19.85,94.78,0.56,0
SC07-01706,39.45,42.07,90.1,80.16,2.79,0
SC07-01707,47.93,36.57,26.58,210.55,7.7,0
SC07-01708,79.98,40.0,32.49,382.2,12.34,0
SC07-01709,50.19,54.65,84.31,194.42,1.54,0
SC07-01710,10.79,-8.52,15.55,250.0,10.74,0
SC07-01711,23.65,37.48,34.21,488.22,10.32,0
SC07-01712,43.43,10.26,48.59,380.45,3.47,0
SC07-01713,15.25,25.79,24.95,383.36,12.1,0
SC07-01714,99.43,7.31,82.06,99.21,9.89,0
SC07-01715,81.0,39.08,50.23,90.59,13.9,0
SC07-01716,59.12,34.41,22.94,66.15,0.54,0
SC07-01717,99.04,55.04,42.63,308.23,1.27,0
SC07-01718,5.1,18.51,30.64,316.65,3.24,0
SC07-01719,33.62,23.54,50.99,321.94,4.26,0
SC07-01720,26.92,9.64,35.1,209.04,4.48,0
SC07-01721,4.76,-7.14,5.21,372.38,2.97,0
SC07-01722,47.21,53.59,10.08,92.42,13.28,0
SC07-01723,36.36,11.3,9.69,6.83,7.72,0
SC07-01724,86.2,13.18,74.13,180.69,10.9,0
SC07-01725,52.89,16.01,65.02,105.02,5.38,0
SC07-01726,88.72,-0.87,74.26,60.18,8.21,0
SC07-01727,91.22,35.8,19.04,352.33,12.96,0
SC07-01728,7.49,28.26,34.29,362.68,13.86,0
SC07-01729,20.2,40.45,4.38,95.85,7.71,0
SC07-01730,25.25,51.4,85.34,453.41,13.65,0
SC07-01731,89.49,21.39,71.73,455.42,0.95,0
SC07-01732,41.9,55.19,50.39,10.94,8.39,0
SC07-01733,69.67,-0.97,4.54,283.09,11.12,0
SC07-01734,69.38,41.85,39.75,342.35,12.18,0
SC07-01735,97.15,1.59,75.07,192.08,10.91,0
SC07-01736,40.08,9.0,18.41,80.0,3.05,0
SC07-01737,69.67,51.54,79.06,227.72,9.91,0
SC07-01738,52.51,11.24,22.03,354.13,7.73,0
SC07-01739,17.11,-6.81,23.82,19.55,2.07,1
SC07-01740,88.36,54.91,27.04,395.31,8.99,0
SC07-01741,24.9,47.64,53.46,0.7,4.86,1
SC07-01742,60.52,15.84,8.32,352.73,7.69,0
SC07-01743,72.21,18.58,61.15,162.32,0.8,0
SC07-01744,81.59,47.68,21.93,482.61,2.47,0
SC07-01745,97.16,27.62,97.88,389.09,10.93,0
SC07-01746,10.64,42.2,38.2,326.91,12.18,0
SC07-01747,63.43,28.56,81.68,110.32,3.76,0
SC07-01748,58.17,46.54,75.29,77.82,3.24,0
SC07-01749,72.63,15.8,90.22,46.85,2.54,0
SC07-01750,18.5,50.36,18.89,245.26,10.21,0
SC07-01751,64.76,-8.53,16.29,88.87,5.52,0
SC07-01752,60.78,-5.14,7.2,122.63,12.73,0
SC07-01753,97.04,-2.98,52.68,363.38,11.31,0
SC07-01754,60.33,16.45,2.07,413.28,10.69,0
SC07-01755,64.45,-6.94,24.83,41.8,2.0,0
SC07-01756,62.74,-9.06,96.64,478.81,1.49,0
SC07-01757,73.61,13.69,70.75,101.16,6.73,0
SC07-01758,56.29,21.1,16.31,165.88,2.16,0
SC07-01759,5.59,38.44,62.75,61.54,11.55,0
SC07-01760,10.28,10.77,51.15,418.24,1.99,0
SC07-01761,91.22,-8.32,42.71,73.69,9.18,0
SC07-01762,22.59,51.53,38.47,442.11,11.52,0
SC07-01763,11.24,1.87,11.01,50.87,13.38,0
SC07-01764,35.73,33.1,11.84,461.66,12.88,0
SC07-01765,89.56,32.32,17.81,265.24,8.39,0
SC07-01766,67.94,0.52,66.73,150.78,11.45,0
SC07-01767,34.84,-2.73,91.62,330.87,13.06,0
SC07-01768,81.07,39.79,7.64,1.09,13.06,0
SC07-01769,14.86,35.91,32.03,195.3,10.1,0
SC07-01770,78.55,23.49,6.73,288.92,13.43,0
SC07-01771,27.85,-3.67,99.48,90.94,5.39,0
SC07-01772,31.93,19.67,69.34,206.97,11.11,0
SC07-01773,33.35,46.15,65.4,122.95,5.86,0
SC07-01774,49.71,27.36,53.25,410.7,5.38,0
SC07-01775,58.1,19.53,57.79,346.75,10.48,0
SC07-01776,70.31,6.46,0.29,496.95,0.24,0
SC07-01777,55.84,57.03,92.09,29.79,4.89,0
SC07-01778,84.88,50.67,81.9,147.35,2.02,0
SC07-01779,85.33,58.03,91.3,121.25,11.59,0
SC07-01780,5.59,-0.35,96.21,351.98,5.28,0
SC07-01781,2.63,57.54,37.17,350.7,9.28,0
SC07-01782,7.38,48.62,87.05,15.09,5.11,1
SC07-01783,7.9,-4.61,56.92,406.86,2.1,0
SC07-01784,18.24,42.05,74.81,349.28,4.19,0
SC07-01785,41.15,13.61,78.14,347.62,4.01,0
SC07-01786,15.59,51.68,3.21,375.57,7.05,0
SC07-01787,1.09,48.29,67.99,437.99,7.76,0
SC07-01788,82.95,54.34,50.19,354.68,5.93,0
SC07-01789,15.68,58.12,52.15,488.96,1.75,0
SC07-01790,21.19,33.33,21.89,91.85,10.44,0
SC07-01791,55.93,48.92,81.66,234.22,4.38,0
SC07-01792,64.19,47.91,16.48,401.67,9.05,0
SC07-01793,19.47,-2.41,7.78,301.6,11.85,0
SC07-01794,2.8,9.75,54.16,32.66,8.36,0
SC07-01795,75.65,11.64,55.17,319.19,0.45,0
SC07-01796,26.92,58.37,56.48,281.87,11.06,0
SC07-01797,4.57,12.02,94.35,4.24,4.99,1
SC07-01798,28.24,17.87,19.49,375.92,10.16,0
SC07-01799,97.39,39.19,9.74,203.64,10.38,0
SC07-01800,10.1,46.52,15.02,293.59,5.35,0
SC07-01801,58.64,49.64,29.01,75.77,6.48,0
SC07-01802,88.52,-3.47,71.85,442.2,11.3,0
SC07-01803,65.42,43.82,16.1,481.83,7.23,0
SC07-01804,72.87,35.6,93.02,170.71,10.99,0
SC07-01805,33.9,15.22,85.6,215.45,12.47,0
SC07-01806,77.42,17.13,20.88,305.19,1.05,0
SC07-01807,15.24,33.95,49.75,402.36,2.0,0
SC07-01808,87.05,28.3,96.89,390.72,1.22,0
SC07-01809,9.41,11.96,93.41,80.74,3.92,0
SC07-01810,36.33,-3.75,17.92,385.97,3.61,0
SC07-01811,47.33,7.92,87.67,325.15,1.97,0
SC07-01812,12.4,29.81,3.96,429.5,5.61,0
SC07-01813,85.7,54.2,12.9,183.37,11.83,0
SC07-01814,95.2,16.16,68.22,252.97,3.68,0
SC07-01815,87.55,37.78,62.06,321.93,10.37,0
SC07-01816,24.48,47.49,0.79,426.53,4.07,0
SC07-01817,15.82,17.95,7.3,194.11,6.47,0
SC07-01818,9.35,22.61,64.25,450.06,6.51,0
SC07-01819,8.58,41.22,91.75,461.25,10.76,0
SC07-01820,19.95,13.01,31.73,498.22,6.81,0
SC07-01821,70.23,23.34,27.84,19.14,2.18,0
SC07-01822,47.0,34.82,32.02,15.66,8.42,0
SC07-01823,38.03,55.55,36.15,215.05,6.63,0
SC07-01824,5.41,50.76,95.26,341.84,3.78,0
SC07-01825,63.57,-4.15,6.93,202.53,4.18,0
SC07-01826,71.22,50.99,52.48,334.82,3.63,0
SC07-01827,83.05,-3.53,90.16,171.01,10.54,0
SC07-01828,16.45,14.45,41.91,237.75,9.64,0
SC07-01829,16.07,38.77,35.47,346.45,5.45,0
SC07-01830,0.99,44.82,59.71,38.9,9.35,0
SC07-01831,61.65,12.66,98.64,469.48,10.4,0
SC07-01832,73.67,12.16,15.05,229.33,2.06,0
SC07-01833,86.43,-2.05,97.0,203.19,7.29,0
SC07-01834,0.37,21.54,83.25,62.86,6.29,0
SC07-01835,96.95,-3.18,21.86,489.52,5.88,0
SC07-01836,54.61,1.63,37.76,174.04,13.33,0
SC07-01837,97.17,30.38,1.44,406.89,0.23,0
SC07-01838,89.67,25.15,86.78,349.66,9.08,0
SC07-01839,45.6,18.73,35.22,271.23,7.32,0
SC07-01840,76.51,-2.06,17.58,214.19,2.48,0
SC07-01841,59.49,27.99,38.16,422.55,9.64,0
SC07-01842,43.75,9.83,62.04,462.57,12.0,0
SC07-01843,99.54,46.42,10.38,324.81,8.63,0
SC07-01844,41.13,24.75,75.17,463.61,1.4,0
SC07-01845,44.41,30.69,3.26,144.95,5.89,0
SC07-01846,22.29,21.82,38.11,97.78,6.57,0
SC07-01847,12.44,57.73,91.4,206.47,11.49,0
SC07-01848,70.38,41.88,0.76,187.32,3.14,0
SC07-01849,28.36,51.57,26.45,419.24,11.13,0
SC07-01850,41.47,6.91,90.02,207.28,0.22,0
SC07-01851,15.34,16.21,81.67,410.02,8.4,0
SC07-01852,33.51,57.14,99.28,120.92,13.63,0
SC07-01853,19.27,35.11,82.85,400.67,8.09,0
SC07-01854,12.89,34.54,97.74,86.86,12.66,0
SC07-01855,51.73,20.62,9.96,400.59,7.06,0
SC07-01856,63.14,44.9,84.3,313.66,3.64,0
SC07-01857,55.29,56.41,20.38,46.63,6.12,0
SC07-01858,62.89,31.53,2.78,353.79,12.89,0
SC07-01859,7.88,16.77,74.23,65.27,6.35,0
SC07-01860,63.15,15.07,23.97,448.95,4.16,0
SC07-01861,53.54,7.17,78.0,393.02,10.79,0
SC07-01862,65.93,9.25,93.5,313.72,8.94,0
SC07-01863,57.94,-2.76,45.91,297.95,1.5,0
SC07-01864,28.25,52.62,9.28,247.12,5.06,0
SC07-01865,83.83,17.36,49.1,10.98,1.03,0
SC07-01866,95.92,-4.66,68.73,187.63,4.39,0
SC07-01867,90.83,46.6,17.98,5.07,2.5,0
SC07-01868,56.73,32.47,3.15,487.96,13.91,0
SC07-01869,48.39,32.98,54.65,79.19,10.38,0
SC07-01870,92.66,3.5,2.96,11.52,7.16,0
SC07-01871,15.23,50.68,11.48,108.48,4.59,0
SC07-01872,21.98,40.94,93.98,133.8,6.74,0
SC07-01873,95.32,14.4,55.15,147.16,10.43,0
SC07-01874,49.58,25.89,39.99,96.53,2.42,0
SC07-01875,68.71,52.11,28.11,196.41,8.17,0
SC07-01876,76.64,11.81,79.41,476.88,6.83,0
SC07-01877,88.29,19.66,74.71,407.95,8.72,0
SC07-01878,60.73,20.05,56.71,186.98,8.86,0
SC07-01879,6.43,1.71,3.38,255.68,8.22,0
SC07-01880,29.35,47.87,64.51,482.57,4.93,0
SC07-01881,2.99,2.59,32.27,395.45,5.01,0
SC07-01882,7.26,35.99,37.2,389.76,1.71,0
SC07-01883,31.86,-9.24,32.89,232.69,11.13,0
SC07-01884,89.87,29.31,38.56,300.9,7.38,0
SC07-01885,10.29,9.46,60.79,441.68,12.04,0
SC07-01886,7.48,52.49,42.18,378.1,4.45,0
SC07-01887,32.01,3.8,80.27,249.33,13.86,0
SC07-01888,42.12,-1.31,17.11,163.44,5.36,0
SC07-01889,57.64,9.95,64.37,428.05,13.83,0
SC07-01890,91.16,9.91,84.16,201.41,12.54,0
SC07-01891,91.8,-7.26,64.48,34.73,1.33,0
SC07-01892,80.25,40.63,27.47,376.85,5.6,0
SC07-01893,55.65,11.92,61.23,196.66,9.75,0
SC07-01894,45.46,49.41,96.72,60.71,5.23,0
SC07-01895,61.8,-7.95,4.78,5.2,1.47,0
SC07-01896,32.29,38.13,43.57,85.1,2.68,0
SC07-01897,90.23,15.82,90.29,494.78,13.08,0
SC07-01898,86.8,8.18,78.49,55.4,13.26,0
SC07-01899,7.5,13.05,61.28,406.24,3.78,0
SC07-01900,17.03,-0.36,46.07,63.14,12.07,0
SC07-01901,75.3,52.15,96.58,206.65,6.25,0
SC07-01902,12.24,26.93,57.79,330.63,13.67,0
SC07-01903,32.19,41.16,22.58,131.91,4.15,0
SC07-01904,8.28,29.1,87.29,329.74,10.29,0
SC07-01905,20.59,-4.54,97.18,30.13,0.18,0
SC07-01906,21.61,47.3,18.79,52.27,2.92,0
SC07-01907,59.05,26.94,85.85,380.24,4.37,0
SC07-01908,45.4,0.78,50.45,457.06,3.06,0
SC07-01909,36.36,58.25,86.79,256.73,10.92,0
SC07-01910,18.8,9.45,16.42,153.57,12.18,0
SC07-01911,64.84,0.31,87.62,372.51,3.37,0
SC07-01912,89.41,3.09,2.86,330.94,6.34,0
SC07-01913,26.56,54.88,8.41,215.74,2.11,0
SC07-01914,50.22,25.55,5.32,136.29,1.37,0
SC07-01915,64.86,41.24,42.26,147.0,5.64,0
SC07-01916,59.4,27.07,49.36,216.78,9.54,0
SC07-01917,64.63,57.13,21.96,26.57,0.5,0
SC07-01918,26.62,-5.39,10.1,113.23,8.68,0
SC07-01919,71.58,17.43,10.13,366.96,12.31,0
SC07-01920,26.83,4.4,78.57,173.82,4.03,0
SC07-01921,59.63,41.37,9.42,251.62,9.81,0
SC07-01922,47.68,11.37,90.67,119.31,4.41,0
SC07-01923,6.95,3.11,89.99,70.92,0.18,0
SC07-01924,47.46,13.38,17.75,131.92,1.08,0
SC07-01925,67.92,49.72,59.4,484.77,8.16,0
SC07-01926,48.83,7.33,10.94,409.46,7.94,0
SC07-01927,99.04,48.48,52.53,83.65,2.05,0
SC07-01928,9.39,11.32,73.62,226.31,10.29,0
SC07-01929,98.98,8.01,48.65,182.14,0.19,0
SC07-01930,35.26,39.71,89.14,387.26,12.0,0
SC07-01931,90.22,31.7,11.28,342.89,10.2,0
SC07-01932,2.07,58.5,85.63,329.68,1.98,0
SC07-01933,49.78,7.11,74.1,486.65,5.03,0
SC07-01934,74.44,3.57,95.48,319.37,13.52,0
SC07-01935,87.71,37.52,89.92,224.63,13.42,0
SC07-01936,52.69,8.57,67.91,444.0,5.47,0
SC07-01937,41.73,59.58,30.93,20.55,7.28,0
SC07-01938,34.33,32.87,43.35,227.51,13.55,0
SC07-01939,79.23,10.19,96.95,249.46,9.6,0
SC07-01940,46.63,0.52,96.67,311.9,9.3,0
SC07-01941,30.36,10.18,79.98,7.8,0.57,1
SC07-01942,28.3,31.52,5.32,152.91,6.02,0
SC07-01943,66.03,-9.96,25.14,175.11,3.97,0
SC07-01944,85.9,36.57,76.89,77.52,1.2,0
SC07-01945,27.07,59.71,19.67,292.61,1.13,0
SC07-01946,21.89,23.12,35.46,405.85,8.92,0
SC07-01947,42.26,57.68,9.81,130.63,4.23,0
SC07-01948,31.07,29.47,67.89,161.24,8.09,0
SC07-01949,68.33,3.97,13.57,277.14,4.21,0
SC07-01950,8.56,29.67,62.83,272.92,5.26,0
SC07-01951,87.59,20.58,13.86,220.95,4.39,0
SC07-01952,93.49,39.88,46.84,213.83,5.89,0
SC07-01953,41.03,-8.06,55.89,478.75,5.89,0
SC07-01954,75.59,33.06,30.24,121.32,7.17,0
SC07-01955,12.73,28.03,56.56,146.67,10.57,0
SC07-01956,39.27,18.21,0.6,403.74,12.25,0
SC07-01957,46.02,-6.2,5.47,414.95,9.1,0
SC07-01958,33.35,-3.18,29.06,240.73,4.64,0
SC07-01959,6.09,41.83,67.44,369.68,0.74,0
SC07-01960,20.51,0.09,74.04,247.65,3.13,0
SC07-01961,67.57,49.66,30.09,155.45,13.85,0
SC07-01962,0.65,23.95,68.78,57.35,0.0,0
SC07-01963,60.38,-1.53,9.69,102.15,6.63,0
SC07-01964,83.27,21.07,5.57,60.91,5.66,0
SC07-01965,98.27,47.42,84.17,273.36,11.5,0
SC07-01966,68.13,50.15,61.72,216.18,8.91,0
SC07-01967,18.48,47.3,65.75,85.39,10.38,0
SC07-01968,54.67,23.33,29.0,333.77,13.43,0
SC07-01969,49.3,36.74,39.12,348.83,1.5,0
SC07-01970,41.69,19.74,2.8,228.54,7.9,0
SC07-01971,1.1,11.19,64.51,446.61,8.68,0
SC07-01972,4.26,53.49,96.28,233.95,10.12,0
SC07-01973,27.69,58.72,35.77,427.92,7.04,0
SC07-01974,34.88,39.44,39.06,31.38,9.18,0
SC07-01975,35.19,40.34,33.93,357.59,11.01,0
SC07-01976,27.83,43.38,30.29,196.96,12.83,0
SC07-01977,64.51,16.36,47.18,329.49,8.06,0
SC07-01978,92.74,44.28,52.54,64.71,4.54,0
SC07-01979,95.52,14.37,61.75,201.89,0.63,0
SC07-01980,85.2,1.14,9.65,53.11,13.08,0
SC07-01981,47.64,43.19,98.13,404.28,10.26,0
SC07-01982,23.66,52.99,17.4,446.24,10.58,0
SC07-01983,42.01,-5.49,61.19,57.24,11.86,0
SC07-01984,7.29,43.43,60.65,420.34,12.93,0
SC07-01985,32.12,38.91,37.76,494.44,8.03,0
SC07-01986,19.97,7.67,43.75,143.04,2.82,0
SC07-01987,16.21,46.97,80.87,96.15,8.15,0
SC07-01988,62.91,36.81,20.35,405.0,12.51,0
SC07-01989,35.96,18.56,54.66,35.98,2.59,0
SC07-01990,73.0,53.77,64.22,248.09,11.65,0
SC07-01991,57.04,23.16,35.21,309.24,7.82,0
SC07-01992,13.79,-5.3,42.75,188.06,0.99,0
SC07-01993,7.81,44.77,29.82,58.96,3.23,0
SC07-01994,60.15,13.16,22.4,470.31,12.91,0
SC07-01995,25.14,39.23,6.8,435.74,13.55,0
SC07-01996,7.48,30.27,85.32,465.9,7.0,0
SC07-01997,39.92,-6.03,69.75,55.44,6.59,0
SC07-01998,91.74,8.41,3.0,169.02,3.65,0
SC07-01999,33.45,43.53,13.93,273.54,10.27,0
SC07-02000,92.42,36.43,87.83,117.81,1.02,0
SC07-02001,94.8,53.3,70.31,382.79,0.5,0
SC07-02002,98.11,56.49,59.81,306.22,1.13,0
SC07-02003,55.14,56.26,27.05,20.87,0.5,0
SC07-02004,50.76,35.52,43.15,151.71,11.9,0
SC07-02005,97.15,-8.5,5.54,386.81,11.36,0
SC07-02006,53.42,50.22,68.19,368.96,7.73,0
SC07-02007,5.21,43.6,69.54,214.86,5.98,0
SC07-02008,13.78,20.66,89.71,491.27,5.15,0
SC07-02009,19.36,20.56,5.79,116.02,8.24,0
SC07-02010,22.71,42.32,88.83,396.59,7.95,0
SC07-02011,99.09,-8.96,71.98,406.31,1.07,0
SC07-02012,12.67,2.64,4.37,174.83,9.17,0
SC07-02013,24.42,10.47,60.61,239.35,1.71,0
SC07-02014,7.68,7.51,54.36,247.46,10.29,0
SC07-02015,35.7,54.06,22.03,356.57,13.18,0
SC07-02016,78.02,10.49,65.36,263.42,3.75,0
SC07-02017,69.78,25.24,5.4,450.21,9.88,0
SC07-02018,62.19,9.58,20.36,68.57,13.66,0
SC07-02019,23.05,41.93,21.08,186.19,11.43,0
SC07-02020,14.2,58.45,69.83,324.95,6.35,0
SC07-02021,11.42,24.92,3.38,138.98,5.38,0
SC07-02022,82.72,-4.09,27.91,304.87,6.94,0
SC07-02023,86.28,16.93,4.44,102.87,2.58,0
SC07-02024,43.11,-6.34,30.51,270.77,4.87,0
SC07-02025,2.6,32.61,89.32,461.35,12.7,0
SC07-02026,81.02,31.37,75.73,170.47,11.61,0
SC07-02027,43.41,19.93,72.92,367.71,0.8,0
SC07-02028,10.92,17.17,72.13,338.98,12.02,0
SC07-02029,93.8,22.45,57.26,284.15,7.26,0
SC07-02030,16.25,16.69,74.56,462.33,1.85,0
SC07-02031,1.52,45.97,95.1,42.77,3.5,0
SC07-02032,54.28,13.63,39.46,307.77,5.06,0
SC07-02033,65.92,44.77,81.03,304.0,1.74,0
SC07-02034,56.84,12.47,26.45,89.39,6.48,0
SC07-02035,43.99,22.65,96.59,240.1,11.82,0
SC07-02036,21.78,-5.9,93.88,138.22,8.54,0
SC07-02037,31.4,-5.52,17.98,382.99,3.87,0
SC07-02038,86.91,-1.09,63.03,73.45,8.65,0
SC07-02039,4.96,-1.99,3.85,342.22,12.05,0
SC07-02040,57.99,-7.06,71.74,30.41,10.0,0
SC07-02041,25.91,8.02,67.84,428.75,4.95,0
SC07-02042,71.83,32.04,34.97,38.74,6.21,0
SC07-02043,51.1,6.59,32.58,185.68,11.52,0
SC07-02044,41.6,34.93,87.59,71.54,4.57,0
SC07-02045,78.82,13.45,40.81,325.99,6.59,0
SC07-02046,97.35,33.53,16.03,22.31,13.02,0
SC07-02047,91.19,-8.21,60.9,404.02,7.15,0
SC07-02048,78.09,25.57,58.15,172.03,3.01,0
SC07-02049,83.07,-7.72,72.63,190.54,13.97,0
SC07-02050,7.84,-4.59,93.55,112.29,7.05,0
SC07-02051,57.44,28.38,41.81,366.52,11.87,0
SC07-02052,52.78,-6.4,47.23,262.22,6.17,0
SC07-02053,26.92,48.52,29.31,122.01,3.4,0
SC07-02054,76.76,15.34,45.58,374.09,1.62,0
SC07-02055,24.1,41.3,88.02,180.94,4.93,0
SC07-02056,50.56,54.02,65.33,302.61,6.29,0
SC07-02057,41.89,29.85,82.68,62.64,7.53,0
SC07-02058,77.64,18.53,58.48,69.07,3.64,0
SC07-02059,28.69,11.97,8.15,210.51,13.77,0
SC07-02060,57.6,34.28,77.26,449.94,12.27,0
SC07-02061,1.55,-1.54,26.34,277.29,13.02,0
SC07-02062,74.29,-1.15,3.41,215.71,9.66,0
SC07-02063,98.99,-0.73,86.69,459.31,12.66,0
SC07-02064,35.44,18.16,55.69,355.99,1.67,0
SC07-02065,89.74,52.88,59.15,308.31,13.92,0
SC07-02066,4.52,41.71,35.5,224.45,5.72,0
SC07-02067,44.98,48.44,28.93,238.55,1.88,0
SC07-02068,18.35,43.62,91.63,468.31,1.17,0
SC07-02069,89.56,31.55,36.99,324.7,5.31,0
SC07-02070,43.86,25.61,58.81,472.38,1.36,0
SC07-02071,29.73,13.88,56.41,448.65,8.12,0
SC07-02072,84.41,19.87,32.28,159.29,2.5,0
SC07-02073,14.32,46.98,73.46,494.6,2.95,0
SC07-02074,51.91,30.26,61.55,49.73,3.99,0
SC07-02075,11.86,9.17,43.89,442.67,4.04,0
SC07-02076,91.77,59.22,75.35,462.26,9.33,0
SC07-02077,14.1,4.48,83.88,377.43,0.38,0
SC07-02078,90.25,57.19,53.98,399.5,0.09,0
SC07-02079,83.25,-8.2,20.31,470.9,8.0,0
SC07-02080,73.21,26.46,83.1,147.47,1.53,0
SC07-02081,70.63,49.13,44.44,216.13,3.68,0
SC07-02082,86.45,59.52,73.16,58.23,4.95,0
SC07-02083,7.91,45.53,72.74,163.56,7.1,0
SC07-02084,27.61,34.14,51.28,388.52,9.9,0
SC07-02085,31.48,54.73,43.34,466.18,11.12,0
SC07-02086,31.75,48.9,66.11,438.79,0.5,0
SC07-02087,63.45,-9.44,13.69,188.1,13.2,0
SC07-02088,67.33,8.57,15.14,406.93,10.27,0
SC07-02089,28.26,3.9,87.59,475.42,12.0,0
SC07-02090,74.94,-9.78,6.73,278.87,2.92,0
SC07-02091,17.81,19.27,26.31,190.15,8.17,0
SC07-02092,63.77,23.9,65.69,90.03,4.2,0
SC07-02093,23.19,10.45,48.51,398.37,5.49,0
SC07-02094,35.71,23.67,9.65,56.18,12.33,0
SC07-02095,75.5,10.11,96.94,162.7,9.27,0
SC07-02096,11.58,22.53,31.89,56.77,9.76,0
SC07-02097,70.48,44.16,48.37,402.36,6.85,0
SC07-02098,41.2,6.44,29.09,253.74,12.46,0
SC07-02099,78.28,-5.74,77.18,130.8,4.45,0
SC07-02100,39.14,20.94,39.87,456.18,3.76,0
SC07-02101,72.82,13.79,81.85,154.26,5.74,0
SC07-02102,57.25,1.66,20.62,312.64,13.27,0
SC07-02103,61.33,13.08,60.5,9.96,10.11,0
SC07-02104,80.24,-3.68,70.47,456.11,10.74,0
SC07-02105,55.29,35.85,51.86,181.05,2.78,0
SC07-02106,15.7,27.5,85.97,114.67,11.22,0
SC07-02107,91.07,13.21,21.56,366.67,13.16,0
SC07-02108,3.61,-8.6,94.04,51.26,5.57,0
SC07-02109,48.49,0.99,30.15,115.0,10.81,0
SC07-02110,24.73,9.07,12.36,392.03,9.17,0
SC07-02111,13.12,41.84,27.0,42.46,1.03,0
SC07-02112,72.21,43.37,41.54,7.37,11.62,0
SC07-02113,60.49,0.63,73.59,396.31,2.72,0
SC07-02114,60.57,11.85,32.37,256.18,0.33,0
SC07-02115,27.4,4.19,26.43,328.03,6.6,0
SC07-02116,29.12,-3.49,96.69,280.5,6.77,0
SC07-02117,90.77,27.32,24.46,8.61,6.96,0
SC07-02118,39.36,16.09,54.66,54.15,3.14,0
SC07-02119,97.52,17.81,23.21,184.91,7.88,0
SC07-02120,64.28,13.27,80.97,487.91,1.34,0
SC07-02121,16.93,50.54,48.98,124.98,1.98,0
SC07-02122,61.65,23.15,72.3,283.32,3.25,0
SC07-02123,76.74,7.64,31.15,168.93,2.11,0
SC07-02124,32.14,29.57,40.65,2.79,9.67,1
SC07-02125,75.5,45.63,54.56,156.51,9.13,0
SC07-02126,32.18,39.62,51.44,429.33,13.9,0
SC07-02127,8.14,-2.65,69.93,187.84,10.6,0
SC07-02128,16.21,42.37,16.62,218.8,13.61,0
SC07-02129,3.91,19.69,17.07,401.58,6.82,0
SC07-02130,74.9,28.3,39.94,148.38,6.1,0
SC07-02131,29.42,54.54,67.67,261.24,8.61,0
SC07-02132,37.16,35.52,14.15,261.63,2.86,0
SC07-02133,61.4,40.01,51.94,125.62,6.48,0
SC07-02134,93.62,54.9,72.01,426.2,1.89,0
SC07-02135,52.44,48.06,0.98,208.15,2.1,0
SC07-02136,6.7,58.39,31.18,93.84,9.72,0
SC07-02137,53.77,13.17,6.11,234.35,2.19,0
SC07-02138,35.05,29.14,22.6,314.41,12.99,0
SC07-02139,27.46,47.45,86.81,292.23,4.28,0
SC07-02140,62.45,18.23,25.47,270.51,9.23,0
SC07-02141,7.75,0.67,73.07,139.99,3.68,0
SC07-02142,10.23,45.78,58.73,383.03,4.62,0
SC07-02143,77.2,31.45,27.72,403.65,12.2,0
SC07-02144,66.85,23.14,16.81,391.68,13.85,0
SC07-02145,9.13,46.23,14.65,82.41,12.24,0
SC07-02146,32.33,52.72,5.22,255.85,6.16,0
SC07-02147,66.48,12.9,50.04,58.65,7.84,0
SC07-02148,37.73,16.99,47.45,155.88,7.31,0
SC07-02149,53.07,51.83,84.22,477.68,13.24,0
SC07-02150,83.36,39.79,83.99,280.24,6.86,0
SC07-02151,78.9,37.98,55.79,217.71,4.87,0
SC07-02152,2.53,15.6,46.61,335.02,10.2,0
SC07-02153,21.38,29.19,99.79,469.7,5.35,0
SC07-02154,17.9,42.33,1.07,221.04,7.36,0
SC07-02155,0.56,11.73,9.41,184.43,3.55,0
SC07-02156,92.16,32.47,3.35,137.48,6.7,0
SC07-02157,4.39,38.68,25.3,312.64,13.6,0
SC07-02158,82.33,50.42,92.76,498.62,8.85,0
SC07-02159,49.03,23.14,87.49,375.29,11.3,0
SC07-02160,3.82,-7.98,89.43,76.6,10.31,0
SC07-02161,87.09,-0.78,41.96,422.9,0.78,0
SC07-02162,63.75,-5.64,9.75,272.04,13.77,0
SC07-02163,19.42,32.98,1.67,418.64,11.88,0
SC07-02164,31.65,39.65,90.57,293.42,13.22,0
SC07-02165,51.63,55.84,40.32,418.86,9.37,0
SC07-02166,6.5,47.75,50.15,364.48,1.18,0
SC07-02167,44.34,9.29,19.87,252.73,2.42,0
SC07-02168,74.68,48.65,0.32,136.88,4.91,0
SC07-02169,34.15,29.77,69.63,283.09,6.48,0
SC07-02170,11.63,-3.66,72.96,92.83,8.28,0
SC07-02171,96.58,43.67,78.87,108.76,5.24,0
SC07-02172,8.13,40.7,24.67,418.65,8.99,0
SC07-02173,90.15,3.38,75.58,66.37,0.75,0
SC07-02174,70.59,2.46,14.04,157.77,3.16,0
SC07-02175,18.82,51.85,17.71,147.47,9.77,0
SC07-02176,26.45,24.29,57.87,174.43,8.99,0
SC07-02177,44.97,34.17,83.17,18.37,11.69,0
SC07-02178,38.57,27.66,21.07,351.09,4.86,0
SC07-02179,81.09,45.74,20.74,349.83,7.05,0
SC07-02180,82.99,45.6,9.08,386.7,3.61,0
SC07-02181,46.77,-7.8,11.53,329.17,2.61,0
SC07-02182,13.98,31.08,37.23,188.96,8.24,0
SC07-02183,3.38,39.09,62.95,434.66,0.11,0
SC07-02184,42.14,13.43,64.79,50.1,12.78,0
SC07-02185,30.63,22.68,18.62,10.87,11.33,1
SC07-02186,45.64,30.32,43.5,199.67,11.68,0
SC07-02187,25.26,16.13,33.79,339.28,4.2,0
SC07-02188,97.08,51.42,76.32,450.43,7.1,0
SC07-02189,42.1,44.19,95.4,200.38,0.4,0
SC07-02190,51.22,54.56,88.66,482.62,13.2,0
SC07-02191,19.85,58.07,75.19,64.95,4.66,0
SC07-02192,95.99,57.92,30.93,382.91,11.22,0
SC07-02193,45.87,1.57,0.08,73.75,12.36,0
SC07-02194,30.13,-4.37,23.62,101.66,1.26,0
SC07-02195,24.47,37.93,84.57,187.13,6.68,0
SC07-02196,34.47,22.96,68.68,349.39,12.78,0
SC07-02197,66.84,48.19,70.62,381.53,1.34,0
SC07-02198,12.85,43.41,13.35,386.63,12.57,0
SC07-02199,81.98,41.13,42.46,196.93,1.0,0
SC07-02200,48.83,41.83,58.64,110.85,8.52,0
SC07-02201,76.78,15.84,33.99,411.62,8.55,0
SC07-02202,75.17,54.02,64.56,69.04,2.63,0
SC07-02203,21.12,20.48,33.96,327.02,5.96,0
SC07-02204,28.5,17.08,82.13,17.41,13.42,1
SC07-02205,42.17,1.45,68.23,417.12,6.51,0
SC07-02206,8.26,38.02,10.14,431.23,11.25,0
SC07-02207,1.22,12.33,57.47,192.0,6.37,0
SC07-02208,48.61,57.19,40.17,385.68,4.24,0
SC07-02209,25.86,34.39,60.36,401.21,6.3,0
SC07-02210,37.28,23.15,33.51,267.51,5.11,0
SC07-02211,78.55,58.65,53.17,191.74,9.45,0
SC07-02212,15.04,13.6,93.42,295.08,2.77,0
SC07-02213,81.28,40.93,45.5,24.27,3.94,0
SC07-02214,12.16,24.27,36.71,444.58,9.61,0
SC07-02215,25.23,13.62,29.61,409.58,7.6,0
SC07-02216,17.87,14.98,1.75,162.32,8.9,0
SC07-02217,59.58,15.01,3.66,369.34,3.48,0
SC07-02218,8.4,-3.38,72.68,316.46,6.04,0
SC07-02219,27.47,58.03,68.9,122.05,11.56,0
SC07-02220,83.49,41.29,52.36,229.21,1.07,0
SC07-02221,37.28,0.27,97.68,318.91,12.35,0
SC07-02222,38.19,58.62,7.88,463.72,10.49,0
SC07-02223,42.25,-8.43,95.04,128.43,9.14,0
SC07-02224,88.29,48.58,43.34,58.21,2.68,0
SC07-02225,26.1,11.22,51.4,427.12,3.41,0
SC07-02226,79.9,16.2,47.29,380.36,6.12,0
SC07-02227,74.69,44.48,27.69,335.72,8.46,0
SC07-02228,90.97,37.47,27.27,203.59,0.26,0
SC07-02229,41.43,-0.92,26.71,299.54,13.66,0
SC07-02230,31.82,5.49,1.81,162.3,0.89,0
SC07-02231,28.78,39.84,82.7,293.96,8.89,0
SC07-02232,32.88,17.23,92.99,6.28,4.77,1
SC07-02233,34.64,21.11,46.19,371.29,2.95,0
SC07-02234,69.77,37.11,25.57,16.13,11.93,0
SC07-02235,96.77,34.2,56.13,172.65,2.91,0
SC07-02236,98.49,15.84,29.18,157.67,9.44,0
SC07-02237,2.96,33.74,16.67,175.81,6.04,0
SC07-02238,99.58,-8.36,97.34,278.22,6.87,0
SC07-02239,23.47,54.48,13.17,303.56,11.9,0
SC07-02240,9.7,5.28,99.21,285.37,2.5,0
SC07-02241,15.91,44.43,73.45,200.56,5.72,0
SC07-02242,75.13,19.27,59.92,159.7,5.08,0
SC07-02243,10.56,51.93,96.02,380.88,4.45,0
SC07-02244,53.56,17.45,85.91,247.42,6.49,0
SC07-02245,82.61,21.46,92.39,88.81,4.04,0
SC07-02246,53.27,13.38,46.4,86.14,12.7,0
SC07-02247,38.34,35.72,97.42,205.15,8.91,0
SC07-02248,61.89,-0.3,61.99,499.45,8.39,0
SC07-02249,73.21,56.18,32.5,124.97,7.97,0
SC07-02250,47.19,-3.63,37.03,371.48,12.37,0
SC07-02251,65.41,28.64,86.34,425.15,2.26,0
SC07-02252,36.91,51.23,17.52,468.57,12.9,0
SC07-02253,32.27,10.51,89.44,103.5,6.46,0
SC07-02254,24.5,32.23,98.97,398.38,13.62,0
SC07-02255,50.02,-2.22,60.4,165.63,12.88,0
SC07-02256,15.93,22.35,96.25,3.44,0.45,1
SC07-02257,67.69,50.69,99.55,431.08,0.99,0
SC07-02258,41.71,8.2,71.6,60.49,10.87,0
SC07-02259,64.71,27.39,2.37,240.4,10.16,0
SC07-02260,29.3,17.89,82.23,384.38,5.09,0
SC07-02261,71.66,25.81,64.96,214.29,1.74,0
SC07-02262,14.6,8.37,82.52,376.79,1.56,0
SC07-02263,16.9,18.9,33.98,456.49,11.14,0
SC07-02264,21.01,-3.2,64.2,37.03,12.59,0
SC07-02265,49.16,7.13,26.0,147.65,6.23,0
SC07-02266,78.74,38.97,56.82,297.21,10.66,0
SC07-02267,14.8,10.19,22.1,185.43,5.08,0
SC07-02268,29.12,56.14,15.83,316.95,6.65,0
SC07-02269,43.99,10.64,74.37,347.54,2.05,0
SC07-02270,29.23,16.9,63.68,14.0,2.96,1
SC07-02271,30.3,30.9,25.94,360.57,10.44,0
SC07-02272,99.61,18.41,61.85,85.21,4.82,0
SC07-02273,15.59,49.68,31.43,187.18,12.12,0
SC07-02274,48.52,1.84,52.52,87.69,12.56,0
SC07-02275,1.42,56.29,34.24,154.65,3.14,0
SC07-02276,27.83,44.46,78.93,325.0,4.99,0
SC07-02277,45.93,53.89,90.63,419.99,11.84,0
SC07-02278,78.31,26.69,22.84,101.26,9.3,0
SC07-02279,39.85,-3.08,32.95,33.6,7.75,0
SC07-02280,53.48,41.89,87.26,485.22,0.78,0
SC07-02281,56.67,7.36,25.61,369.72,9.66,0
SC07-02282,65.08,7.16,68.96,228.03,0.56,0
SC07-02283,60.91,28.64,9.14,95.01,11.63,0
SC07-02284,6.37,53.22,52.26,30.43,3.19,0
SC07-02285,58.57,30.69,46.43,268.47,10.94,0
SC07-02286,31.89,34.37,19.64,58.2,1.17,0
SC07-02287,19.74,27.97,21.5,243.62,7.97,0
SC07-02288,58.17,50.28,11.15,443.26,10.88,0
SC07-02289,19.48,46.4,61.44,228.13,0.01,0
SC07-02290,75.46,32.09,49.26,88.27,7.1,0
SC07-02291,51.42,56.6,29.96,433.63,3.49,0
SC07-02292,27.53,29.29,30.88,220.02,13.68,0
SC07-02293,94.57,24.13,31.92,487.18,6.59,0
SC07-02294,16.31,-5.41,43.2,152.32,12.95,0
SC07-02295,44.32,34.65,53.86,91.33,10.9,0
SC07-02296,76.29,4.93,50.18,160.01,7.43,0
SC07-02297,10.29,11.0,60.95,285.5,2.16,0
SC07-02298,15.64,43.65,78.58,426.18,8.54,0
SC07-02299,15.71,56.97,98.12,326.75,11.04,0
SC07-02300,77.98,8.86,93.28,235.99,11.99,0
SC07-02301,30.36,0.15,33.37,176.97,10.43,0
SC07-02302,44.97,19.77,39.35,208.56,10.67,0
SC07-02303,40.41,57.81,35.36,402.69,13.65,0
SC07-02304,76.7,-8.64,70.43,104.3,10.03,0
SC07-02305,29.48,16.14,32.18,395.46,4.56,0
SC07-02306,56.0,3.96,21.5,251.47,11.99,0
SC07-02307,10.68,7.02,32.55,239.84,10.1,0
SC07-02308,46.99,57.98,4.6,329.71,9.63,0
SC07-02309,90.89,24.09,28.01,303.35,5.25,0
SC07-02310,10.14,34.77,27.6,184.72,12.93,0
SC07-02311,11.1,-0.6,74.98,162.27,10.85,0
SC07-02312,41.38,0.62,15.04,149.43,2.8,0
SC07-02313,8.8,7.17,57.27,381.39,3.65,0
SC07-02314,53.1,10.4,2.19,386.05,0.95,0
SC07-02315,78.59,39.8,31.4,426.72,12.67,0
SC07-02316,44.58,51.92,18.41,234.16,6.45,0
SC07-02317,33.3,37.44,70.41,127.68,10.47,0
SC07-02318,2.31,-1.66,41.08,198.15,6.81,0
SC07-02319,4.8,26.99,91.3,256.13,0.23,0
SC07-02320,43.72,-7.75,50.42,399.14,11.06,0
SC07-02321,49.2,30.24,63.44,367.22,7.91,0
SC07-02322,97.42,44.64,53.18,399.3,11.85,0
SC07-02323,8.77,54.57,61.0,496.47,10.53,0
SC07-02324,76.71,20.17,27.69,225.64,12.33,0
SC07-02325,73.89,35.53,7.3,323.92,4.76,0
SC07-02326,52.77,38.48,82.02,216.2,0.3,0
SC07-02327,57.47,-9.56,82.82,9.44,3.15,0
SC07-02328,42.71,8.12,22.29,337.27,4.57,0
SC07-02329,45.78,36.58,76.99,287.22,4.97,0
SC07-02330,88.03,50.71,15.26,386.5,2.89,0
SC07-02331,18.16,-8.16,60.19,422.35,10.91,0
SC07-02332,54.01,56.83,32.75,157.67,3.22,0
SC07-02333,20.88,11.21,42.43,135.54,13.11,0
SC07-02334,21.72,14.87,13.73,449.44,6.15,0
SC07-02335,83.42,16.26,44.4,371.97,10.36,0
SC07-02336,38.04,21.28,39.92,102.82,5.33,0
SC07-02337,81.45,-3.5,17.51,456.64,10.14,0
SC07-02338,12.17,42.96,12.04,244.55,8.47,0
SC07-02339,74.97,12.18,19.1,492.58,11.2,0
SC07-02340,35.99,7.87,11.2,228.48,0.1,0
SC07-02341,80.34,18.02,85.75,177.34,13.24,0
SC07-02342,83.65,20.39,84.78,150.35,14.0,0
SC07-02343,8.45,35.05,38.97,235.68,13.32,0
SC07-02344,27.47,35.32,32.33,70.37,3.49,0
SC07-02345,56.46,-1.04,15.58,347.54,10.67,0
SC07-02346,6.12,46.17,86.63,330.48,5.2,0
SC07-02347,41.49,1.02,17.24,468.15,13.51,0
SC07-02348,74.2,46.72,18.16,439.54,1.53,0
SC07-02349,16.24,24.83,30.61,312.66,12.73,0
SC07-02350,26.52,12.48,78.33,165.79,12.44,0
SC07-02351,3.42,51.04,91.36,23.25,5.28,0
SC07-02352,59.85,26.76,15.82,7.47,12.56,0
SC07-02353,9.21,59.17,11.24,237.84,13.77,0
SC07-02354,85.61,27.57,13.44,301.64,8.92,0
SC07-02355,31.14,22.86,90.29,64.1,9.19,0
SC07-02356,36.56,32.95,71.63,238.89,10.48,0
SC07-02357,85.2,3.74,21.93,64.9,13.19,0
SC07-02358,22.56,-4.25,9.48,201.92,12.42,0
SC07-02359,10.52,5.84,18.46,329.68,4.6,0
SC07-02360,97.4,36.78,51.99,288.58,12.37,0
SC07-02361,75.99,-0.78,42.2,330.6,8.11,0
SC07-02362,93.46,-7.6,90.6,192.52,0.67,0
SC07-02363,19.79,2.75,14.3,17.06,11.13,1
SC07-02364,16.19,12.58,57.21,241.92,4.81,0
SC07-02365,62.87,47.19,57.72,226.05,3.01,0
SC07-02366,62.13,28.21,11.78,139.65,10.76,0
SC07-02367,92.39,13.61,89.25,127.64,11.3,0
SC07-02368,48.74,28.42,66.32,334.01,4.79,0
SC07-02369,51.91,-5.58,36.54,321.15,13.51,0
SC07-02370,12.62,5.9,45.74,55.57,7.71,0
SC07-02371,29.57,51.13,30.7,218.08,13.78,0
SC07-02372,8.3,50.69,50.47,198.78,13.18,0
SC07-02373,99.85,3.64,84.0,110.93,0.23,0
SC07-02374,73.34,14.78,60.09,75.89,12.04,0
SC07-02375,52.5,46.02,36.27,115.21,13.26,0
SC07-02376,53.09,16.21,10.01,82.82,8.88,0
SC07-02377,61.82,49.03,75.11,76.03,13.19,0
SC07-02378,60.97,50.08,27.84,479.53,13.28,0
SC07-02379,29.65,53.07,97.2,446.87,6.55,0
SC07-02380,13.61,55.67,0.04,125.66,7.78,0
SC07-02381,31.16,54.61,61.31,479.64,0.83,0
SC07-02382,41.04,0.07,82.24,382.3,11.3,0
SC07-02383,95.09,6.97,78.63,323.04,5.47,0
SC07-02384,19.34,48.4,7.05,481.68,3.87,0
SC07-02385,89.26,-1.36,73.97,472.17,2.13,0
SC07-02386,44.34,37.06,76.06,5.38,1.64,0
SC07-02387,31.12,-2.82,62.85,235.55,9.25,0
SC07-02388,29.88,-1.26,74.29,227.18,0.99,0
SC07-02389,97.9,53.74,34.14,136.05,13.83,0
SC07-02390,38.15,52.38,11.28,233.26,8.19,0
SC07-02391,87.62,38.4,79.45,379.23,3.14,0
SC07-02392,10.31,59.83,60.33,299.52,5.08,0
SC07-02393,86.94,36.54,83.67,481.62,5.9,0
SC07-02394,63.81,50.56,28.02,362.03,3.86,0
SC07-02395,25.17,25.55,41.96,418.15,13.76,0
SC07-02396,8.31,-2.92,80.6,121.37,6.93,0
SC07-02397,59.11,36.59,10.4,390.46,9.92,0
SC07-02398,56.07,48.62,37.58,259.48,12.95,0
SC07-02399,38.26,32.12,59.03,396.8,13.36,0
SC07-02400,57.56,-1.78,76.4,180.35,9.42,0
SC07-02401,90.38,19.53,39.37,372.15,4.86,0
SC07-02402,78.81,49.66,57.33,261.38,13.16,0
SC07-02403,81.32,33.97,77.76,334.53,0.36,0
SC07-02404,56.69,-8.31,94.59,49.4,12.89,0
SC07-02405,80.19,41.03,84.94,126.76,11.46,0
SC07-02406,34.4,58.15,24.87,223.0,0.67,0
SC07-02407,45.82,59.37,26.32,396.82,2.93,0
SC07-02408,77.08,28.31,32.19,200.66,4.88,0
SC07-02409,81.55,49.13,85.66,166.88,8.63,0
SC07-02410,73.99,48.54,22.76,414.34,1.42,0
SC07-02411,72.19,34.76,31.29,248.6,2.61,0
SC07-02412,38.27,8.53,70.74,175.3,11.28,0
SC07-02413,89.58,42.83,95.93,161.38,1.56,0
SC07-02414,58.18,53.62,70.02,280.24,10.59,0
SC07-02415,53.83,17.86,69.56,99.31,1.27,0
SC07-02416,59.8,51.39,40.46,131.69,10.02,0
SC07-02417,53.28,17.77,92.13,51.81,13.39,0
SC07-02418,81.46,52.12,29.39,285.05,1.15,0
SC07-02419,99.94,20.98,4.08,273.99,9.35,0
SC07-02420,27.38,24.61,83.32,491.63,3.43,0
SC07-02421,22.58,35.35,21.6,6.21,3.41,1
SC07-02422,2.08,32.86,83.79,207.26,7.72,0
SC07-02423,56.81,18.86,84.79,290.45,8.78,0
SC07-02424,88.86,58.54,74.68,353.37,13.75,0
SC07-02425,80.34,8.45,37.02,450.03,13.12,0
SC07-02426,32.02,15.0,95.81,67.25,12.04,0
SC07-02427,98.63,7.28,53.83,64.38,13.73,0
SC07-02428,78.42,25.52,47.57,156.74,11.3,0
SC07-02429,60.41,40.41,71.76,322.48,7.76,0
SC07-02430,98.51,22.57,57.43,26.6,8.66,0
SC07-02431,49.71,20.53,95.32,85.67,7.84,0
SC07-02432,55.9,-5.97,34.76,433.79,2.07,0
SC07-02433,68.2,-5.42,71.89,284.88,13.26,0
SC07-02434,72.78,39.95,49.08,352.11,13.2,0
SC07-02435,98.62,5.06,45.21,269.2,9.45,0
SC07-02436,33.05,29.89,87.6,473.13,2.02,0
SC07-02437,53.96,37.69,31.45,3.39,8.53,0
SC07-02438,71.21,15.08,11.97,488.68,8.59,0
SC07-02439,52.98,41.13,73.26,124.4,8.42,0
SC07-02440,75.88,2.55,18.12,324.7,6.93,0
SC07-02441,11.95,-3.76,94.61,287.0,13.29,0
SC07-02442,38.75,18.53,69.64,69.25,4.81,0
SC07-02443,9.59,14.86,70.73,439.53,7.0,0
SC07-02444,18.46,18.1,22.66,492.82,8.86,0
SC07-02445,33.97,42.63,52.39,10.2,8.49,1
SC07-02446,98.2,-5.86,37.31,84.26,13.49,0
SC07-02447,52.91,-9.67,38.48,13.83,12.67,0
SC07-02448,56.34,50.16,95.57,94.24,8.69,0
SC07-02449,18.18,5.29,34.52,436.05,12.78,0
SC07-02450,59.97,30.18,89.14,353.18,12.32,0
SC07-02451,17.75,0.42,81.9,15.17,0.54,1
SC07-02452,53.76,57.06,94.07,403.6,4.36,0
SC07-02453,29.14,14.43,18.04,259.24,12.6,0
SC07-02454,49.77,32.25,99.73,460.0,13.13,0
SC07-02455,92.86,28.36,38.88,223.97,1.63,0
SC07-02456,55.45,13.68,36.57,119.73,11.45,0
SC07-02457,18.83,18.3,35.83,458.31,12.9,0
SC07-02458,81.09,53.68,70.76,419.53,1.38,0
SC07-02459,51.98,36.45,32.06,263.67,8.05,0
SC07-02460,53.19,17.59,54.64,100.47,4.48,0
SC07-02461,44.79,3.86,94.42,213.16,6.09,0
SC07-02462,8.24,-8.33,10.43,280.63,8.54,0
SC07-02463,30.59,59.46,77.07,385.42,9.78,0
SC07-02464,52.76,-7.09,94.68,153.56,8.22,0
SC07-02465,90.03,28.0,64.09,369.63,7.48,0
SC07-02466,4.72,11.21,18.82,482.09,0.73,0
SC07-02467,82.54,51.16,73.85,261.99,2.5,0
SC07-02468,37.08,38.94,91.07,49.33,13.3,0
SC07-02469,89.24,39.87,7.3,101.8,2.89,0
SC07-02470,64.04,-8.91,92.21,103.01,9.65,0
SC07-02471,92.43,-9.67,24.04,406.82,11.64,0
SC07-02472,98.44,59.1,82.66,185.89,11.73,0
SC07-02473,4.48,-0.08,24.62,334.27,12.35,0
SC07-02474,42.28,29.94,86.37,313.1,2.87,0
SC07-02475,87.87,41.56,27.26,345.14,5.82,0
SC07-02476,41.36,9.47,90.11,408.36,6.84,0
SC07-02477,60.01,33.86,39.55,348.0,6.29,0
SC07-02478,66.3,5.61,63.76,57.64,12.63,0
SC07-02479,48.85,2.84,32.74,471.75,3.59,0
SC07-02480,68.09,55.14,39.82,268.13,3.99,0
SC07-02481,57.01,-2.41,11.94,411.44,12.38,0
SC07-02482,95.02,28.83,49.8,63.56,13.94,0
SC07-02483,46.9,-2.35,22.86,416.55,2.58,0
SC07-02484,76.25,46.45,24.18,307.66,6.13,0
SC07-02485,14.28,31.79,4.11,466.81,10.74,0
SC07-02486,18.9,4.73,31.79,284.4,13.28,0
SC07-02487,34.13,56.53,92.18,175.06,2.81,0
SC07-02488,64.41,17.39,15.31,145.9,0.89,0
SC07-02489,18.4,3.6,65.8,219.44,12.2,0
SC07-02490,6.94,7.2,52.86,278.43,2.01,0
SC07-02491,96.42,-6.03,68.48,204.96,7.48,0
SC07-02492,61.86,1.89,93.28,185.19,2.01,0
SC07-02493,10.38,6.36,38.12,281.36,11.39,0
SC07-02494,76.87,-1.63,22.45,314.14,7.89,0
SC07-02495,7.39,35.42,91.08,468.61,9.03,0
SC07-02496,28.25,33.12,44.97,374.03,9.56,0
SC07-02497,61.26,14.16,98.8,227.49,12.87,0
SC07-02498,15.31,27.55,36.01,72.2,8.92,0
SC07-02499,17.44,57.72,99.91,440.97,5.15,0
SC07-02500,2.09,46.38,14.4,229.97,9.95,0
SC07-02501,54.15,5.89,40.22,420.07,4.94,0
SC07-02502,94.19,19.48,41.77,366.72,6.21,0
SC07-02503,38.84,15.45,32.6,199.44,10.13,0
SC07-02504,20.59,5.19,19.1,97.3,12.23,0
SC07-02505,65.93,33.32,90.04,274.1,10.7,0
SC07-02506,40.82,35.08,21.35,70.67,1.52,0
SC07-02507,65.22,11.02,83.29,387.29,8.73,0
SC07-02508,5.09,5.2,55.17,78.36,5.38,0
SC07-02509,51.75,2.62,44.3,346.98,5.4,0
SC07-02510,66.7,9.13,74.6,281.68,2.18,0
SC07-02511,40.19,44.73,19.78,205.64,6.56,0
SC07-02512,86.8,-0.86,93.13,158.11,13.06,0
SC07-02513,61.23,41.47,87.59,338.09,11.02,0
SC07-02514,8.58,-9.39,86.22,26.38,11.94,0
SC07-02515,31.33,53.13,20.3,75.3,2.98,0
SC07-02516,84.07,15.41,90.92,291.72,11.6,0
SC07-02517,47.51,39.25,28.97,50.75,7.87,0
SC07-02518,90.08,0.64,41.52,266.15,8.66,0
SC07-02519,15.83,28.66,46.96,491.65,9.66,0
SC07-02520,90.37,58.33,66.39,73.32,6.23,0
SC07-02521,75.57,-0.51,38.09,189.68,2.39,0
SC07-02522,2.0,38.17,81.8,465.47,8.19,0
SC07-02523,18.18,52.58,97.03,473.3,7.93,0
SC07-02524,88.56,59.15,88.65,34.44,1.89,0
SC07-02525,30.01,17.55,14.95,496.45,11.07,0
SC07-02526,66.89,57.31,32.07,355.7,13.28,0
SC07-02527,8.31,32.2,79.93,7.98,12.47,1
SC07-02528,41.77,1.83,85.13,96.01,3.92,0
SC07-02529,52.04,54.11,48.96,452.91,0.73,0
SC07-02530,23.88,11.46,44.89,216.47,0.57,0
SC07-02531,75.0,43.18,45.81,40.12,7.72,0
SC07-02532,13.06,58.48,62.42,367.32,0.27,0
SC07-02533,38.07,53.32,38.0,17.99,9.41,0
SC07-02534,69.69,13.49,80.31,426.81,10.98,0
SC07-02535,40.72,13.95,94.29,359.56,7.73,0
SC07-02536,48.88,8.67,91.34,459.39,1.19,0
SC07-02537,66.62,12.3,50.88,56.76,11.35,0
SC07-02538,80.62,-2.51,7.44,186.69,2.16,0
SC07-02539,80.15,44.52,86.37,4.82,0.19,0
SC07-02540,80.7,50.91,61.75,78.12,8.77,0
SC07-02541,87.13,22.25,87.34,393.07,1.48,0
SC07-02542,12.2,39.29,19.95,373.03,1.14,0
SC07-02543,9.17,56.6,0.38,395.8,3.26,0
SC07-02544,5.0,-4.44,32.04,264.67,6.66,0
SC07-02545,19.73,59.16,60.55,93.03,4.03,0
SC07-02546,67.62,50.55,6.13,92.46,0.09,0
SC07-02547,17.59,3.84,14.39,271.0,13.62,0
SC07-02548,70.0,39.2,7.58,93.52,4.5,0
SC07-02549,99.2,1.37,63.53,296.15,8.42,0
SC07-02550,50.67,9.98,42.65,412.23,10.3,0
SC07-02551,53.06,35.84,96.81,125.83,10.56,0
SC07-02552,6.47,-5.61,34.42,366.46,8.68,0
SC07-02553,81.77,-4.4,76.44,358.05,0.17,0
SC07-02554,74.43,-3.82,58.81,458.17,5.06,0
SC07-02555,68.11,37.47,6.59,131.22,11.76,0
SC07-02556,45.08,41.95,48.04,249.85,10.69,0
SC07-02557,31.35,59.94,19.03,293.61,0.6,0
SC07-02558,35.29,22.55,46.16,461.72,11.85,0
SC07-02559,97.23,22.45,89.91,226.09,1.99,0
SC07-02560,75.06,19.37,2.45,69.72,4.43,0
SC07-02561,98.98,34.25,39.94,6.98,11.08,0
SC07-02562,66.18,2.09,59.29,91.95,1.33,0
SC07-02563,39.13,0.49,33.73,10.84,5.49,0
SC07-02564,30.35,56.86,54.93,113.87,6.81,0
SC07-02565,72.37,20.3,94.73,79.91,13.57,0
SC07-02566,5.98,57.3,6.69,161.64,6.67,0
SC07-02567,28.93,6.46,94.33,401.81,5.83,0
SC07-02568,1.3,11.56,15.86,315.23,9.58,0
SC07-02569,42.9,-1.47,12.94,140.95,10.15,0
SC07-02570,80.71,50.49,36.96,485.22,0.88,0
SC07-02571,44.71,19.19,20.95,163.1,3.27,0
SC07-02572,87.19,11.88,91.57,486.26,11.02,0
SC07-02573,55.5,30.41,33.11,97.19,1.78,0
SC07-02574,32.18,34.29,97.11,114.46,8.3,0
SC07-02575,23.7,47.38,48.86,234.88,0.27,0
SC07-02576,51.1,-3.31,75.02,311.8,1.14,0
SC07-02577,49.09,32.18,89.09,479.14,3.72,0
SC07-02578,44.95,44.42,79.13,138.11,2.0,0
SC07-02579,84.78,-5.87,24.66,316.53,4.58,0
SC07-02580,82.48,23.78,14.61,136.38,4.48,0
SC07-02581,98.53,32.33,53.63,412.07,9.04,0
SC07-02582,95.77,31.83,12.04,366.71,10.3,0
SC07-02583,19.49,45.92,28.25,395.35,5.92,0
SC07-02584,81.86,-9.24,26.1,72.03,0.35,0
SC07-02585,65.16,43.37,7.87,232.47,12.74,0
SC07-02586,14.76,33.81,55.53,296.92,10.62,0
SC07-02587,10.77,9.15,27.59,353.15,6.35,0
SC07-02588,16.29,-1.0,95.61,61.96,12.15,0
SC07-02589,55.26,15.82,31.53,360.25,7.7,0
SC07-02590,62.89,35.24,39.55,163.31,11.71,0
SC07-02591,3.45,9.8,56.56,284.26,12.37,0
SC07-02592,5.59,40.21,13.19,31.94,0.95,0
SC07-02593,15.16,26.59,94.01,117.51,10.57,0
SC07-02594,97.23,13.67,41.26,375.43,6.89,0
SC07-02595,54.51,26.73,64.18,198.0,2.17,0
SC07-02596,82.28,47.01,44.85,57.62,12.76,0
SC07-02597,26.08,6.75,64.48,278.84,0.73,0
SC07-02598,84.29,5.79,4.24,109.5,3.26,0
SC07-02599,15.26,50.93,50.06,161.48,10.58,0
SC07-02600,67.03,-8.65,76.55,246.11,9.37,0
SC07-02601,69.71,28.5,4.01,294.83,2.92,0
SC07-02602,58.27,-9.5,70.18,290.79,5.15,0
SC07-02603,89.86,1.49,21.28,268.11,12.81,0
SC07-02604,74.43,9.7,55.63,255.44,2.24,0
SC07-02605,20.16,32.53,33.45,163.53,3.64,0
SC07-02606,11.92,9.98,2.88,301.68,9.12,0
SC07-02607,51.18,18.4,18.48,20.83,11.26,0
SC07-02608,74.28,51.2,20.01,285.1,10.46,0
SC07-02609,83.29,37.19,88.67,408.93,5.05,0
SC07-02610,5.44,33.83,56.68,442.19,3.53,0
SC07-02611,51.11,11.69,21.64,90.46,4.68,0
SC07-02612,49.96,40.4,72.0,228.94,5.47,0
SC07-02613,75.39,54.46,48.02,298.37,11.13,0
SC07-02614,66.7,55.65,7.77,53.63,0.0,0
SC07-02615,3.12,-6.5,1.12,137.12,0.0,0
SC07-02616,44.51,41.01,96.12,48.62,5.15,0
SC07-02617,64.58,57.97,74.18,186.41,3.92,0
SC07-02618,65.36,10.82,3.5,60.04,1.99,0
SC07-02619,45.69,55.26,98.33,457.28,1.68,0
SC07-02620,63.67,56.67,79.28,440.15,13.05,0
SC07-02621,17.46,-2.12,72.48,227.62,12.41,0
SC07-02622,69.49,9.12,2.26,281.62,0.89,0
SC07-02623,69.18,5.08,39.75,188.71,0.52,0
SC07-02624,43.25,22.6,17.5,6.63,12.56,0
SC07-02625,65.66,57.16,87.64,354.95,10.06,0
SC07-02626,20.27,8.71,67.12,481.59,2.63,0
SC07-02627,68.97,46.72,99.58,22.06,7.88,0
SC07-02628,85.7,29.13,70.29,395.98,10.02,0
SC07-02629,74.25,10.06,8.84,183.65,11.49,0
SC07-02630,54.46,16.13,90.18,363.1,7.57,0
SC07-02631,32.07,34.75,40.7,290.11,5.21,0
SC07-02632,98.35,43.71,14.76,336.33,12.45,0
SC07-02633,67.57,18.55,96.14,43.22,3.54,0
SC07-02634,13.76,54.73,64.55,225.38,7.55,0
SC07-02635,68.03,52.28,34.35,459.15,13.76,0
SC07-02636,14.51,13.92,63.27,372.4,11.92,0
SC07-02637,57.37,58.41,79.23,412.34,5.55,0
SC07-02638,82.34,51.65,99.05,272.0,7.27,0
SC07-02639,57.55,7.83,55.04,471.14,10.36,0
SC07-02640,68.4,45.14,48.92,162.74,11.71,0
SC07-02641,37.33,55.58,52.31,409.68,3.07,0
SC07-02642,35.11,18.56,75.16,53.21,8.97,0
SC07-02643,45.37,48.4,89.52,94.17,0.01,0
SC07-02644,79.36,25.32,10.78,72.18,1.01,0
SC07-02645,95.01,6.93,40.61,412.62,7.59,0
SC07-02646,9.66,47.01,2.35,15.55,1.7,1
SC07-02647,18.57,44.32,7.13,126.72,13.31,0
SC07-02648,42.19,15.03,40.3,348.91,4.2,0
SC07-02649,38.77,4.59,42.85,294.85,6.7,0
SC07-02650,61.48,-7.07,49.13,15.76,4.47,0
SC07-02651,3.1,39.04,86.12,191.88,7.55,0
SC07-02652,9.8,38.2,62.02,175.53,13.6,0
SC07-02653,49.03,-8.09,3.87,243.72,12.68,0
SC07-02654,47.49,28.06,8.3,362.14,10.02,0
SC07-02655,92.23,21.83,74.91,120.69,13.78,0
SC07-02656,3.43,11.69,77.72,427.32,3.03,0
SC07-02657,41.06,-9.28,12.84,431.36,10.93,0
SC07-02658,93.55,21.11,50.21,231.59,9.76,0
SC07-02659,38.82,54.75,65.37,24.36,8.2,0
SC07-02660,69.82,24.38,90.23,146.69,2.28,0
SC07-02661,29.03,13.2,10.97,77.4,11.72,0
SC07-02662,19.91,24.04,0.57,387.87,11.3,0
SC07-02663,90.54,44.07,4.39,91.34,4.76,0
SC07-02664,68.3,49.19,22.87,222.33,9.81,0
SC07-02665,91.17,-2.89,13.92,370.18,13.25,0
SC07-02666,56.28,20.67,36.67,349.46,0.29,0
SC07-02667,52.52,38.57,63.48,53.16,6.63,0
SC07-02668,27.89,29.01,42.23,32.59,3.68,0
SC07-02669,94.87,15.03,40.13,459.64,12.69,0
SC07-02670,87.55,-1.53,16.2,285.21,9.3,0
SC07-02671,44.61,59.76,37.33,131.5,0.94,0
SC07-02672,79.0,2.99,41.33,279.83,3.25,0
SC07-02673,14.74,-0.67,70.15,5.6,0.84,1
SC07-02674,78.81,-2.11,66.59,292.79,0.12,0
SC07-02675,88.04,-0.41,92.07,430.29,11.22,0
SC07-02676,18.87,23.23,47.87,49.52,5.43,0
SC07-02677,63.34,27.9,80.39,73.06,1.78,0
SC07-02678,50.99,50.28,6.8,256.69,13.82,0
SC07-02679,56.62,7.29,75.34,419.89,5.06,0
SC07-02680,22.53,8.37,5.97,215.94,12.19,0
SC07-02681,78.06,-8.06,67.17,465.39,5.47,0
SC07-02682,60.64,50.69,74.86,63.66,8.61,0
SC07-02683,79.05,52.21,64.6,377.72,2.2,0
SC07-02684,59.9,10.13,77.31,216.37,0.43,0
SC07-02685,6.63,-4.06,89.17,72.78,8.98,0
SC07-02686,36.95,17.53,46.45,403.41,12.84,0
SC07-02687,30.35,27.47,32.71,154.07,13.28,0
SC07-02688,51.14,17.03,87.12,344.23,9.73,0
SC07-02689,92.35,32.36,66.1,286.99,6.57,0
SC07-02690,9.1,24.28,34.24,258.5,8.84,0
SC07-02691,25.16,8.77,27.13,144.47,7.19,0
SC07-02692,31.31,53.41,90.72,283.01,4.88,0
SC07-02693,30.63,47.8,51.77,205.77,3.69,0
SC07-02694,42.38,36.14,76.83,445.28,1.95,0
SC07-02695,76.99,10.65,68.71,180.74,7.6,0
SC07-02696,32.11,45.86,58.17,86.71,10.14,0
SC07-02697,87.61,34.7,20.57,394.97,11.63,0
SC07-02698,18.31,35.32,49.7,122.82,6.78,0
SC07-02699,27.07,29.77,53.74,73.17,8.48,0
SC07-02700,25.25,57.66,81.31,491.93,0.05,0
SC07-02701,18.89,55.39,92.78,227.38,13.87,0
SC07-02702,58.36,9.4,56.75,99.6,0.71,0
SC07-02703,42.77,58.72,59.53,238.18,5.42,0
SC07-02704,11.94,2.68,36.13,400.65,0.76,0
SC07-02705,84.72,9.41,54.85,134.21,10.97,0
SC07-02706,92.57,38.07,20.49,445.66,7.93,0
SC07-02707,0.99,13.63,62.44,138.59,6.02,0
SC07-02708,23.05,33.28,57.06,133.37,7.74,0
SC07-02709,84.08,0.62,55.37,158.36,3.08,0
SC07-02710,80.57,47.76,20.31,308.15,13.36,0
SC07-02711,9.12,41.83,97.87,134.86,6.81,0
SC07-02712,9.57,49.18,22.1,229.75,2.32,0
SC07-02713,17.35,5.42,10.74,119.39,4.32,0
SC07-02714,57.96,31.98,38.67,106.69,1.41,0
SC07-02715,8.2,39.87,44.25,369.58,5.38,0
SC07-02716,61.51,16.61,54.13,135.86,12.35,0
SC07-02717,49.15,45.27,52.39,161.04,6.99,0
SC07-02718,61.56,48.68,60.66,186.48,9.85,0
SC07-02719,60.1,38.93,37.77,394.03,2.9,0
SC07-02720,31.42,18.36,24.88,145.34,3.23,0
SC07-02721,60.04,22.88,2.43,467.63,3.42,0
SC07-02722,69.76,21.66,80.01,194.43,4.83,0
SC07-02723,38.1,24.37,72.42,454.59,1.25,0
SC07-02724,25.49,6.0,36.66,498.55,6.7,0
SC07-02725,16.85,49.76,64.5,299.55,11.34,0
SC07-02726,84.59,58.54,36.46,380.36,1.26,0
SC07-02727,91.58,-3.53,69.53,25.03,1.11,0
SC07-02728,93.2,21.72,29.32,429.25,3.9,0
SC07-02729,91.6,6.04,31.16,260.25,3.25,0
SC07-02730,9.23,-6.35,65.46,392.13,13.35,0
SC07-02731,94.15,2.32,54.79,471.01,12.53,0
SC07-02732,23.62,46.54,19.54,356.26,0.94,0
SC07-02733,10.15,47.21,17.87,62.07,6.48,0
SC07-02734,76.09,40.62,15.27,466.08,3.44,0
SC07-02735,0.87,49.88,76.63,256.62,0.29,0
SC07-02736,50.45,-6.02,13.49,24.17,2.18,0
SC07-02737,13.23,50.32,83.43,286.93,3.91,0
SC07-02738,24.58,2.26,10.99,124.11,8.96,0
SC07-02739,75.45,-5.3,37.74,0.29,6.45,0
SC07-02740,79.88,37.43,39.5,270.73,5.65,0
SC07-02741,52.51,57.35,94.33,176.97,8.48,0
SC07-02742,71.84,42.45,75.16,261.74,5.71,0
SC07-02743,50.32,24.98,80.48,103.45,8.4,0
SC07-02744,36.75,10.89,60.44,206.21,5.26,0
SC07-02745,37.36,12.02,19.87,8.02,6.1,0
SC07-02746,63.85,0.3,86.52,395.26,10.49,0
SC07-02747,64.91,11.14,24.45,8.19,3.18,0
SC07-02748,43.9,24.07,46.63,232.6,12.35,0
SC07-02749,46.33,19.11,5.13,473.86,12.56,0
SC07-02750,92.27,10.68,5.31,232.54,5.41,0
SC07-02751,65.34,20.34,59.82,177.39,7.18,0
SC07-02752,47.71,55.38,86.86,239.73,4.93,0
SC07-02753,19.35,54.54,16.59,496.05,2.04,0
SC07-02754,71.11,8.87,2.47,109.35,7.3,0
SC07-02755,2.41,18.24,79.85,230.15,8.7,0
SC07-02756,28.49,-6.44,51.7,61.65,6.14,0
SC07-02757,48.75,43.45,3.62,389.65,10.2,0
SC07-02758,56.64,-5.29,96.81,466.47,5.29,0
SC07-02759,66.06,20.79,72.25,133.55,1.99,0
SC07-02760,91.5,-3.48,38.39,197.2,0.59,0
SC07-02761,30.29,56.75,19.45,284.65,5.85,0
SC07-02762,82.59,0.62,54.71,127.57,12.82,0
SC07-02763,0.06,-5.36,85.88,132.75,6.76,0
SC07-02764,6.61,22.78,98.12,462.41,6.91,0
SC07-02765,8.0,22.17,89.94,308.4,13.71,0
SC07-02766,85.06,56.9,25.81,279.28,12.45,0
SC07-02767,81.44,13.14,66.49,263.35,9.35,0
SC07-02768,83.54,31.28,68.26,403.09,10.9,0
SC07-02769,24.53,47.05,43.39,136.09,13.16,0
SC07-02770,30.06,58.09,99.13,25.64,8.28,0
SC07-02771,80.17,8.03,82.41,277.51,11.82,0
SC07-02772,21.9,56.93,46.43,76.63,1.38,0
SC07-02773,54.22,15.41,74.25,209.65,4.64,0
SC07-02774,8.11,1.37,48.12,464.2,0.93,0
SC07-02775,31.4,52.25,43.56,407.53,2.16,0
SC07-02776,47.32,-7.86,93.76,59.11,3.3,0
SC07-02777,87.91,24.43,95.83,294.21,5.67,0
SC07-02778,84.95,10.05,61.06,82.45,2.23,0
SC07-02779,32.71,16.38,8.29,41.05,11.15,0
SC07-02780,0.85,27.83,49.26,46.16,13.58,0
SC07-02781,80.81,35.36,99.18,1.04,2.49,0
SC07-02782,13.35,58.86,36.68,342.83,11.57,0
SC07-02783,35.73,30.04,4.04,446.44,4.62,0
SC07-02784,3.89,30.8,98.82,307.18,11.5,0
SC07-02785,19.22,1.9,39.09,496.74,1.51,0
SC07-02786,59.34,33.08,52.61,415.9,3.98,0
SC07-02787,6.49,32.43,26.0,321.73,9.8,0
SC07-02788,9.61,32.45,68.9,16.02,11.93,1
SC07-02789,66.5,38.64,81.03,179.38,7.12,0
SC07-02790,29.37,39.4,40.11,403.48,3.29,0
SC07-02791,98.46,11.65,32.66,120.34,2.08,0
SC07-02792,15.52,-4.44,58.77,58.86,1.51,0
SC07-02793,44.89,0.45,7.34,385.18,9.63,0
SC07-02794,57.93,40.3,43.53,61.31,9.02,0
SC07-02795,94.26,28.65,58.77,468.72,2.94,0
SC07-02796,47.32,-7.63,15.65,95.74,0.92,0
SC07-02797,3.14,49.71,25.22,93.28,6.97,0
SC07-02798,65.83,17.82,70.91,161.79,1.86,0
SC07-02799,32.69,57.67,42.23,157.39,12.82,0
SC07-02800,56.66,38.99,0.74,391.6,13.36,0
SC07-02801,41.58,24.08,98.84,74.08,12.38,0
SC07-02802,24.0,32.27,95.71,453.65,10.09,0
SC07-02803,41.79,43.96,63.15,355.68,11.2,0
SC07-02804,37.3,-9.81,48.28,412.16,7.02,0
SC07-02805,21.11,13.28,65.87,368.27,7.07,0
SC07-02806,53.09,52.27,99.36,306.23,8.57,0
SC07-02807,43.49,56.49,80.03,227.48,10.07,0
SC07-02808,54.71,27.72,75.58,22.26,4.66,0
SC07-02809,40.73,33.89,79.18,237.26,12.3,0
SC07-02810,92.9,53.99,60.88,115.47,4.41,0
SC07-02811,59.09,21.45,30.03,326.03,0.54,0
SC07-02812,22.95,53.31,25.41,132.68,7.43,0
SC07-02813,4.05,56.64,44.92,198.49,6.02,0
SC07-02814,95.86,46.17,27.36,407.21,7.65,0
SC07-02815,41.68,25.12,95.26,397.31,8.96,0
SC07-02816,30.62,32.02,5.12,494.43,2.99,0
SC07-02817,66.13,10.13,11.59,117.42,13.85,0
SC07-02818,56.08,13.0,54.51,100.13,9.59,0
SC07-02819,7.97,35.28,94.66,10.35,1.82,1
SC07-02820,74.94,8.07,65.75,335.91,5.82,0
SC07-02821,90.6,4.29,16.39,48.8,13.04,0
SC07-02822,30.95,27.96,54.87,34.29,13.76,0
SC07-02823,87.32,49.71,0.33,119.78,10.9,0
SC07-02824,79.44,56.11,96.51,56.69,6.32,0
SC07-02825,12.14,43.62,77.95,232.65,1.71,0
SC07-02826,66.8,9.48,8.33,394.5,4.95,0
SC07-02827,38.79,3.25,94.49,362.66,12.75,0
SC07-02828,62.03,57.86,76.65,496.06,2.27,0
SC07-02829,34.21,26.55,68.95,97.09,13.88,0
SC07-02830,75.73,14.6,34.02,194.64,10.59,0
SC07-02831,10.36,25.87,81.18,106.18,2.66,0
SC07-02832,63.75,44.14,74.77,33.45,13.9,0
SC07-02833,22.68,35.99,91.29,247.19,10.79,0
SC07-02834,38.73,34.98,19.91,20.98,6.34,0
SC07-02835,0.37,14.88,98.77,466.96,9.08,0
SC07-02836,41.55,48.63,96.96,431.0,1.19,0
SC07-02837,84.3,31.63,56.14,58.25,1.9,0
SC07-02838,49.43,59.73,72.59,170.35,8.75,0
SC07-02839,3.25,48.47,31.71,156.03,11.51,0
SC07-02840,29.35,50.11,5.49,150.1,13.5,0
SC07-02841,13.69,8.08,37.96,76.52,4.76,0
SC07-02842,41.2,-4.79,53.1,37.56,4.32,0
SC07-02843,29.98,-8.41,98.13,163.88,9.97,0
SC07-02844,86.95,55.2,60.29,425.78,5.08,0
SC07-02845,9.52,8.49,33.38,444.2,2.56,0
SC07-02846,21.23,46.03,23.15,138.26,11.78,0
SC07-02847,55.02,27.89,85.93,405.79,7.69,0
SC07-02848,57.74,38.33,29.72,276.18,4.17,0
SC07-02849,89.53,42.66,4.07,459.42,5.88,0
SC07-02850,65.79,8.83,5.21,34.37,13.29,0
SC07-02851,58.83,-2.52,47.7,234.61,5.06,0
SC07-02852,54.2,8.5,59.09,280.6,11.12,0
SC07-02853,8.2,1.79,64.85,284.51,12.13,0
SC07-02854,63.08,-8.82,21.84,354.08,2.37,0
SC07-02855,95.73,50.47,50.97,494.82,0.07,0
SC07-02856,52.3,9.13,79.47,388.13,2.63,0
SC07-02857,54.76,-5.84,21.1,333.44,2.69,0
SC07-02858,52.78,14.1,40.45,295.39,12.75,0
SC07-02859,28.77,7.43,85.61,62.32,5.88,0
SC07-02860,64.83,24.84,97.78,202.77,2.68,0
SC07-02861,25.29,-1.03,18.44,320.41,1.68,0
SC07-02862,67.1,-0.73,4.02,499.07,10.43,0
SC07-02863,73.13,37.88,13.3,109.07,13.43,0
SC07-02864,57.46,35.63,71.72,414.99,0.19,0
SC07-02865,10.7,4.44,14.44,362.16,11.0,0
SC07-02866,86.88,12.76,41.11,329.76,9.52,0
SC07-02867,44.34,4.11,63.51,103.39,4.94,0
SC07-02868,87.0,50.07,66.23,244.96,13.29,0
SC07-02869,43.75,7.65,43.33,79.3,10.94,0
SC07-02870,83.37,42.38,52.43,101.92,1.55,0
SC07-02871,28.72,9.84,17.71,384.53,6.63,0
SC07-02872,76.26,-5.43,45.44,151.6,3.14,0
SC07-02873,20.09,50.47,83.95,481.75,3.77,0
SC07-02874,48.04,20.67,13.35,390.5,9.03,0
SC07-02875,38.46,59.05,55.17,320.94,2.03,0
SC07-02876,26.77,15.96,25.48,49.42,12.07,0
SC07-02877,51.65,11.72,40.37,31.48,13.4,0
SC07-02878,10.71,52.91,25.21,122.15,13.41,0
SC07-02879,93.14,49.91,57.44,462.22,12.91,0
SC07-02880,62.75,58.42,0.34,479.31,4.58,0
SC07-02881,68.96,28.77,56.8,0.73,2.71,0
SC07-02882,10.85,11.44,76.42,125.58,11.26,0
SC07-02883,58.62,34.02,66.98,480.33,7.91,0
SC07-02884,35.69,16.59,62.46,445.13,4.55,0
SC07-02885,85.78,14.98,75.89,266.24,6.9,0
SC07-02886,43.08,29.37,68.97,51.6,12.54,0
SC07-02887,23.13,50.66,20.5,206.18,13.94,0
SC07-02888,7.26,37.67,97.59,220.64,1.9,0
SC07-02889,73.8,5.29,9.69,128.23,12.85,0
SC07-02890,40.91,59.39,64.3,444.9,12.5,0
SC07-02891,9.35,54.65,61.18,46.76,3.5,0
SC07-02892,59.83,42.25,93.83,120.6,6.66,0
SC07-02893,27.71,1.69,75.73,364.33,12.97,0
SC07-02894,48.95,59.46,79.57,443.73,1.4,0
SC07-02895,50.37,6.05,57.57,0.05,9.75,0
SC07-02896,93.47,42.73,55.63,82.15,10.34,0
SC07-02897,98.07,30.02,66.73,96.27,11.51,0
SC07-02898,23.42,-6.84,17.94,413.64,2.77,0
SC07-02899,29.5,-5.71,44.95,309.32,0.44,0
SC07-02900,72.57,40.68,36.66,378.29,10.66,0
SC07-02901,83.47,20.23,68.79,416.81,2.23,0
SC07-02902,37.81,2.0,3.51,87.55,11.8,0
SC07-02903,42.04,-4.06,15.75,36.61,5.81,0
SC07-02904,43.46,38.98,16.62,356.85,9.99,0
SC07-02905,88.38,27.16,90.09,295.84,13.47,0
SC07-02906,58.56,13.1,45.31,414.39,8.32,0
SC07-02907,66.05,5.09,44.91,86.07,11.71,0
SC07-02908,44.51,12.1,60.63,463.11,11.18,0
SC07-02909,83.56,3.74,29.55,386.28,6.51,0
SC07-02910,9.1,30.7,79.66,63.39,0.75,0
SC07-02911,73.7,27.35,85.72,280.03,5.52,0
SC07-02912,64.97,39.87,81.67,26.42,2.52,0
SC07-02913,87.58,45.93,24.05,25.38,12.02,0
SC07-02914,54.37,-4.81,53.9,41.78,7.35,0
SC07-02915,9.35,8.28,54.89,414.06,0.62,0
SC07-02916,49.05,48.65,13.97,395.01,9.78,0
SC07-02917,8.94,0.35,44.23,211.06,8.87,0
SC07-02918,8.02,43.21,46.09,340.67,13.9,0
SC07-02919,33.77,-7.68,1.15,13.66,9.31,1
SC07-02920,2.42,46.67,3.03,161.25,10.61,0
SC07-02921,80.8,31.01,8.26,95.21,13.34,0
SC07-02922,9.83,44.86,53.9,185.77,11.02,0
SC07-02923,74.85,32.34,71.92,494.2,4.38,0
SC07-02924,67.22,45.63,50.4,144.93,4.09,0
SC07-02925,15.93,28.2,14.79,334.07,7.56,0
SC07-02926,28.72,26.56,76.8,75.29,11.54,0
SC07-02927,28.9,33.52,4.25,189.72,0.57,0
SC07-02928,43.47,-8.16,59.92,1.4,3.66,0
SC07-02929,24.56,14.17,34.15,180.73,7.22,0
SC07-02930,53.0,18.36,56.3,117.9,2.09,0
SC07-02931,26.94,5.95,32.16,330.66,5.13,0
SC07-02932,82.16,44.96,37.53,20.94,10.0,0
SC07-02933,62.5,-6.29,20.79,205.09,11.98,0
SC07-02934,55.83,33.27,78.65,8.5,8.74,0
SC07-02935,63.62,55.7,92.46,92.38,0.9,0
SC07-02936,26.78,-6.71,12.24,195.84,11.69,0
SC07-02937,12.43,28.91,52.93,2.49,8.76,1
SC07-02938,25.87,49.99,17.74,474.22,6.98,0
SC07-02939,93.09,26.1,37.81,381.93,7.4,0
SC07-02940,6.42,8.75,15.49,32.77,9.75,0
SC07-02941,61.91,10.66,17.09,285.71,9.37,0
SC07-02942,73.06,18.53,15.86,121.36,5.88,0
SC07-02943,71.7,15.78,72.52,264.16,2.99,0
SC07-02944,30.96,44.48,8.22,436.72,11.51,0
SC07-02945,29.16,58.75,38.99,177.34,10.5,0
SC07-02946,75.77,50.64,4.23,201.64,3.21,0
SC07-02947,67.58,13.8,68.32,146.92,13.43,0
SC07-02948,91.14,-8.37,8.46,188.64,5.76,0
SC07-02949,27.98,10.34,57.57,407.36,7.07,0
SC07-02950,91.81,44.04,73.08,184.19,7.79,0
SC07-02951,50.1,2.49,98.23,165.78,13.61,0
SC07-02952,46.57,48.22,6.15,344.13,0.53,0
SC07-02953,68.68,-5.97,85.3,119.41,12.83,0
SC07-02954,20.89,43.55,35.51,414.26,3.61,0
SC07-02955,31.51,39.62,39.47,110.94,1.98,0
SC07-02956,10.22,-3.38,59.99,263.11,10.1,0
SC07-02957,78.74,28.11,60.65,99.31,8.31,0
SC07-02958,63.09,3.86,21.68,202.5,4.52,0
SC07-02959,22.57,51.77,85.48,361.68,13.39,0
SC07-02960,91.81,32.83,50.49,379.2,4.58,0
SC07-02961,38.93,22.32,50.07,203.6,7.74,0
SC07-02962,86.4,52.43,1.07,92.41,11.48,0
SC07-02963,99.73,-7.94,10.67,389.32,1.57,0
SC07-02964,12.79,31.8,92.43,122.19,5.28,0
SC07-02965,47.23,39.2,26.39,141.82,13.71,0
SC07-02966,11.97,40.73,41.55,1.54,8.69,1
SC07-02967,21.37,15.75,79.21,66.96,0.81,0
SC07-02968,31.12,-5.04,12.32,262.98,10.81,0
SC07-02969,28.68,27.75,22.58,198.5,6.68,0
SC07-02970,83.81,31.06,75.65,203.64,2.39,0
SC07-02971,72.3,55.91,60.66,252.93,1.03,0
SC07-02972,45.13,13.46,41.83,46.11,13.07,0
SC07-02973,69.54,50.01,29.39,259.84,5.7,0
SC07-02974,74.71,48.07,63.05,389.01,4.72,0
SC07-02975,49.24,17.68,43.54,395.37,0.65,0
SC07-02976,69.37,-1.84,12.88,390.15,0.25,0
SC07-02977,4.22,3.51,99.03,260.13,2.84,0
SC07-02978,39.06,51.92,8.84,435.62,0.38,0
SC07-02979,15.4,21.89,32.04,372.58,1.4,0
SC07-02980,17.55,5.3,89.75,177.9,11.44,0
SC07-02981,50.91,2.84,57.2,242.69,11.86,0
SC07-02982,42.45,29.3,90.24,310.59,13.77,0
SC07-02983,83.14,10.33,96.31,57.91,4.26,0
SC07-02984,55.45,45.57,98.51,390.12,4.8,0
SC07-02985,23.74,50.4,91.27,368.33,7.4,0
SC07-02986,40.75,4.84,64.51,307.25,1.74,0
SC07-02987,10.25,15.94,69.11,9.03,11.51,1
SC07-02988,50.74,59.52,58.08,32.42,4.05,0
SC07-02989,57.41,55.45,71.47,226.55,3.57,0
SC07-02990,80.73,18.2,59.79,286.39,13.2,0
SC07-02991,42.07,33.71,80.81,434.79,9.19,0
SC07-02992,83.03,34.92,75.95,373.01,9.46,0
SC07-02993,76.11,49.79,8.97,261.11,2.03,0
SC07-02994,78.35,30.55,63.68,284.38,2.06,0
SC07-02995,56.53,10.61,77.23,443.67,7.97,0
SC07-02996,79.23,49.98,95.33,445.27,1.52,0
SC07-02997,83.92,46.5,22.3,390.26,10.87,0
SC07-02998,42.99,29.47,96.06,27.39,8.71,0
SC07-02999,2.3,29.05,15.5,320.12,6.4,0
SC07-03000,41.77,52.41,64.19,86.96,3.02,0
SC07-03001,56.17,59.63,22.81,303.37,4.56,0
SC07-03002,66.25,53.55,65.02,449.26,7.28,0
SC07-03003,65.73,29.28,1.75,409.39,3.99,0
SC07-03004,0.31,14.13,40.75,331.79,13.74,0
SC07-03005,90.22,29.64,43.41,14.97,11.26,0
SC07-03006,78.41,18.44,76.31,272.25,2.05,0
SC07-03007,66.09,-3.46,55.06,286.46,4.83,0
SC07-03008,63.04,54.64,21.66,280.9,11.32,0
SC07-03009,9.83,48.14,88.23,383.25,11.3,0
SC07-03010,31.37,13.58,92.38,60.09,11.81,0
SC07-03011,77.72,17.91,14.9,293.81,10.82,0
SC07-03012,84.98,9.03,89.9,427.32,11.66,0
SC07-03013,16.42,42.66,0.1,333.86,7.19,0
SC07-03014,60.04,53.51,38.93,499.22,1.63,0
SC07-03015,97.97,17.1,20.21,40.61,2.71,0
SC07-03016,61.19,47.65,82.33,12.74,13.23,0
SC07-03017,37.52,-6.08,64.83,40.05,8.82,0
SC07-03018,7.32,41.64,5.43,203.9,2.48,0
SC07-03019,62.95,3.71,58.25,221.66,5.76,0
SC07-03020,14.36,41.1,22.05,139.9,0.24,0
SC07-03021,49.53,20.99,28.15,81.16,10.0,0
SC07-03022,44.9,-0.22,40.32,431.51,9.4,0
SC07-03023,59.63,14.12,55.55,46.03,12.21,0
SC07-03024,72.5,47.82,92.28,461.55,13.75,0
SC07-03025,56.54,55.27,6.68,388.87,0.32,0
SC07-03026,93.66,37.22,26.28,485.15,2.78,0
SC07-03027,45.39,-3.76,13.27,465.69,5.01,0
SC07-03028,93.06,4.18,91.58,200.66,6.54,0
SC07-03029,92.72,22.5,20.49,498.06,12.71,0
SC07-03030,67.8,-4.5,16.34,189.91,3.06,0
SC07-03031,42.19,47.76,97.95,158.88,6.55,0
SC07-03032,54.61,58.35,37.6,95.19,6.26,0
SC07-03033,89.14,28.16,30.71,296.28,10.16,0
SC07-03034,16.87,30.52,4.78,432.06,4.12,0
SC07-03035,4.3,47.22,43.12,142.38,0.74,0
SC07-03036,45.17,37.74,83.2,199.18,7.48,0
SC07-03037,92.77,53.35,74.09,249.83,7.19,0
SC07-03038,91.52,-4.74,83.4,319.53,12.29,0
SC07-03039,89.43,31.23,82.73,51.17,2.71,0
SC07-03040,51.94,58.16,17.16,273.06,10.28,0
SC07-03041,49.13,41.19,60.65,116.93,5.96,0
SC07-03042,82.63,51.23,53.94,438.32,11.87,0
SC07-03043,17.72,37.71,31.84,14.58,3.2,1
SC07-03044,75.03,57.18,2.29,392.8,8.24,0
SC07-03045,71.92,20.01,68.07,497.23,6.35,0
SC07-03046,70.01,18.19,93.82,117.97,5.67,0
SC07-03047,77.99,0.26,79.24,182.54,0.03,0
SC07-03048,54.06,-4.1,84.07,90.22,8.81,0
SC07-03049,32.79,1.15,99.22,339.37,9.23,0
SC07-03050,1.48,13.45,98.89,468.53,9.61,0
SC07-03051,40.49,0.52,7.29,325.65,13.12,0
SC07-03052,7.28,29.94,32.74,198.97,6.39,0
SC07-03053,59.42,-7.24,59.06,386.29,3.76,0
SC07-03054,43.0,32.63,28.88,273.36,0.23,0
SC07-03055,15.83,52.45,3.78,165.44,0.47,0
SC07-03056,60.52,41.07,66.23,271.14,13.65,0
SC07-03057,59.82,38.4,50.74,145.93,1.82,0
SC07-03058,88.25,13.64,73.54,256.1,8.81,0
SC07-03059,64.73,9.85,45.19,272.85,6.41,0
SC07-03060,81.03,53.9,69.53,220.7,5.0,0
SC07-03061,17.9,52.66,40.17,195.25,2.74,0
SC07-03062,76.91,35.97,2.62,307.79,3.85,0
SC07-03063,78.02,57.45,6.35,313.91,13.63,0
SC07-03064,49.49,27.25,38.45,74.96,8.73,0
SC07-03065,91.53,25.41,71.85,76.96,11.68,0
SC07-03066,32.01,30.38,49.39,374.88,11.07,0
SC07-03067,53.21,37.71,0.07,321.77,9.55,0
SC07-03068,79.24,15.81,69.55,441.51,9.29,0
SC07-03069,86.78,42.89,39.02,363.84,4.65,0
SC07-03070,45.66,-7.32,67.3,83.96,12.6,0
SC07-03071,17.59,42.25,85.25,134.16,2.56,0
SC07-03072,52.36,22.25,39.41,70.18,11.57,0
SC07-03073,61.14,3.0,24.66,475.82,9.57,0
SC07-03074,73.94,49.27,78.95,415.15,3.11,0
SC07-03075,94.06,28.23,90.15,286.3,1.44,0
SC07-03076,40.49,8.25,68.45,458.0,2.61,0
SC07-03077,76.15,40.57,93.22,88.95,13.23,0
SC07-03078,38.91,57.8,17.19,473.03,3.1,0
SC07-03079,69.46,14.03,60.79,343.22,1.43,0
SC07-03080,86.05,55.77,10.62,355.31,5.17,0
SC07-03081,2.57,35.21,51.89,478.13,13.29,0
SC07-03082,55.87,-8.91,32.04,243.88,9.52,0
SC07-03083,82.49,5.69,19.42,314.06,1.68,0
SC07-03084,67.54,25.86,57.7,463.16,1.58,0
SC07-03085,48.12,23.9,4.69,260.77,9.87,0
SC07-03086,58.2,8.84,3.77,419.28,2.94,0
SC07-03087,30.76,12.77,45.37,163.38,4.59,0
SC07-03088,10.72,41.03,36.61,443.05,11.45,0
SC07-03089,47.59,49.21,52.45,119.07,5.97,0
SC07-03090,85.16,-6.79,95.98,132.88,11.85,0
SC07-03091,69.71,35.03,10.91,475.19,11.09,0
SC07-03092,3.52,14.77,45.66,307.86,13.27,0
SC07-03093,12.2,31.42,47.29,30.07,10.26,0
SC07-03094,13.16,23.46,27.17,64.89,11.83,0
SC07-03095,52.68,49.95,34.83,81.39,1.92,0
SC07-03096,33.09,46.64,80.94,214.08,0.82,0
SC07-03097,32.45,44.1,50.64,396.15,6.3,0
SC07-03098,44.22,10.91,16.76,246.36,4.73,0
SC07-03099,33.73,41.86,66.93,270.67,4.75,0
SC07-03100,58.83,57.52,79.66,158.66,9.98,0
SC07-03101,61.36,2.44,12.89,479.0,12.75,0
SC07-03102,96.76,46.87,42.81,166.15,1.91,0
SC07-03103,85.1,51.77,4.29,400.81,5.22,0
SC07-03104,22.96,35.31,23.21,479.23,1.84,0
SC07-03105,87.74,51.82,82.71,399.66,12.16,0
SC07-03106,6.92,-9.61,33.99,16.89,2.86,1
SC07-03107,63.3,28.89,18.21,50.18,4.25,0
SC07-03108,85.11,26.74,38.31,293.22,13.93,0
SC07-03109,49.06,24.97,85.03,495.23,3.11,0
SC07-03110,44.9,34.61,44.11,474.73,9.0,0
SC07-03111,14.97,-9.55,36.63,257.66,10.34,0
SC07-03112,16.77,15.82,20.92,479.35,7.36,0
SC07-03113,80.54,2.1,54.34,408.18,10.32,0
SC07-03114,19.04,-5.6,20.02,71.61,11.78,0
SC07-03115,0.71,11.34,9.26,188.58,0.11,0
SC07-03116,8.99,7.13,26.24,80.08,10.05,0
SC07-03117,46.32,-8.3,16.51,235.83,7.26,0
SC07-03118,8.71,21.92,78.69,449.93,6.72,0
SC07-03119,32.08,42.28,36.32,313.87,6.77,0
SC07-03120,37.89,50.39,94.21,162.72,8.66,0
SC07-03121,51.09,44.29,66.98,226.79,12.6,0
SC07-03122,55.38,41.07,39.25,274.69,2.54,0
SC07-03123,43.95,-1.53,46.88,31.66,9.62,0
SC07-03124,19.83,45.1,72.83,462.9,9.18,0
SC07-03125,96.66,56.97,92.61,162.91,2.42,0
SC07-03126,57.66,29.68,61.48,370.5,12.34,0
SC07-03127,95.53,41.3,79.94,328.62,8.19,0
SC07-03128,64.04,6.54,55.07,118.23,2.33,0
SC07-03129,65.33,39.17,24.45,288.8,12.52,0
SC07-03130,20.32,28.92,30.81,208.94,6.85,0
SC07-03131,64.46,41.6,88.25,109.43,11.32,0
SC07-03132,28.98,55.93,57.1,130.52,3.55,0
SC07-03133,81.08,44.25,61.12,362.51,2.53,0
SC07-03134,44.68,47.74,86.06,219.4,2.62,0
SC07-03135,17.43,-5.11,5.54,123.24,12.62,0
SC07-03136,46.85,26.89,49.77,56.26,6.86,0
SC07-03137,89.54,12.88,57.96,279.16,12.81,0
SC07-03138,24.3,0.45,81.23,376.37,1.38,0
SC07-03139,79.32,17.8,79.06,431.49,7.67,0
SC07-03140,17.33,51.84,26.53,277.11,8.49,0
SC07-03141,93.97,51.94,51.86,252.96,7.96,0
SC07-03142,34.93,4.74,74.0,352.48,5.21,0
SC07-03143,51.43,2.93,63.74,197.17,0.85,0
SC07-03144,83.79,42.54,99.75,384.28,2.83,0
SC07-03145,27.81,11.15,92.25,322.7,11.41,0
SC07-03146,85.52,30.17,10.95,33.2,11.69,0
SC07-03147,16.3,4.7,72.8,449.27,12.15,0
SC07-03148,2.28,0.45,57.72,389.61,10.22,0
SC07-03149,58.69,14.38,2.4,151.4,6.69,0
SC07-03150,65.38,41.44,19.29,306.04,2.75,0
SC07-03151,0.49,19.09,47.01,105.21,8.31,0
SC07-03152,9.29,57.72,14.52,24.21,2.11,0
SC07-03153,15.18,4.51,11.81,343.39,9.81,0
SC07-03154,46.03,22.66,66.02,26.75,8.48,0
SC07-03155,74.6,-3.75,11.27,201.35,1.81,0
SC07-03156,18.07,-1.53,72.17,223.25,10.12,0
SC07-03157,66.17,54.79,76.0,466.2,2.77,0
SC07-03158,62.3,41.08,3.7,285.94,6.04,0
SC07-03159,33.73,27.53,66.03,227.67,12.28,0
SC07-03160,81.13,44.37,10.36,382.18,3.95,0
SC07-03161,10.05,9.91,78.98,341.52,8.75,0
SC07-03162,14.06,13.6,0.87,332.46,13.75,0
SC07-03163,15.01,10.07,12.88,420.0,8.28,0
SC07-03164,70.06,15.67,96.77,360.79,11.76,0
SC07-03165,6.6,41.95,65.52,402.68,3.0,0
SC07-03166,66.7,31.73,12.82,347.28,6.95,0
SC07-03167,1.71,-3.2,96.89,59.33,3.86,0
SC07-03168,42.39,15.13,32.66,183.35,4.3,0
SC07-03169,92.4,4.84,2.7,470.76,12.43,0
SC07-03170,77.85,-8.2,99.01,465.09,5.91,0
SC07-03171,36.18,1.34,23.08,247.43,0.84,0
SC07-03172,59.91,-5.69,71.88,482.0,6.04,0
SC07-03173,86.2,-8.43,22.82,63.24,3.94,0
SC07-03174,65.01,53.08,34.24,130.53,12.1,0
SC07-03175,82.78,37.91,64.2,110.92,9.94,0
SC07-03176,28.55,7.48,12.47,308.07,12.71,0
SC07-03177,40.55,24.75,91.42,319.92,5.16,0
SC07-03178,89.3,11.58,6.49,221.41,9.48,0
SC07-03179,99.8,16.04,42.52,86.24,3.45,0
SC07-03180,47.96,-2.55,83.68,125.55,6.08,0
SC07-03181,11.06,28.85,76.92,398.63,7.2,0
SC07-03182,3.87,-8.13,91.15,396.26,7.75,0
SC07-03183,10.04,17.9,76.34,44.99,2.27,0
SC07-03184,51.63,28.11,51.69,406.17,9.38,0
SC07-03185,44.78,0.37,3.05,359.9,13.64,0
SC07-03186,70.43,22.44,19.55,21.23,6.34,0
SC07-03187,24.65,22.34,22.92,39.85,0.67,0
SC07-03188,87.02,15.28,53.07,137.77,4.2,0
SC07-03189,80.1,2.25,70.41,12.4,7.91,0
SC07-03190,18.17,27.22,52.81,177.67,5.96,0
SC07-03191,42.95,7.76,2.97,60.25,0.08,0
SC07-03192,19.9,36.97,87.22,100.18,5.64,0
SC07-03193,82.26,54.36,43.95,127.11,6.12,0
SC07-03194,39.36,47.62,7.89,292.57,7.34,0
SC07-03195,83.07,38.96,47.5,16.04,13.72,0
SC07-03196,40.3,19.79,31.06,165.17,8.25,0
SC07-03197,75.51,45.66,5.06,294.26,9.33,0
SC07-03198,12.43,7.66,1.96,327.55,8.2,0
SC07-03199,54.39,55.9,6.79,357.45,10.6,0
SC07-03200,85.79,34.18,26.96,1.51,3.49,0
SC07-03201,99.75,-5.4,78.45,21.15,8.55,0
SC07-03202,50.18,46.55,29.76,415.07,11.5,0
SC07-03203,92.93,17.65,60.61,494.85,8.94,0
SC07-03204,64.8,3.91,59.03,342.58,11.39,0
SC07-03205,38.22,28.96,29.26,205.44,5.35,0
SC07-03206,9.96,5.14,28.67,24.55,6.72,0
SC07-03207,26.62,6.33,17.42,161.16,2.56,0
SC07-03208,73.7,57.69,66.97,297.56,8.16,0
SC07-03209,91.2,59.7,44.61,7.33,9.96,0
SC07-03210,91.11,1.56,43.08,494.02,9.24,0
SC07-03211,2.63,22.71,51.56,409.91,7.57,0
SC07-03212,17.15,-3.77,5.49,79.18,9.32,0
SC07-03213,2.74,46.23,62.78,47.54,13.03,0
SC07-03214,93.65,56.06,79.92,117.61,9.58,0
SC07-03215,75.09,30.01,59.55,442.48,10.92,0
SC07-03216,44.86,0.26,11.2,488.01,13.48,0
SC07-03217,73.1,27.63,62.6,482.29,12.99,0
SC07-03218,50.82,47.07,85.14,485.25,12.99,0
SC07-03219,89.42,11.29,13.82,378.92,6.32,0
SC07-03220,88.02,14.92,51.31,463.55,8.0,0
SC07-03221,44.04,25.48,43.77,5.77,2.42,0
SC07-03222,81.19,8.17,4.68,237.15,6.63,0
SC07-03223,9.37,48.98,84.21,190.12,1.19,0
SC07-03224,59.57,-3.59,64.8,42.02,2.21,0
SC07-03225,89.1,37.2,59.04,395.73,8.4,0
SC07-03226,42.35,53.27,15.04,363.1,5.49,0
SC07-03227,94.33,36.92,84.79,332.29,0.7,0
SC07-03228,4.31,14.82,71.34,129.33,11.07,0
SC07-03229,79.01,19.65,35.46,22.01,12.59,0
SC07-03230,64.23,2.39,28.41,446.88,9.67,0
SC07-03231,55.82,13.33,37.74,53.5,13.03,0
SC07-03232,58.1,50.13,65.86,320.59,2.54,0
SC07-03233,64.0,51.93,92.62,351.01,3.96,0
SC07-03234,60.98,16.86,24.87,132.42,8.57,0
SC07-03235,2.56,21.71,31.24,32.38,0.16,0
SC07-03236,56.08,-2.85,14.23,490.61,4.98,0
SC07-03237,76.0,47.79,40.66,271.31,1.75,0
SC07-03238,50.25,30.17,78.93,111.0,7.48,0
SC07-03239,53.27,25.13,61.41,440.17,1.92,0
SC07-03240,25.85,23.57,99.06,376.45,6.23,0
SC07-03241,57.58,19.74,62.32,31.7,4.2,0
SC07-03242,21.45,48.08,58.65,378.34,10.15,0
SC07-03243,35.77,42.88,59.97,407.43,13.98,0
SC07-03244,87.31,40.03,10.8,106.67,10.08,0
SC07-03245,89.44,13.92,98.1,21.9,3.56,0
SC07-03246,55.63,-3.39,33.25,415.03,0.31,0
SC07-03247,16.56,53.45,27.84,151.04,2.03,0
SC07-03248,12.46,-3.18,31.79,15.78,2.71,1
SC07-03249,28.92,-8.02,56.72,201.03,0.88,0
SC07-03250,75.56,23.9,91.16,373.76,10.81,0
SC07-03251,12.68,8.11,53.82,376.5,8.83,0
SC07-03252,54.67,56.95,72.95,433.15,6.46,0
SC07-03253,55.12,-3.22,7.96,135.44,7.24,0
SC07-03254,99.53,45.11,83.97,311.27,12.87,0
SC07-03255,62.66,56.3,54.59,308.23,7.54,0
SC07-03256,80.48,7.43,97.53,197.91,8.66,0
SC07-03257,44.03,55.12,38.12,156.18,12.5,0
SC07-03258,9.03,13.82,26.12,156.78,9.24,0
SC07-03259,11.06,32.96,72.24,339.76,0.82,0
SC07-03260,68.75,23.44,36.13,348.5,5.34,0
SC07-03261,69.48,14.59,7.04,39.3,9.56,0
SC07-03262,6.19,48.28,53.78,385.65,11.31,0
SC07-03263,20.71,12.01,41.08,354.68,1.76,0
SC07-03264,51.47,8.19,37.24,27.91,6.8,0
SC07-03265,4.92,31.59,65.13,150.57,1.9,0
SC07-03266,53.04,30.63,17.89,146.66,5.27,0
SC07-03267,37.5,50.56,78.55,370.28,7.79,0
SC07-03268,43.49,24.83,5.0,394.59,3.67,0
SC07-03269,1.44,45.34,31.07,211.8,5.1,0
SC07-03270,75.63,13.79,89.25,285.61,10.96,0
SC07-03271,30.85,12.33,22.07,390.63,11.27,0
SC07-03272,2.89,-0.84,85.7,184.76,11.19,0
SC07-03273,87.59,44.83,85.43,92.16,5.86,0
SC07-03274,70.06,-6.21,39.65,167.0,8.52,0
SC07-03275,22.89,-6.24,69.48,337.63,2.24,0
SC07-03276,18.67,2.24,29.41,481.64,11.17,0
SC07-03277,42.82,51.69,69.39,236.97,5.62,0
SC07-03278,76.38,32.93,39.01,51.83,2.48,0
SC07-03279,70.91,-3.01,37.25,486.21,7.05,0
SC07-03280,95.65,27.34,51.71,194.12,0.84,0
SC07-03281,76.05,58.56,1.5,237.29,7.23,0
SC07-03282,39.61,39.77,99.16,63.93,12.24,0
SC07-03283,17.29,31.69,94.18,222.04,11.0,0
SC07-03284,1.36,46.13,44.61,497.11,5.72,0
SC07-03285,26.31,1.49,81.2,38.07,10.23,0
SC07-03286,91.95,-6.26,52.88,114.4,10.64,0
SC07-03287,47.87,5.96,34.57,294.37,5.4,0
SC07-03288,75.26,-6.63,55.41,486.85,8.9,0
SC07-03289,36.85,8.53,51.41,154.88,1.73,0
SC07-03290,55.75,42.58,50.35,439.32,5.07,0
SC07-03291,75.24,56.5,4.71,337.91,6.01,0
SC07-03292,30.55,15.72,65.22,169.27,2.04,0
SC07-03293,19.68,51.6,11.14,472.23,2.16,0
SC07-03294,71.29,21.32,76.98,307.39,10.31,0
SC07-03295,97.72,37.75,62.08,407.8,1.19,0
SC07-03296,43.84,44.15,76.42,121.45,4.11,0
SC07-03297,64.15,41.96,48.93,15.35,12.15,0
SC07-03298,55.51,16.57,16.97,36.39,6.65,0
SC07-03299,71.42,35.85,6.08,423.4,8.49,0
SC07-03300,38.7,7.29,4.17,164.48,8.89,0
SC07-03301,3.32,32.62,79.28,114.77,10.07,0
SC07-03302,50.3,0.14,62.41,114.72,11.87,0
SC07-03303,88.11,-9.17,85.78,431.61,11.03,0
SC07-03304,74.03,26.03,71.52,198.17,6.64,0
SC07-03305,28.66,53.35,84.26,172.67,2.41,0
SC07-03306,25.41,54.18,95.55,130.83,5.98,0
SC07-03307,82.59,4.72,53.51,180.82,0.92,0
SC07-03308,60.28,5.22,70.46,276.24,0.22,0
SC07-03309,68.62,42.9,80.05,334.76,3.37,0
SC07-03310,59.58,0.3,45.65,251.17,9.25,0
SC07-03311,87.41,41.47,80.39,283.95,5.96,0
SC07-03312,58.63,26.01,15.5,443.36,9.67,0
SC07-03313,6.09,59.52,31.45,289.39,1.86,0
SC07-03314,47.93,9.2,44.94,68.77,5.28,0
SC07-03315,3.64,-3.73,72.89,299.11,10.47,0
SC07-03316,38.13,7.68,26.78,452.28,11.64,0
SC07-03317,64.87,31.47,16.27,117.73,7.95,0
SC07-03318,10.32,58.31,98.53,329.77,7.0,0
SC07-03319,39.19,47.18,94.37,283.29,13.77,0
SC07-03320,51.71,26.03,4.94,289.04,12.94,0
SC07-03321,16.78,-1.52,81.62,7.45,3.22,1
SC07-03322,88.9,-8.86,69.17,192.97,6.08,0
SC07-03323,11.46,53.7,50.79,315.69,9.4,0
SC07-03324,55.81,46.14,48.08,193.12,0.16,0
SC07-03325,8.36,10.68,37.27,398.43,4.04,0
SC07-03326,91.73,6.47,55.3,464.28,9.1,0
SC07-03327,64.12,-4.05,51.03,23.68,6.76,0
SC07-03328,42.11,42.58,85.62,320.76,2.73,0
SC07-03329,30.93,50.64,58.87,416.03,11.06,0
SC07-03330,3.49,3.9,77.31,8.45,11.69,1
SC07-03331,40.43,2.77,37.01,407.79,13.21,0
SC07-03332,95.25,31.18,43.75,37.27,0.27,0
SC07-03333,68.9,20.51,97.24,334.22,5.91,0
SC07-03334,9.2,-9.09,64.73,458.07,4.19,0
SC07-03335,8.65,-3.68,84.07,496.56,3.15,0
SC07-03336,28.22,46.54,54.17,50.29,8.6,0
SC07-03337,92.24,31.4,77.24,234.72,7.32,0
SC07-03338,1.5,44.11,76.02,214.95,7.68,0
SC07-03339,29.42,-0.14,53.43,283.73,8.71,0
SC07-03340,15.93,32.49,78.49,263.98,7.56,0
SC07-03341,55.8,26.4,63.53,59.16,7.41,0
SC07-03342,68.21,34.86,78.16,36.32,0.43,0
SC07-03343,80.29,20.01,36.3,421.95,7.97,0
SC07-03344,89.68,-8.36,59.47,63.25,13.21,0
SC07-03345,13.27,51.68,76.4,179.25,11.89,0
SC07-03346,63.11,30.41,83.1,93.39,0.21,0
SC07-03347,97.78,28.73,0.58,471.8,12.56,0
SC07-03348,36.85,-0.26,7.28,230.49,4.7,0
SC07-03349,31.44,57.01,46.06,228.46,9.88,0
SC07-03350,67.1,-0.34,29.68,301.06,10.98,0
SC07-03351,9.66,37.11,83.48,275.71,3.92,0
SC07-03352,60.86,31.46,94.0,217.87,2.48,0
SC07-03353,14.09,56.01,33.43,293.82,6.29,0
SC07-03354,81.12,51.71,91.34,132.17,10.24,0
SC07-03355,26.64,-0.77,82.33,173.31,4.11,0
SC07-03356,48.61,48.45,31.9,389.75,1.77,0
SC07-03357,84.49,-0.09,84.46,183.58,11.63,0
SC07-03358,71.03,-8.74,73.43,31.68,5.59,0
SC07-03359,92.53,52.89,41.0,475.32,6.43,0
SC07-03360,21.13,-0.48,84.76,235.0,2.49,0
SC07-03361,16.3,29.2,32.81,360.56,11.03,0
SC07-03362,0.51,-3.77,52.02,472.66,11.44,0
SC07-03363,18.28,38.22,71.71,120.19,1.91,0
SC07-03364,41.97,17.26,93.4,462.1,11.13,0
SC07-03365,37.31,23.7,5.89,175.72,7.87,0
SC07-03366,69.8,56.42,9.15,287.18,13.65,0
SC07-03367,61.04,49.07,88.59,54.6,11.43,0
SC07-03368,8.62,3.02,8.09,440.06,10.41,0
SC07-03369,22.74,47.19,79.39,26.62,7.97,0
SC07-03370,19.96,-7.7,7.09,215.09,4.39,0
SC07-03371,1.47,56.99,25.64,350.33,13.83,0
SC07-03372,8.66,25.29,78.52,280.89,4.58,0
SC07-03373,29.3,46.75,14.08,283.74,6.56,0
SC07-03374,59.31,30.12,86.52,206.06,1.84,0
SC07-03375,25.71,56.96,76.6,206.71,10.26,0
SC07-03376,95.93,45.51,51.47,70.63,6.64,0
SC07-03377,80.48,46.77,8.26,450.85,10.15,0
SC07-03378,7.07,8.05,4.54,175.9,7.86,0
SC07-03379,61.08,5.52,18.32,234.14,4.15,0
SC07-03380,97.08,44.86,72.84,218.93,7.34,0
SC07-03381,88.13,6.94,87.14,75.69,7.42,0
SC07-03382,40.56,9.11,54.57,19.46,6.01,0
SC07-03383,19.38,28.36,98.97,498.23,12.47,0
SC07-03384,93.09,25.24,54.72,483.84,4.45,0
SC07-03385,22.79,54.48,79.78,315.31,11.9,0
SC07-03386,40.59,-0.35,4.74,167.0,6.24,0
SC07-03387,44.43,9.37,5.01,180.05,8.68,0
SC07-03388,35.24,15.5,39.71,102.99,2.56,0
SC07-03389,82.47,31.58,54.08,166.65,10.72,0
SC07-03390,10.71,24.54,69.98,365.31,9.33,0
SC07-03391,60.01,52.26,9.97,41.67,1.4,0
SC07-03392,77.89,55.9,9.48,493.14,0.27,0
SC07-03393,32.85,10.65,94.24,340.99,0.76,0
SC07-03394,70.27,1.77,2.38,358.54,5.19,0
SC07-03395,23.38,47.23,93.22,349.32,1.16,0
SC07-03396,17.71,-9.95,8.27,67.62,6.13,0
SC07-03397,31.37,45.57,56.59,435.96,0.83,0
SC07-03398,15.79,19.24,81.25,459.49,1.11,0
SC07-03399,11.1,5.02,71.95,91.55,12.3,0
SC07-03400,96.66,35.83,68.64,129.81,8.87,0
SC07-03401,61.76,-7.76,28.25,477.93,6.89,0
SC07-03402,76.5,39.29,84.45,231.85,7.71,0
SC07-03403,93.08,39.58,58.99,183.08,0.39,0
SC07-03404,23.06,42.57,6.58,4.86,5.5,1
SC07-03405,95.74,33.54,96.98,386.43,0.17,0
SC07-03406,69.0,30.53,0.3,174.1,13.13,0
SC07-03407,87.83,19.99,50.65,349.36,10.64,0
SC07-03408,6.44,27.99,62.69,454.93,13.38,0
SC07-03409,99.05,13.58,61.54,445.95,13.44,0
SC07-03410,35.92,43.2,24.36,186.9,7.94,0
SC07-03411,14.65,15.29,7.07,29.66,13.49,0
SC07-03412,56.94,30.43,64.41,198.89,6.0,0
SC07-03413,91.4,47.7,5.88,273.37,10.04,0
SC07-03414,47.75,-6.91,69.55,120.82,6.71,0
SC07-03415,26.71,37.62,71.67,478.21,9.27,0
SC07-03416,57.03,10.23,58.11,481.59,5.25,0
SC07-03417,22.5,-9.81,49.08,188.49,11.87,0
SC07-03418,15.72,12.97,21.8,316.44,11.6,0
SC07-03419,7.29,4.88,37.95,127.55,12.58,0
SC07-03420,18.36,-2.6,53.72,91.89,0.86,0
SC07-03421,18.68,56.29,70.25,74.73,11.05,0
SC07-03422,30.77,49.92,6.97,368.61,0.45,0
SC07-03423,3.98,52.65,42.18,338.38,4.99,0
SC07-03424,0.56,43.5,54.1,456.76,7.15,0
SC07-03425,24.3,0.6,90.29,44.19,5.5,0
SC07-03426,21.99,-0.47,92.75,140.79,9.5,0
SC07-03427,95.77,54.65,45.65,377.12,13.94,0
SC07-03428,55.65,58.74,45.11,428.6,12.05,0
SC07-03429,8.77,31.54,59.36,211.75,2.34,0
SC07-03430,4.64,56.73,24.03,335.52,12.35,0
SC07-03431,79.73,51.93,14.15,185.02,7.29,0
SC07-03432,7.77,22.34,46.34,12.33,8.34,1
SC07-03433,0.11,21.14,9.08,172.13,2.27,0
SC07-03434,71.37,28.55,18.09,215.72,13.4,0
SC07-03435,9.9,45.67,72.56,85.46,4.94,0
SC07-03436,91.04,45.0,52.23,454.93,10.12,0
SC07-03437,68.64,29.59,43.37,386.4,7.04,0
SC07-03438,21.14,16.0,55.02,40.78,8.24,0
SC07-03439,31.29,42.47,69.03,235.22,9.86,0
SC07-03440,9.42,28.92,4.45,25.17,13.89,0
SC07-03441,33.97,6.54,53.5,404.15,8.45,0
SC07-03442,21.59,28.32,37.54,471.3,7.12,0
SC07-03443,58.19,52.95,80.37,138.06,13.46,0
SC07-03444,31.1,-6.26,9.6,256.96,2.35,0
SC07-03445,75.4,1.38,5.4,275.6,8.61,0
SC07-03446,53.67,33.77,83.87,114.32,9.27,0
SC07-03447,15.55,7.64,27.74,243.64,3.9,0
SC07-03448,21.14,-0.78,74.93,262.45,1.54,0
SC07-03449,42.15,56.74,35.99,301.22,2.75,0
SC07-03450,1.02,-1.14,62.73,6.52,0.51,1
SC07-03451,20.79,-6.45,93.71,347.94,3.07,0
SC07-03452,13.12,40.19,49.8,425.24,1.78,0
SC07-03453,87.58,7.06,71.79,20.71,10.88,0
SC07-03454,13.06,-3.45,33.55,23.52,3.55,0
SC07-03455,19.7,37.75,82.49,172.22,11.1,0
SC07-03456,23.08,47.97,45.69,177.93,12.64,0
SC07-03457,9.6,27.61,13.2,35.52,0.32,0
SC07-03458,16.19,31.88,41.57,441.73,9.6,0
SC07-03459,74.23,22.88,37.81,304.06,12.05,0
SC07-03460,15.91,42.44,53.09,59.67,10.99,0
SC07-03461,26.37,48.95,74.19,410.59,0.94,0
SC07-03462,38.71,1.35,56.75,400.73,2.84,0
SC07-03463,11.85,24.08,50.11,183.45,7.8,0
SC07-03464,36.86,48.89,84.14,453.71,6.45,0
SC07-03465,75.31,52.36,38.32,350.21,13.02,0
SC07-03466,8.41,25.85,39.37,180.84,4.24,0
SC07-03467,28.69,43.41,25.47,328.01,6.17,0
SC07-03468,43.15,58.58,68.49,302.33,2.64,0
SC07-03469,22.47,19.18,0.85,323.61,5.28,0
SC07-03470,45.36,-0.94,16.89,67.34,12.35,0
SC07-03471,11.75,10.69,14.69,108.22,5.75,0
SC07-03472,13.74,48.01,34.35,327.27,9.74,0
SC07-03473,26.66,0.59,67.92,425.08,8.91,0
SC07-03474,95.5,27.37,49.3,493.16,13.31,0
SC07-03475,61.77,41.79,93.03,73.76,3.36,0
SC07-03476,31.11,47.45,8.46,300.39,9.56,0
SC07-03477,26.37,4.07,33.88,119.71,1.88,0
SC07-03478,96.57,59.25,94.72,487.05,2.61,0
SC07-03479,36.56,-5.97,53.16,112.46,3.65,0
SC07-03480,20.23,47.07,80.89,120.44,1.1,0
SC07-03481,83.45,49.38,52.9,202.83,5.23,0
SC07-03482,71.88,15.89,46.69,363.88,12.83,0
SC07-03483,56.37,8.8,33.08,226.77,8.22,0
SC07-03484,89.49,45.82,26.83,386.04,12.62,0
SC07-03485,63.57,56.29,36.05,119.96,5.19,0
SC07-03486,47.22,50.01,39.3,465.6,8.33,0
SC07-03487,50.28,57.36,6.36,104.31,3.93,0
SC07-03488,7.91,14.03,36.99,267.74,12.72,0
SC07-03489,57.27,54.77,93.68,458.53,4.29,0
SC07-03490,8.75,13.92,76.04,297.97,4.52,0
SC07-03491,94.0,30.3,39.71,422.12,2.54,0
SC07-03492,85.34,6.77,45.32,490.42,1.91,0
SC07-03493,36.79,40.22,98.73,132.85,5.39,0
SC07-03494,93.31,10.01,99.77,476.83,9.11,0
SC07-03495,58.35,7.35,89.73,470.48,11.43,0
SC07-03496,30.1,12.17,30.89,359.2,0.78,0
SC07-03497,56.66,5.4,77.03,113.0,13.45,0
SC07-03498,68.07,-8.73,53.42,343.13,1.71,0
SC07-03499,94.01,47.54,91.98,71.04,1.68,0
SC07-03500,36.84,28.43,9.24,466.27,3.93,0
SC07-03501,15.64,15.39,96.95,139.68,12.55,0
SC07-03502,43.29,53.41,79.75,129.88,11.82,0
SC07-03503,65.05,37.51,4.86,248.61,9.0,0
SC07-03504,16.36,35.37,81.59,12.66,7.41,1
SC07-03505,79.66,51.27,82.04,111.28,6.23,0
SC07-03506,45.3,30.41,40.03,161.96,2.64,0
SC07-03507,46.8,-2.2,91.1,322.85,0.65,0
SC07-03508,76.32,39.02,81.53,406.84,13.05,0
SC07-03509,6.29,54.93,36.75,324.54,9.22,0
SC07-03510,4.56,-8.23,15.2,428.17,2.49,0
SC07-03511,12.8,11.64,31.98,331.28,13.24,0
SC07-03512,11.99,-8.15,30.11,483.83,9.69,0
SC07-03513,12.34,54.29,76.31,264.54,8.79,0
SC07-03514,8.68,59.54,90.84,99.23,2.77,0
SC07-03515,62.24,14.57,15.42,387.78,2.46,0
SC07-03516,72.08,32.07,18.65,363.13,11.98,0
SC07-03517,78.41,14.08,71.91,483.18,4.93,0
SC07-03518,89.33,36.15,21.32,117.32,2.37,0
SC07-03519,63.99,43.96,44.27,349.66,2.66,0
SC07-03520,52.22,32.55,0.14,181.8,6.63,0
SC07-03521,69.35,52.61,83.16,390.93,3.16,0
SC07-03522,22.66,19.88,50.73,486.0,6.57,0
SC07-03523,9.16,-6.57,97.61,22.78,2.62,0
SC07-03524,60.71,45.15,12.08,252.83,2.22,0
SC07-03525,85.35,16.68,9.87,245.7,2.18,0
SC07-03526,9.98,35.14,95.22,490.24,3.11,0
SC07-03527,96.27,37.44,63.21,91.44,1.25,0
SC07-03528,85.9,36.64,84.18,217.37,9.9,0
SC07-03529,26.21,50.17,77.94,239.24,4.54,0
SC07-03530,75.38,-0.83,20.98,484.93,3.03,0
SC07-03531,69.09,0.69,95.23,459.82,7.12,0
SC07-03532,63.47,42.81,29.2,498.57,4.85,0
SC07-03533,99.04,50.06,56.61,358.68,9.31,0
SC07-03534,68.53,50.22,17.86,479.18,5.67,0
SC07-03535,37.7,47.47,61.79,496.53,2.95,0
SC07-03536,65.61,53.02,24.22,448.54,11.06,0
SC07-03537,47.88,45.91,6.67,323.88,7.44,0
SC07-03538,27.16,37.86,49.18,52.27,3.31,0
SC07-03539,48.56,12.07,85.68,474.89,10.81,0
SC07-03540,65.32,12.68,1.36,330.0,3.08,0
SC07-03541,38.54,18.09,5.73,392.27,9.3,0
SC07-03542,22.92,47.97,47.35,182.69,0.89,0
SC07-03543,73.05,45.35,4.5,159.21,7.96,0
SC07-03544,79.93,55.57,65.97,184.14,5.99,0
SC07-03545,72.04,-4.96,56.62,459.16,4.79,0
SC07-03546,42.83,-8.82,93.33,45.66,10.09,0
SC07-03547,59.24,4.81,32.1,273.56,5.01,0
SC07-03548,18.49,23.4,0.05,68.54,3.55,0
SC07-03549,43.46,1.08,1.49,311.37,9.13,0
SC07-03550,9.61,41.03,8.98,153.74,13.17,0
SC07-03551,57.16,42.63,43.0,473.32,5.65,0
SC07-03552,53.2,35.31,40.6,283.2,7.33,0
SC07-03553,21.56,1.55,49.05,241.94,1.12,0
SC07-03554,60.19,43.93,13.19,326.02,9.45,0
SC07-03555,2.83,57.14,69.55,481.92,7.49,0
SC07-03556,47.52,28.13,35.24,420.33,13.1,0
SC07-03557,94.07,37.95,90.01,349.14,4.32,0
SC07-03558,11.53,-3.58,77.0,164.41,2.64,0
SC07-03559,95.38,37.05,78.56,318.47,2.54,0
SC07-03560,12.47,-6.8,12.11,34.63,11.79,0
SC07-03561,77.46,24.04,37.81,496.59,7.88,0
SC07-03562,45.61,54.52,47.99,355.48,0.02,0
SC07-03563,42.09,29.29,39.56,154.59,9.32,0
SC07-03564,43.53,18.06,57.24,296.54,12.93,0
SC07-03565,88.48,-3.77,81.62,192.83,4.87,0
SC07-03566,69.06,-7.64,85.79,16.51,5.69,0
SC07-03567,35.3,38.93,47.03,18.82,10.35,0
SC07-03568,97.51,29.55,61.65,481.44,6.18,0
SC07-03569,10.99,34.45,65.01,68.68,9.74,0
SC07-03570,22.27,4.41,69.47,296.78,10.07,0
SC07-03571,17.92,14.48,16.15,80.55,5.79,0
SC07-03572,20.64,10.98,98.74,426.66,8.6,0
SC07-03573,91.62,33.45,55.96,284.96,4.7,0
SC07-03574,39.35,54.58,41.39,217.31,4.18,0
SC07-03575,33.04,8.32,90.11,461.67,10.43,0
SC07-03576,30.74,8.02,7.3,448.34,8.57,0
SC07-03577,39.55,54.96,58.91,376.49,3.39,0
SC07-03578,70.57,50.04,27.58,225.45,3.17,0
SC07-03579,88.09,51.4,26.38,262.91,9.46,0
SC07-03580,65.74,29.3,14.61,23.87,4.59,0
SC07-03581,42.01,32.38,47.7,467.59,13.84,0
SC07-03582,66.9,27.32,77.05,261.19,12.01,0
SC07-03583,26.96,7.44,10.36,3.99,12.52,1
SC07-03584,57.1,-0.96,69.13,57.57,6.7,0
SC07-03585,4.34,12.88,89.92,259.29,2.7,0
SC07-03586,63.03,44.91,37.05,236.31,8.2,0
SC07-03587,85.91,-1.2,24.44,21.46,3.89,0
SC07-03588,43.28,11.31,92.89,74.19,8.55,0
SC07-03589,56.66,47.61,14.14,368.65,4.98,0
SC07-03590,13.64,-1.96,73.38,230.74,12.02,0
SC07-03591,86.43,27.01,59.49,95.16,8.15,0
SC07-03592,62.8,48.77,96.38,277.69,6.02,0
SC07-03593,80.62,54.59,60.95,472.19,3.66,0
SC07-03594,36.05,10.88,25.94,163.63,5.43,0
SC07-03595,8.46,5.6,54.2,185.49,12.39,0
SC07-03596,29.66,2.85,82.88,78.79,9.39,0
SC07-03597,13.57,50.06,19.49,228.76,2.56,0
SC07-03598,40.66,35.92,1.87,116.0,6.31,0
SC07-03599,57.94,25.31,69.31,400.5,5.55,0
SC07-03600,82.16,48.18,3.27,395.73,13.84,0
SC07-03601,65.11,39.75,89.72,284.54,3.93,0
SC07-03602,75.33,57.15,15.3,402.36,1.26,0
SC07-03603,66.27,24.11,88.93,32.21,3.69,0
SC07-03604,99.35,11.15,84.15,29.22,3.2,0
SC07-03605,79.39,48.43,94.72,81.68,11.41,0
SC07-03606,60.95,9.62,39.08,90.59,10.52,0
SC07-03607,72.98,42.77,75.88,99.49,1.87,0
SC07-03608,99.4,33.65,23.38,68.15,1.88,0
SC07-03609,40.13,59.41,21.55,438.91,3.22,0
SC07-03610,21.95,7.75,46.84,33.86,9.69,0
SC07-03611,67.03,19.94,45.63,466.41,0.15,0
SC07-03612,85.59,-0.06,47.84,304.98,10.51,0
SC07-03613,31.52,52.91,5.67,139.0,5.18,0
SC07-03614,5.61,55.91,17.3,115.42,8.14,0
SC07-03615,76.96,47.12,17.06,14.52,3.79,0
SC07-03616,91.79,45.47,4.67,270.09,6.42,0
SC07-03617,94.65,45.97,80.95,398.58,12.84,0
SC07-03618,1.64,21.8,16.3,81.7,11.16,0
SC07-03619,29.27,51.68,5.85,407.16,10.11,0
SC07-03620,91.63,8.13,88.31,231.28,10.87,0
SC07-03621,10.16,54.21,64.22,345.49,4.5,0
SC07-03622,26.05,-2.59,78.67,300.36,12.07,0
SC07-03623,92.57,-6.5,35.98,270.81,7.52,0
SC07-03624,92.05,0.79,67.76,314.46,4.75,0
SC07-03625,87.22,-5.51,15.56,299.4,11.24,0
SC07-03626,58.49,38.17,38.53,379.12,3.94,0
SC07-03627,25.47,25.5,73.95,473.58,6.8,0
SC07-03628,62.72,21.6,76.94,38.15,2.61,0
SC07-03629,13.0,-3.98,4.71,265.46,13.52,0
SC07-03630,4.2,38.78,98.25,276.4,11.3,0
SC07-03631,74.27,-6.5,91.63,488.0,1.04,0
SC07-03632,85.51,50.41,48.47,346.79,11.17,0
SC07-03633,93.25,31.88,35.25,293.88,8.67,0
SC07-03634,25.18,14.85,59.82,367.61,12.56,0
SC07-03635,10.94,-2.86,17.55,452.66,13.23,0
SC07-03636,74.84,7.48,55.76,90.89,0.3,0
SC07-03637,85.72,0.48,11.3,88.07,9.51,0
SC07-03638,68.51,8.25,87.91,191.25,13.41,0
SC07-03639,90.88,41.8,0.15,269.79,2.74,0
SC07-03640,97.62,10.61,44.28,452.42,0.26,0
SC07-03641,50.22,26.3,50.86,290.06,4.63,0
SC07-03642,27.1,-8.54,16.62,430.09,8.59,0
SC07-03643,37.75,25.52,34.94,306.04,12.25,0
SC07-03644,18.95,37.73,49.68,311.96,12.65,0
SC07-03645,39.73,34.43,20.92,473.81,8.37,0
SC07-03646,31.65,6.32,18.5,460.64,6.64,0
SC07-03647,79.48,1.2,35.87,76.81,5.86,0
SC07-03648,88.58,14.45,8.37,404.76,1.87,0
SC07-03649,65.41,30.09,92.74,75.45,4.0,0
SC07-03650,7.13,54.68,95.51,384.3,3.06,0
SC07-03651,15.16,12.24,75.75,350.57,5.63,0
SC07-03652,43.59,22.43,72.02,77.08,5.72,0
SC07-03653,82.67,40.59,66.41,476.98,0.6,0
SC07-03654,37.7,13.47,25.92,257.19,9.05,0
SC07-03655,55.12,-3.2,20.48,53.48,9.17,0
SC07-03656,76.03,-7.17,27.26,267.22,11.91,0
SC07-03657,70.44,0.99,81.89,41.85,11.91,0
SC07-03658,9.44,48.02,78.21,186.06,4.15,0
SC07-03659,66.27,51.84,71.12,269.16,12.18,0
SC07-03660,54.34,27.5,99.14,148.98,0.12,0
SC07-03661,76.36,-2.32,32.67,278.14,0.82,0
SC07-03662,30.93,11.39,13.36,418.41,0.01,0
SC07-03663,79.46,2.44,92.81,457.78,6.97,0
SC07-03664,63.83,23.63,83.19,260.39,10.86,0
SC07-03665,95.98,34.65,28.18,435.11,10.49,0
SC07-03666,77.51,-1.69,43.53,64.65,4.15,0
SC07-03667,18.03,32.74,71.49,218.06,2.03,0
SC07-03668,7.51,2.81,30.56,31.98,3.98,0
SC07-03669,61.17,27.23,79.58,56.38,10.26,0
SC07-03670,93.77,54.19,56.84,430.94,12.12,0
SC07-03671,9.0,50.39,44.65,412.69,5.69,0
SC07-03672,60.94,58.37,27.77,345.33,1.35,0
SC07-03673,16.09,38.88,11.09,274.78,0.8,0
SC07-03674,87.52,19.56,2.09,344.09,2.35,0
SC07-03675,0.21,-9.62,93.62,374.0,7.55,0
SC07-03676,19.34,17.72,87.3,1.92,8.85,1
SC07-03677,32.66,2.56,24.43,264.73,3.29,0
SC07-03678,70.98,55.47,55.32,80.92,5.85,0
SC07-03679,81.03,1.96,77.84,383.65,0.87,0
SC07-03680,45.11,27.38,43.22,411.32,10.59,0
SC07-03681,93.36,50.05,17.73,277.91,12.45,0
SC07-03682,88.2,25.11,89.3,336.59,12.36,0
SC07-03683,20.38,47.02,40.75,373.49,7.08,0
SC07-03684,63.5,51.83,96.35,456.53,10.5,0
SC07-03685,76.8,2.39,45.49,123.92,7.73,0
SC07-03686,96.51,-2.39,97.31,94.94,9.29,0
SC07-03687,79.11,4.08,22.56,304.39,1.39,0
SC07-03688,54.06,25.57,97.08,174.66,2.62,0
SC07-03689,73.72,40.98,6.33,238.44,9.92,0
SC07-03690,76.43,55.87,1.98,476.33,6.75,0
SC07-03691,38.56,35.54,42.25,314.57,5.18,0
SC07-03692,58.2,-9.56,89.89,269.11,1.41,0
SC07-03693,65.42,8.65,77.03,310.58,6.54,0
SC07-03694,44.46,18.68,46.06,251.58,1.55,0
SC07-03695,96.99,19.33,85.32,321.63,7.57,0
SC07-03696,29.89,36.25,17.82,337.78,13.87,0
SC07-03697,82.19,0.55,39.08,184.32,13.35,0
SC07-03698,39.93,16.91,17.08,434.94,8.05,0
SC07-03699,9.42,12.66,20.41,308.37,8.3,0
SC07-03700,89.11,1.38,32.62,301.17,9.4,0
SC07-03701,62.83,-9.37,44.43,148.93,1.91,0
SC07-03702,86.17,-8.43,26.81,237.59,10.71,0
SC07-03703,41.2,31.32,99.7,31.46,6.13,0
SC07-03704,61.87,23.91,56.24,276.62,8.33,0
SC07-03705,30.7,37.58,25.49,175.97,8.65,0
SC07-03706,57.1,18.39,7.53,254.53,11.24,0
SC07-03707,80.2,49.29,11.25,231.02,4.05,0
SC07-03708,45.83,56.06,34.34,199.33,8.14,0
SC07-03709,80.84,-2.52,38.08,388.2,7.47,0
SC07-03710,26.52,12.12,79.23,83.33,8.96,0
SC07-03711,80.62,51.31,32.67,85.45,11.7,0
SC07-03712,98.66,1.48,13.95,229.34,5.55,0
SC07-03713,28.99,32.13,6.12,419.93,2.51,0
SC07-03714,53.46,7.69,52.01,385.09,0.01,0
SC07-03715,87.73,30.12,19.0,332.86,0.58,0
SC07-03716,48.25,36.67,54.09,118.48,8.33,0
SC07-03717,47.37,48.34,74.35,52.99,4.87,0
SC07-03718,98.42,6.56,14.94,480.07,11.04,0
SC07-03719,91.52,-6.69,21.29,339.83,10.08,0
SC07-03720,75.98,18.23,59.22,434.72,8.35,0
SC07-03721,64.5,-8.79,96.82,178.72,4.1,0
SC07-03722,55.8,43.71,19.16,219.14,7.58,0
SC07-03723,84.47,59.34,43.2,284.74,7.04,0
SC07-03724,47.99,40.47,1.95,59.16,6.61,0
SC07-03725,41.44,34.99,3.49,56.5,10.5,0
SC07-03726,42.77,52.2,12.29,115.46,12.87,0
SC07-03727,30.3,57.83,13.15,297.65,0.61,0
SC07-03728,48.39,36.57,95.47,279.31,13.01,0
SC07-03729,81.85,16.2,30.09,19.31,1.98,0
SC07-03730,77.81,-1.82,91.02,305.64,6.11,0
SC07-03731,47.77,12.08,42.55,89.13,13.15,0
SC07-03732,18.08,32.63,33.18,107.73,8.89,0
SC07-03733,65.99,20.77,2.94,249.45,6.73,0
SC07-03734,38.88,27.88,68.47,162.84,8.36,0
SC07-03735,60.08,12.84,9.64,412.04,3.24,0
SC07-03736,22.52,-9.57,83.04,484.72,4.02,0
SC07-03737,72.87,5.27,16.62,414.45,12.59,0
SC07-03738,5.64,41.87,39.44,329.21,13.25,0
SC07-03739,93.05,-5.24,71.71,236.15,12.92,0
SC07-03740,64.01,34.33,46.33,78.53,10.81,0
SC07-03741,53.61,28.19,24.64,173.25,4.49,0
SC07-03742,67.51,28.79,17.1,292.23,4.27,0
SC07-03743,68.13,14.24,71.28,156.31,5.69,0
SC07-03744,97.75,12.94,36.82,42.02,0.93,0
SC07-03745,33.6,-6.34,85.17,23.58,4.32,0
SC07-03746,9.27,21.38,30.73,235.81,10.71,0
SC07-03747,63.86,14.96,14.11,219.18,7.4,0
SC07-03748,74.33,41.26,11.21,394.74,6.46,0
SC07-03749,35.64,11.02,80.58,285.54,2.79,0
SC07-03750,28.94,53.09,20.32,166.69,6.84,0
SC07-03751,53.43,5.56,12.48,108.89,1.16,0
SC07-03752,78.75,38.19,23.96,322.15,12.86,0
SC07-03753,98.04,19.9,3.74,237.22,7.49,0
SC07-03754,17.51,53.95,6.83,397.2,6.72,0
SC07-03755,47.52,-9.33,82.72,217.4,4.42,0
SC07-03756,6.26,2.71,44.52,152.86,4.57,0
SC07-03757,66.09,54.86,72.89,241.32,11.28,0
SC07-03758,51.19,-2.89,56.45,53.69,5.95,0
SC07-03759,47.84,10.48,86.94,248.28,10.29,0
SC07-03760,44.27,16.52,16.26,404.54,8.24,0
SC07-03761,6.53,11.73,20.99,198.03,8.23,0
SC07-03762,57.56,52.21,62.91,215.01,13.6,0
SC07-03763,34.15,32.67,57.51,395.15,9.65,0
SC07-03764,11.22,27.26,55.41,239.85,8.08,0
SC07-03765,53.13,6.38,93.11,354.44,2.29,0
SC07-03766,70.43,27.82,40.96,261.03,12.66,0
SC07-03767,17.02,10.64,27.69,468.94,10.87,0
SC07-03768,29.75,42.58,90.09,335.0,10.14,0
SC07-03769,58.28,20.66,56.1,438.42,11.53,0
SC07-03770,88.98,13.0,71.0,174.26,7.28,0
SC07-03771,94.54,41.93,84.26,25.67,2.01,0
SC07-03772,44.11,30.87,73.11,304.6,12.56,0
SC07-03773,84.57,48.7,82.0,149.62,7.57,0
SC07-03774,63.93,53.51,45.19,40.97,0.2,0
SC07-03775,32.82,30.64,29.92,482.74,12.96,0
SC07-03776,81.09,45.29,79.48,103.06,6.95,0
SC07-03777,87.38,26.62,39.12,261.69,1.16,0
SC07-03778,72.61,34.67,20.99,251.39,10.53,0
SC07-03779,84.89,-2.01,8.19,122.88,13.81,0
SC07-03780,49.17,27.71,27.51,458.22,8.07,0
SC07-03781,88.75,-8.41,79.49,328.35,12.13,0
SC07-03782,84.37,30.1,84.59,416.7,6.23,0
SC07-03783,57.71,15.93,14.78,430.72,12.94,0
SC07-03784,58.52,5.47,78.93,44.72,11.61,0
SC07-03785,31.31,25.32,75.09,377.27,6.51,0
SC07-03786,74.9,43.82,66.89,97.58,9.43,0
SC07-03787,2.0,42.11,12.19,120.57,8.18,0
SC07-03788,1.04,57.1,53.26,426.42,13.79,0
SC07-03789,30.74,35.24,31.51,60.63,10.13,0
SC07-03790,4.23,-5.87,53.11,413.18,11.17,0
SC07-03791,85.56,40.2,4.27,163.87,12.31,0
SC07-03792,29.93,40.02,20.66,34.84,4.81,0
SC07-03793,69.72,45.09,49.62,189.56,5.63,0
SC07-03794,91.5,-4.48,69.02,254.83,8.39,0
SC07-03795,56.83,4.63,24.2,309.34,9.86,0
SC07-03796,62.66,28.12,97.54,488.29,11.78,0
SC07-03797,43.02,15.67,95.56,225.18,3.45,0
SC07-03798,65.07,50.25,82.04,119.7,6.82,0
SC07-03799,18.59,14.27,87.72,50.63,4.06,0
SC07-03800,39.29,37.52,4.26,67.01,7.11,0
SC07-03801,24.0,24.03,45.69,427.63,7.63,0
SC07-03802,42.18,43.6,37.82,2.34,12.8,0
SC07-03803,29.5,26.49,37.77,127.44,0.96,0
SC07-03804,70.48,18.85,3.5,52.42,13.99,0
SC07-03805,46.18,56.42,63.46,102.37,7.5,0
SC07-03806,81.81,54.33,40.96,132.8,13.65,0
SC07-03807,96.33,-7.38,66.93,273.43,1.9,0
SC07-03808,98.01,-9.42,14.27,209.85,5.91,0
SC07-03809,93.36,25.64,10.24,316.88,9.47,0
SC07-03810,45.33,27.02,57.9,295.99,11.12,0
SC07-03811,92.66,30.27,57.51,22.45,6.93,0
SC07-03812,26.01,42.93,91.74,430.13,8.77,0
SC07-03813,69.21,-9.75,17.37,252.83,10.69,0
SC07-03814,27.82,32.96,45.43,134.81,4.48,0
SC07-03815,96.09,-2.17,70.69,415.58,10.74,0
SC07-03816,53.76,52.49,13.58,245.48,6.35,0
SC07-03817,88.83,-8.51,96.78,403.02,13.44,0
SC07-03818,98.51,45.22,75.76,419.57,11.49,0
SC07-03819,77.57,43.6,3.51,152.53,2.92,0
SC07-03820,50.39,26.59,6.5,246.71,7.68,0
SC07-03821,44.32,42.32,96.18,111.22,3.28,0
SC07-03822,40.47,43.27,44.95,414.7,1.32,0
SC07-03823,71.75,32.35,62.27,56.36,13.32,0
SC07-03824,19.3,47.81,87.33,484.66,2.61,0
SC07-03825,12.77,-0.67,26.45,83.43,0.55,0
SC07-03826,26.2,35.86,17.04,434.95,12.52,0
SC07-03827,61.12,40.69,35.61,230.91,0.1,0
SC07-03828,75.8,-5.36,5.66,345.07,9.65,0
SC07-03829,83.89,9.05,56.5,79.78,5.2,0
SC07-03830,78.08,48.81,64.32,29.75,6.76,0
SC07-03831,61.61,-3.08,63.43,72.22,10.51,0
SC07-03832,54.4,22.59,58.74,367.69,6.65,0
SC07-03833,74.44,58.81,86.56,287.17,2.87,0
SC07-03834,17.75,-4.53,49.6,149.27,2.02,0
SC07-03835,28.96,8.55,89.01,322.84,3.0,0
SC07-03836,41.92,-2.45,82.84,25.81,2.69,0
SC07-03837,38.26,20.21,68.75,107.56,6.65,0
SC07-03838,14.93,17.95,69.45,84.92,13.08,0
SC07-03839,15.14,-7.54,59.46,389.72,3.31,0
SC07-03840,89.33,18.99,13.55,285.62,2.75,0
SC07-03841,95.84,30.84,1.0,232.42,8.47,0
SC07-03842,3.0,-3.3,24.34,166.77,11.17,0
SC07-03843,96.57,-8.18,46.14,307.67,1.25,0
SC07-03844,75.26,-7.58,45.15,80.12,1.53,0
SC07-03845,54.05,16.65,4.13,254.66,12.38,0
SC07-03846,65.51,24.69,18.56,12.48,11.53,0
SC07-03847,31.62,54.54,77.35,371.74,11.09,0
SC07-03848,99.88,-2.23,16.72,403.87,13.5,0
SC07-03849,47.4,-9.56,25.68,122.44,0.75,0
SC07-03850,97.84,47.75,75.96,146.57,11.01,0
SC07-03851,90.24,2.86,14.42,323.97,0.22,0
SC07-03852,34.23,5.03,58.77,377.66,1.99,0
SC07-03853,73.26,55.56,73.04,291.67,4.27,0
SC07-03854,82.33,45.85,47.45,90.15,8.64,0
SC07-03855,20.82,2.78,64.16,176.56,1.32,0
SC07-03856,92.29,22.92,7.89,232.81,11.46,0
SC07-03857,72.02,-8.31,97.07,66.97,13.27,0
SC07-03858,82.72,15.14,54.0,55.97,0.52,0
SC07-03859,10.58,30.25,11.04,477.54,7.52,0
SC07-03860,92.22,-3.64,80.54,270.25,5.66,0
SC07-03861,75.74,9.99,60.67,267.93,5.79,0
SC07-03862,47.9,19.96,87.88,490.33,9.44,0
SC07-03863,12.69,22.45,99.91,453.93,7.0,0
SC07-03864,26.92,21.93,2.36,374.6,6.14,0
SC07-03865,65.73,58.35,97.67,54.77,0.46,0
SC07-03866,29.16,49.25,13.06,218.59,0.61,0
SC07-03867,40.37,41.59,76.41,466.64,10.76,0
SC07-03868,94.24,4.11,60.79,365.18,1.79,0
SC07-03869,19.74,12.82,23.05,270.17,7.14,0
SC07-03870,27.04,56.12,3.91,78.86,3.14,0
SC07-03871,96.55,18.72,27.43,93.75,10.0,0
SC07-03872,0.97,-5.39,16.65,371.74,6.88,0
SC07-03873,93.88,0.39,1.45,451.33,0.02,0
SC07-03874,20.81,5.25,6.1,9.09,7.27,1
SC07-03875,24.87,10.42,71.43,201.65,3.35,0
SC07-03876,11.12,-9.66,51.62,285.87,10.89,0
SC07-03877,99.93,-1.51,11.91,399.16,0.32,0
SC07-03878,95.49,49.53,38.45,376.48,8.79,0
SC07-03879,82.04,-0.28,49.45,466.91,10.39,0
SC07-03880,58.2,27.24,77.33,363.38,10.36,0
SC07-03881,61.78,17.17,54.18,366.53,4.2,0
SC07-03882,98.9,56.57,94.28,433.3,7.67,0
SC07-03883,48.0,8.06,24.49,25.33,12.9,0
SC07-03884,81.59,58.07,51.5,342.15,3.49,0
SC07-03885,11.87,-3.23,83.5,476.55,1.15,0
SC07-03886,9.61,51.77,31.83,331.08,7.77,0
SC07-03887,36.94,8.14,50.12,379.61,13.48,0
SC07-03888,30.9,58.09,18.91,129.89,11.87,0
SC07-03889,1.2,15.41,32.39,119.59,5.78,0
SC07-03890,3.0,12.52,94.34,303.6,3.51,0
SC07-03891,58.2,39.28,86.32,215.97,2.08,0
SC07-03892,5.37,-5.9,13.79,440.62,10.09,0
SC07-03893,81.01,39.44,53.91,45.8,7.1,0
SC07-03894,92.07,35.68,51.33,298.23,10.74,0
SC07-03895,96.81,0.45,89.07,70.37,7.43,0
SC07-03896,50.08,-5.1,26.21,162.38,1.9,0
SC07-03897,22.74,53.89,63.72,96.33,4.36,0
SC07-03898,95.1,5.56,99.57,8.7,4.13,0
SC07-03899,15.95,-3.37,77.16,475.21,7.72,0
SC07-03900,33.2,28.43,68.66,469.13,8.8,0
SC07-03901,78.63,58.22,34.6,8.95,9.32,0
SC07-03902,89.23,-1.99,3.17,232.32,2.42,0
SC07-03903,5.54,19.85,2.35,42.63,7.86,0
SC07-03904,52.24,22.08,2.96,361.7,10.44,0
SC07-03905,17.58,58.85,12.72,367.5,12.95,0
SC07-03906,42.72,14.56,12.51,327.43,3.7,0
SC07-03907,53.24,16.2,49.78,214.69,10.52,0
SC07-03908,22.44,47.04,89.12,456.72,10.55,0
SC07-03909,31.21,40.78,97.06,152.73,2.49,0
SC07-03910,14.43,20.79,98.76,426.07,4.2,0
SC07-03911,82.52,-8.24,62.2,166.45,0.1,0
SC07-03912,49.92,42.05,62.59,102.48,10.25,0
SC07-03913,49.18,0.42,23.49,279.17,5.91,0
SC07-03914,49.12,18.69,16.91,470.1,10.6,0
SC07-03915,74.95,-1.16,45.88,476.36,5.52,0
SC07-03916,98.69,25.66,84.73,351.8,5.42,0
SC07-03917,35.11,38.92,40.02,76.32,1.82,0
SC07-03918,98.36,56.95,62.14,220.96,13.97,0
SC07-03919,85.23,20.94,85.63,134.78,8.73,0
SC07-03920,47.33,48.09,66.24,289.09,8.95,0
SC07-03921,36.16,-7.45,97.5,54.43,7.14,0
SC07-03922,50.06,23.84,30.13,72.79,3.29,0
SC07-03923,86.41,46.82,30.76,153.62,5.87,0
SC07-03924,73.89,16.49,15.24,55.23,1.22,0
SC07-03925,79.06,20.3,25.28,369.13,4.99,0
SC07-03926,35.69,30.24,17.21,484.95,9.24,0
SC07-03927,27.64,9.81,81.84,383.21,1.42,0
SC07-03928,71.03,24.51,19.56,275.22,7.44,0
SC07-03929,46.36,-9.82,66.87,116.75,3.15,0
SC07-03930,67.72,45.23,50.04,432.0,11.29,0
SC07-03931,72.4,26.98,27.72,400.69,7.52,0
SC07-03932,99.31,18.36,86.62,9.14,11.85,0
SC07-03933,81.66,59.51,18.17,80.5,12.29,0
SC07-03934,31.1,35.96,27.9,401.07,2.61,0
SC07-03935,86.32,-1.71,40.14,155.48,10.42,0
SC07-03936,52.79,-9.71,94.6,248.34,1.41,0
SC07-03937,73.0,51.06,38.51,493.73,2.84,0
SC07-03938,6.25,38.92,10.5,223.36,11.59,0
SC07-03939,62.29,53.87,4.95,44.73,3.86,0
SC07-03940,93.84,4.69,91.9,237.42,1.63,0
SC07-03941,10.69,38.29,74.75,294.85,6.53,0
SC07-03942,65.22,19.05,78.07,52.48,8.82,0
SC07-03943,38.8,54.91,76.06,469.95,9.57,0
SC07-03944,61.68,42.59,5.09,253.66,1.38,0
SC07-03945,64.8,49.18,63.61,410.74,4.6,0
SC07-03946,36.47,-9.34,12.05,103.02,6.13,0
SC07-03947,22.35,27.11,70.62,11.32,12.92,1
SC07-03948,55.81,37.32,83.71,261.29,0.05,0
SC07-03949,13.76,22.76,76.05,357.53,6.55,0
SC07-03950,94.55,-2.6,2.75,345.13,1.55,0
SC07-03951,61.56,58.32,15.46,446.88,9.48,0
SC07-03952,87.91,31.17,98.78,125.66,6.87,0
SC07-03953,12.06,3.86,33.88,113.34,6.26,0
SC07-03954,41.92,50.43,89.97,3.49,11.18,0
SC07-03955,54.7,37.16,71.63,183.17,4.93,0
SC07-03956,86.71,25.04,1.47,325.67,9.37,0
SC07-03957,29.32,45.89,13.5,438.17,13.5,0
SC07-03958,16.23,47.7,39.07,19.03,13.91,1
SC07-03959,60.25,43.44,55.15,423.46,3.63,0
SC07-03960,66.64,-8.61,80.08,341.12,4.99,0
SC07-03961,43.69,38.31,24.59,424.85,12.8,0
SC07-03962,36.47,42.4,87.75,71.02,4.51,0
SC07-03963,73.58,48.71,89.46,411.73,5.44,0
SC07-03964,0.44,54.94,21.76,181.99,13.71,0
SC07-03965,95.5,35.41,76.68,446.39,2.19,0
SC07-03966,84.85,39.2,69.48,310.0,12.12,0
SC07-03967,57.79,10.2,85.53,251.69,3.09,0
SC07-03968,1.02,53.9,73.86,300.34,11.33,0
SC07-03969,81.4,12.15,22.86,73.68,5.16,0
SC07-03970,7.13,23.34,36.47,403.77,7.7,0
SC07-03971,38.81,10.36,71.29,122.53,9.35,0
SC07-03972,93.57,50.38,23.27,274.98,1.31,0
SC07-03973,32.59,47.41,88.05,138.07,6.98,0
SC07-03974,25.96,59.55,49.06,410.13,8.19,0
SC07-03975,42.45,57.14,32.01,123.39,4.72,0
SC07-03976,74.45,54.01,11.12,273.0,1.07,0
SC07-03977,44.9,24.49,80.72,66.99,8.29,0
SC07-03978,76.51,24.84,9.85,181.14,2.17,0
SC07-03979,85.41,34.76,76.24,406.05,6.47,0
SC07-03980,22.71,16.83,15.35,393.38,6.09,0
SC07-03981,73.81,59.35,77.17,211.43,6.48,0
SC07-03982,14.13,15.07,44.15,13.66,2.85,1
SC07-03983,82.69,22.47,36.17,402.75,10.57,0
SC07-03984,48.07,59.64,75.26,240.58,10.12,0
SC07-03985,21.65,24.07,30.69,114.14,0.22,0
SC07-03986,18.57,20.96,82.13,420.27,7.05,0
SC07-03987,32.43,22.13,18.11,24.91,7.88,0
SC07-03988,33.23,43.94,39.44,264.04,13.74,0
SC07-03989,89.35,3.02,51.62,150.13,0.64,0
SC07-03990,41.66,7.55,1.03,326.35,5.28,0
SC07-03991,20.69,23.48,6.76,417.42,2.89,0
SC07-03992,33.83,40.86,96.69,200.44,5.85,0
SC07-03993,13.84,32.26,21.79,264.51,10.11,0
SC07-03994,83.59,32.52,40.64,335.91,0.42,0
SC07-03995,26.32,54.3,52.33,196.69,9.51,0
SC07-03996,17.64,38.57,78.02,388.71,3.64,0
SC07-03997,34.69,-8.22,52.48,417.12,10.81,0
SC07-03998,47.43,30.44,74.22,478.5,4.58,0
SC07-03999,85.38,20.03,25.74,4.42,2.69,0
SC07-04000,65.62,12.52,45.02,368.37,7.0,0
SC07-04001,88.18,24.99,33.9,127.35,6.11,0
SC07-04002,7.7,39.31,2.76,415.59,7.38,0
SC07-04003,14.72,2.66,21.01,201.22,11.72,0
SC07-04004,45.54,4.44,5.96,88.03,13.21,0
SC07-04005,14.72,-2.77,76.16,417.96,11.62,0
SC07-04006,65.12,24.31,60.67,484.36,1.49,0
SC07-04007,16.44,44.56,15.76,441.52,5.21,0
SC07-04008,28.9,48.6,40.41,276.73,0.45,0
SC07-04009,17.57,-2.75,42.48,289.29,2.9,0
SC07-04010,85.65,2.54,2.96,90.09,5.78,0
SC07-04011,96.11,29.8,54.96,47.83,13.71,0
SC07-04012,26.61,37.5,26.86,414.41,0.85,0
SC07-04013,54.64,50.78,45.06,441.77,10.63,0
SC07-04014,92.16,46.44,8.04,461.93,6.24,0
SC07-04015,77.85,52.17,68.53,470.68,4.08,0
SC07-04016,19.83,2.93,83.51,91.77,12.84,0
SC07-04017,37.67,5.67,11.31,404.17,2.24,0
SC07-04018,27.86,21.05,97.89,457.94,0.07,0
SC07-04019,22.23,29.4,74.14,378.12,4.55,0
SC07-04020,6.09,51.67,61.58,306.37,13.81,0
SC07-04021,32.5,38.92,21.9,302.36,1.78,0
SC07-04022,70.07,59.39,49.33,270.46,1.22,0
SC07-04023,89.48,-1.75,38.76,174.03,0.67,0
SC07-04024,97.49,29.42,42.92,62.72,6.03,0
SC07-04025,41.98,17.66,33.11,85.82,12.08,0
SC07-04026,55.3,11.26,97.72,294.06,3.71,0
SC07-04027,74.89,31.05,2.34,361.39,7.08,0
SC07-04028,54.61,11.09,0.28,374.09,13.91,0
SC07-04029,75.35,49.25,2.17,22.3,0.14,0
SC07-04030,71.49,-2.77,95.98,422.22,8.33,0
SC07-04031,16.59,44.02,90.41,388.31,13.22,0
SC07-04032,88.21,6.67,3.26,129.52,8.01,0
SC07-04033,3.46,5.76,89.88,174.25,2.69,0
SC07-04034,20.63,-9.54,16.78,178.76,0.57,0
SC07-04035,80.96,53.41,80.54,172.03,13.63,0
SC07-04036,11.35,51.93,22.62,168.82,4.6,0
SC07-04037,71.79,52.82,22.6,202.41,7.06,0
SC07-04038,55.44,29.22,69.51,104.08,2.71,0
SC07-04039,77.58,3.49,16.22,424.9,5.52,0
SC07-04040,16.32,19.87,0.72,268.7,4.86,0
SC07-04041,74.66,27.69,64.51,61.22,11.64,0
SC07-04042,78.87,42.69,9.05,439.85,0.81,0
SC07-04043,78.01,42.59,39.28,453.84,8.56,0
SC07-04044,61.48,56.6,11.79,121.36,6.95,0
SC07-04045,19.81,23.68,30.9,185.85,2.24,0
SC07-04046,90.64,16.88,59.53,433.48,8.97,0
SC07-04047,56.64,53.12,34.19,492.99,1.37,0
SC07-04048,13.24,17.69,7.6,114.54,6.74,0
SC07-04049,23.21,18.05,94.42,427.49,3.84,0
SC07-04050,31.85,36.74,50.87,458.9,3.53,0
SC07-04051,10.29,53.4,70.12,445.18,5.96,0
SC07-04052,44.86,43.65,2.64,285.54,2.22,0
SC07-04053,74.18,27.31,26.86,437.28,3.79,0
SC07-04054,19.11,39.36,6.28,345.54,12.04,0
SC07-04055,35.46,12.25,27.09,359.9,1.95,0
SC07-04056,58.19,-2.65,23.78,420.66,7.24,0
SC07-04057,44.16,54.21,46.1,69.83,6.53,0
SC07-04058,97.38,16.21,74.12,429.98,2.15,0
SC07-04059,9.34,28.17,70.82,127.19,11.17,0
SC07-04060,32.13,55.22,79.12,295.35,10.3,0
SC07-04061,96.91,11.18,54.27,246.32,6.04,0
SC07-04062,63.4,48.07,19.83,104.48,3.28,0
SC07-04063,17.02,31.27,55.82,177.15,5.01,0
SC07-04064,61.75,-6.0,34.03,358.21,9.32,0
SC07-04065,96.0,9.25,88.34,166.77,7.05,0
SC07-04066,78.44,41.47,53.04,414.77,7.58,0
SC07-04067,97.27,12.44,43.72,396.87,1.89,0
SC07-04068,78.85,-8.74,50.79,198.95,1.75,0
SC07-04069,58.45,1.78,30.51,108.35,10.92,0
SC07-04070,87.49,41.6,8.02,292.8,2.36,0
SC07-04071,15.9,2.85,35.04,377.49,7.47,0
SC07-04072,35.27,45.71,93.38,202.87,10.6,0
SC07-04073,98.89,21.31,55.25,94.35,10.65,0
SC07-04074,88.08,35.23,9.06,472.88,11.1,0
SC07-04075,24.57,9.15,28.75,286.7,8.32,0
SC07-04076,78.81,32.38,65.51,197.21,11.64,0
SC07-04077,44.34,-0.59,39.85,131.14,11.63,0
SC07-04078,34.27,48.74,96.29,180.65,2.72,0
SC07-04079,6.68,48.52,64.7,9.38,3.24,1
SC07-04080,7.49,41.61,8.44,109.8,5.19,0
SC07-04081,20.08,33.34,13.45,148.94,6.49,0
SC07-04082,8.68,31.43,38.23,2.89,0.65,1
SC07-04083,96.51,55.22,14.36,242.93,0.52,0
SC07-04084,40.0,18.02,92.35,374.18,11.63,0
SC07-04085,5.49,58.29,87.03,195.46,3.06,0
SC07-04086,52.57,55.76,1.03,286.22,3.2,0
SC07-04087,17.35,9.0,9.01,413.08,9.23,0
SC07-04088,85.74,37.13,20.56,433.67,2.78,0
SC07-04089,41.04,-9.13,93.69,308.61,3.96,0
SC07-04090,9.32,20.47,13.72,100.02,1.39,0
SC07-04091,34.9,52.99,28.77,457.7,2.75,0
SC07-04092,17.87,22.89,89.48,261.68,6.67,0
SC07-04093,42.02,54.3,3.16,429.33,2.92,0
SC07-04094,25.1,10.46,62.37,22.5,3.88,0
SC07-04095,42.86,-5.14,32.78,170.09,7.16,0
SC07-04096,44.14,59.86,83.59,247.21,8.62,0
SC07-04097,18.88,10.98,18.28,441.1,4.02,0
SC07-04098,21.92,11.54,77.15,38.88,6.95,0
SC07-04099,21.9,14.17,78.09,398.07,7.01,0
SC07-04100,38.87,7.89,57.03,498.72,2.32,0
SC07-04101,87.41,44.09,36.97,112.7,11.79,0
SC07-04102,13.68,29.16,4.15,344.11,2.42,0
SC07-04103,51.57,41.38,26.62,326.42,13.71,0
SC07-04104,0.32,13.72,50.09,168.61,12.4,0
SC07-04105,48.17,56.05,17.44,195.41,3.9,0
SC07-04106,32.13,31.3,1.6,399.04,8.14,0
SC07-04107,22.04,27.35,26.19,213.67,4.27,0
SC07-04108,84.64,34.46,73.7,146.8,6.38,0
SC07-04109,95.62,26.58,27.58,228.52,5.55,0
SC07-04110,37.52,27.96,45.14,325.91,11.99,0
SC07-04111,87.85,7.95,41.41,233.68,9.51,0
SC07-04112,38.77,6.37,55.35,404.57,13.51,0
SC07-04113,6.71,36.14,88.23,43.56,5.22,0
SC07-04114,51.75,32.63,3.36,29.91,6.34,0
SC07-04115,92.45,1.69,84.31,5.55,7.24,0
SC07-04116,33.45,38.83,64.98,418.81,5.39,0
SC07-04117,29.01,6.53,41.19,441.15,0.47,0
SC07-04118,89.94,5.95,24.8,133.5,5.95,0
SC07-04119,50.92,4.79,39.64,322.31,9.32,0
SC07-04120,2.23,18.32,70.08,443.83,1.68,0
SC07-04121,93.3,2.81,18.34,205.16,12.01,0
SC07-04122,91.12,34.97,77.61,307.15,10.8,0
SC07-04123,45.21,35.29,43.09,109.01,10.64,0
SC07-04124,67.63,46.58,4.67,235.36,2.87,0
SC07-04125,41.47,11.33,81.32,348.19,9.71,0
SC07-04126,86.85,25.26,48.16,199.9,10.39,0
SC07-04127,31.49,59.6,32.27,10.95,9.39,1
SC07-04128,30.27,-0.34,82.84,347.23,0.82,0
SC07-04129,64.79,29.27,76.5,382.42,7.63,0
SC07-04130,40.15,40.63,2.97,195.38,2.62,0
SC07-04131,6.12,-5.12,76.3,288.94,13.47,0
SC07-04132,89.63,-8.96,19.17,404.79,8.14,0
SC07-04133,76.67,25.63,61.57,336.45,7.93,0
SC07-04134,53.65,1.18,12.0,76.96,9.83,0
SC07-04135,96.58,43.86,77.26,116.69,1.27,0
SC07-04136,73.75,54.54,53.39,411.18,4.31,0
SC07-04137,26.24,18.37,29.19,15.1,10.05,1
SC07-04138,59.14,38.09,66.49,486.24,1.22,0
SC07-04139,77.11,57.03,30.25,494.78,8.42,0
SC07-04140,1.93,9.76,77.51,305.25,5.86,0
SC07-04141,2.68,16.63,17.96,308.47,11.47,0
SC07-04142,43.92,-9.86,25.85,303.63,2.27,0
SC07-04143,99.93,6.24,91.25,371.25,3.89,0
SC07-04144,78.63,46.82,69.74,391.41,9.71,0
SC07-04145,82.2,-4.73,72.47,55.82,6.6,0
SC07-04146,86.0,-9.61,63.4,476.92,3.8,0
SC07-04147,22.18,-2.03,88.3,263.85,12.09,0
SC07-04148,75.86,54.48,10.3,325.25,3.54,0
SC07-04149,77.24,54.47,65.82,450.63,9.16,0
SC07-04150,9.32,-9.9,93.95,387.36,1.6,0
SC07-04151,5.44,31.94,15.61,315.41,0.6,0
SC07-04152,87.98,4.25,51.32,269.71,7.25,0
SC07-04153,89.83,57.27,6.56,79.67,2.1,0
SC07-04154,16.56,56.21,55.03,325.64,10.79,0
SC07-04155,83.29,48.97,32.62,473.26,9.25,0
SC07-04156,1.92,0.31,50.76,289.73,4.74,0
SC07-04157,56.49,34.91,46.69,137.81,1.05,0
SC07-04158,53.98,19.61,59.23,56.17,8.4,0
SC07-04159,89.43,50.1,17.15,236.12,5.49,0
SC07-04160,1.56,-7.68,13.35,8.37,8.75,1
SC07-04161,45.63,34.49,80.45,497.13,5.9,0
SC07-04162,67.25,51.77,28.06,109.17,11.24,0
SC07-04163,38.15,35.57,64.19,167.0,7.31,0
SC07-04164,82.13,23.92,0.59,89.32,10.3,0
SC07-04165,29.52,36.33,65.77,149.13,9.21,0
SC07-04166,37.39,18.55,1.86,45.01,12.96,0
SC07-04167,95.68,22.1,24.86,91.32,12.73,0
SC07-04168,56.99,18.35,81.64,352.11,3.5,0
SC07-04169,37.67,43.27,0.08,459.15,4.11,0
SC07-04170,37.54,-0.69,76.49,344.85,0.59,0
SC07-04171,35.49,38.89,42.49,250.62,1.11,0
SC07-04172,53.28,20.77,36.72,470.82,9.52,0
SC07-04173,97.09,51.16,82.71,135.99,12.28,0
SC07-04174,51.0,0.28,35.23,358.42,6.32,0
SC07-04175,49.84,26.24,27.64,356.15,5.76,0
SC07-04176,99.91,57.25,23.08,19.22,5.65,0
SC07-04177,46.36,44.28,97.02,203.88,8.19,0
SC07-04178,12.93,30.7,56.69,242.3,12.76,0
SC07-04179,88.75,53.36,13.49,25.25,3.59,0
SC07-04180,60.48,17.09,16.58,205.36,8.68,0
SC07-04181,1.11,19.19,7.27,226.85,13.04,0
SC07-04182,58.34,2.38,89.25,188.48,13.79,0
SC07-04183,90.87,56.36,65.73,77.16,12.81,0
SC07-04184,60.32,56.59,54.82,107.67,10.52,0
SC07-04185,73.48,50.56,39.98,257.38,9.94,0
SC07-04186,45.09,3.11,91.64,216.91,4.22,0
SC07-04187,24.71,26.76,4.89,473.76,11.3,0
SC07-04188,89.52,46.92,9.56,100.07,7.39,0
SC07-04189,18.96,43.51,8.46,495.52,5.63,0
SC07-04190,2.93,52.78,28.96,24.84,13.7,0
SC07-04191,69.84,55.1,14.68,308.47,10.46,0
SC07-04192,6.73,45.47,74.12,330.67,11.94,0
SC07-04193,87.07,41.18,56.4,108.86,1.65,0
SC07-04194,20.41,46.81,49.57,76.15,8.9,0
SC07-04195,54.36,-0.73,59.14,270.07,9.02,0
SC07-04196,83.28,16.86,15.98,392.95,13.16,0
SC07-04197,13.54,53.6,32.95,484.81,9.09,0
SC07-04198,5.56,2.79,33.68,116.06,7.98,0
SC07-04199,48.45,19.86,60.86,400.2,8.71,0
SC07-04200,26.1,53.4,40.07,457.69,7.96,0
SC07-04201,97.68,44.38,92.12,489.5,0.48,0
SC07-04202,98.77,15.9,53.39,439.67,1.19,0
SC07-04203,65.89,7.22,93.52,224.28,5.72,0
SC07-04204,10.05,26.83,57.19,489.09,2.14,0
SC07-04205,76.45,54.07,64.2,385.62,11.89,0
SC07-04206,0.67,7.35,93.94,245.38,1.69,0
SC07-04207,16.34,5.79,7.25,97.09,9.25,0
SC07-04208,31.57,18.33,1.27,248.1,6.94,0
SC07-04209,64.24,-4.87,99.06,174.81,3.16,0
SC07-04210,8.62,30.29,66.32,483.0,2.05,0
SC07-04211,33.35,33.54,83.58,298.81,0.99,0
SC07-04212,19.83,23.9,21.0,20.16,4.18,0
SC07-04213,18.38,10.57,99.63,137.53,6.28,0
SC07-04214,55.0,-9.99,27.09,215.63,6.22,0
SC07-04215,95.88,19.12,12.87,112.75,13.81,0
SC07-04216,92.3,51.94,69.18,235.22,4.5,0
SC07-04217,77.74,32.58,78.64,314.94,13.68,0
SC07-04218,68.81,49.73,97.5,44.91,9.73,0
SC07-04219,96.1,1.65,53.82,173.56,3.75,0
SC07-04220,38.35,58.01,3.7,406.97,7.82,0
SC07-04221,35.4,-9.9,34.63,370.99,10.2,0
SC07-04222,80.78,12.47,83.52,130.29,10.06,0
SC07-04223,61.92,36.84,24.89,333.2,12.91,0
SC07-04224,4.69,24.43,47.28,25.29,0.16,0
SC07-04225,24.58,48.02,1.26,155.74,12.5,0
SC07-04226,11.72,9.34,1.84,380.57,8.46,0
SC07-04227,78.85,28.22,17.82,402.14,0.34,0
SC07-04228,20.9,16.78,76.89,383.59,10.34,0
SC07-04229,3.99,25.96,91.53,271.99,5.59,0
SC07-04230,94.85,33.98,69.34,10.52,6.23,0
SC07-04231,54.05,0.61,32.17,304.04,4.73,0
SC07-04232,97.08,16.75,69.2,354.65,2.89,0
SC07-04233,20.37,6.57,72.08,66.08,0.78,0
SC07-04234,18.99,58.98,30.0,425.0,7.04,0
SC07-04235,50.72,-6.26,76.86,216.0,0.6,0
SC07-04236,71.98,32.36,48.3,484.41,8.35,0
SC07-04237,4.1,37.56,11.75,349.65,1.3,0
SC07-04238,83.91,47.56,62.92,489.54,12.12,0
SC07-04239,7.89,3.98,85.62,72.63,5.46,0
SC07-04240,10.03,13.47,27.57,169.25,0.66,0
SC07-04241,16.3,17.95,18.65,59.65,8.32,0
SC07-04242,40.33,10.67,45.48,341.87,13.83,0
SC07-04243,14.67,11.95,60.06,235.19,0.1,0
SC07-04244,47.74,9.08,71.12,148.13,10.17,0
SC07-04245,95.86,-6.03,53.18,445.86,10.82,0
SC07-04246,91.85,52.68,7.99,375.36,4.05,0
SC07-04247,74.59,47.6,57.23,364.6,8.07,0
SC07-04248,42.12,45.49,80.39,498.9,1.85,0
SC07-04249,40.74,7.37,70.31,288.11,12.92,0
SC07-04250,36.33,58.34,13.79,192.18,10.36,0
SC07-04251,30.12,-0.92,48.62,277.76,6.28,0
SC07-04252,21.61,17.18,40.13,165.32,11.38,0
SC07-04253,39.34,-7.09,39.58,216.99,0.12,0
SC07-04254,4.4,41.17,88.71,43.87,8.87,0
SC07-04255,26.6,-9.44,54.5,60.34,12.03,0
SC07-04256,58.66,31.47,98.84,29.35,10.37,0
SC07-04257,63.91,0.02,13.53,304.16,4.75,0
SC07-04258,68.86,43.72,46.01,185.51,6.54,0
SC07-04259,59.75,6.19,11.21,324.63,2.61,0
SC07-04260,39.24,-6.53,71.66,215.19,1.86,0
SC07-04261,96.7,14.42,81.47,246.5,4.13,0
SC07-04262,32.17,46.79,98.15,295.27,1.92,0
SC07-04263,31.9,42.3,96.26,140.76,3.99,0
SC07-04264,32.94,25.97,12.44,8.14,7.85,1
SC07-04265,71.84,31.67,34.79,175.2,2.96,0
SC07-04266,88.63,49.17,76.21,199.07,5.69,0
SC07-04267,86.7,31.8,68.58,74.7,6.91,0
SC07-04268,49.5,12.04,40.74,6.04,13.57,0
SC07-04269,40.84,46.76,84.04,154.8,5.92,0
SC07-04270,44.76,10.74,86.37,77.13,5.9,0
SC07-04271,92.15,-8.88,19.67,399.89,0.88,0
SC07-04272,50.4,-8.1,37.45,99.52,0.06,0
SC07-04273,44.12,37.56,63.48,45.08,6.96,0
SC07-04274,9.39,19.63,34.69,220.02,0.87,0
SC07-04275,12.89,7.9,7.51,122.65,4.57,0
SC07-04276,44.23,8.57,70.97,484.31,10.25,0
SC07-04277,36.54,-3.2,81.17,347.2,13.83,0
SC07-04278,46.75,-6.19,72.27,61.55,13.07,0
SC07-04279,8.0,35.01,52.47,287.79,5.57,0
SC07-04280,96.44,55.57,84.76,202.31,3.01,0
SC07-04281,33.01,51.96,55.37,97.4,4.51,0
SC07-04282,60.73,8.47,67.06,230.0,7.66,0
SC07-04283,0.69,38.07,4.92,92.87,3.4,0
SC07-04284,74.61,23.48,47.4,365.52,7.59,0
SC07-04285,24.44,-9.58,64.24,281.83,2.3,0
SC07-04286,60.35,20.27,24.19,94.83,11.44,0
SC07-04287,69.02,32.26,47.91,393.07,1.87,0
SC07-04288,56.55,50.24,28.91,19.96,12.16,0
SC07-04289,92.16,12.55,76.31,407.74,13.09,0
SC07-04290,89.58,22.21,61.73,296.87,2.62,0
SC07-04291,16.53,23.14,23.68,466.53,2.23,0
SC07-04292,72.09,50.72,65.17,23.37,3.34,0
SC07-04293,18.24,30.27,25.14,495.79,0.91,0
SC07-04294,61.68,5.96,79.84,258.13,4.11,0
SC07-04295,21.24,10.78,65.98,302.32,7.35,0
SC07-04296,88.95,-9.36,67.27,165.7,4.5,0
SC07-04297,8.41,48.99,69.0,63.42,5.45,0
SC07-04298,91.48,20.98,43.64,344.86,8.71,0
SC07-04299,20.17,57.16,12.43,1.89,11.65,1
SC07-04300,78.86,58.93,21.34,77.36,10.83,0
SC07-04301,43.25,33.78,77.91,456.81,6.9,0
SC07-04302,46.74,5.28,93.92,207.08,10.16,0
SC07-04303,69.98,-7.64,39.84,464.29,10.22,0
SC07-04304,2.83,46.19,0.34,279.26,0.73,0
SC07-04305,37.85,-7.58,61.44,84.73,7.05,0
SC07-04306,30.42,34.11,8.48,412.05,8.96,0
SC07-04307,79.11,10.83,5.36,448.9,3.78,0
SC07-04308,67.54,50.8,47.32,379.31,7.09,0
SC07-04309,42.8,19.42,37.13,463.0,11.79,0
SC07-04310,42.97,1.19,84.28,122.56,5.67,0
SC07-04311,80.49,36.37,35.68,423.47,11.33,0
SC07-04312,40.35,56.86,26.24,205.81,0.99,0
SC07-04313,57.37,8.71,59.5,322.84,2.92,0
SC07-04314,52.27,5.23,58.71,385.04,9.51,0
SC07-04315,74.86,48.7,70.81,421.06,8.37,0
SC07-04316,7.74,31.91,70.61,213.62,8.25,0
SC07-04317,62.02,12.05,31.36,433.39,8.36,0
SC07-04318,80.04,4.53,82.35,387.54,6.11,0
SC07-04319,21.65,-0.77,22.24,295.24,12.5,0
SC07-04320,10.14,-2.94,71.86,292.86,13.08,0
SC07-04321,53.37,35.56,66.05,455.11,4.61,0
SC07-04322,28.83,55.29,22.8,8.14,9.8,1
SC07-04323,18.25,21.53,74.13,493.86,12.26,0
SC07-04324,13.75,3.52,59.16,265.53,12.82,0
SC07-04325,93.9,11.01,82.67,464.57,2.26,0
SC07-04326,39.77,22.28,50.4,245.85,11.86,0
SC07-04327,77.44,26.84,90.9,64.38,6.3,0
SC07-04328,64.3,35.43,5.78,328.63,13.62,0
SC07-04329,29.01,17.16,4.95,348.76,13.82,0
SC07-04330,19.99,40.63,57.55,185.04,4.28,0
SC07-04331,74.76,30.25,53.65,434.92,3.79,0
SC07-04332,2.45,37.56,51.53,343.35,8.73,0
SC07-04333,56.74,45.77,19.28,339.14,3.38,0
SC07-04334,0.37,33.46,91.83,77.08,5.53,0
SC07-04335,11.93,48.76,5.94,440.03,5.84,0
SC07-04336,38.42,-0.73,9.9,161.33,12.61,0
SC07-04337,73.25,37.91,40.64,138.89,6.99,0
SC07-04338,92.68,56.29,32.25,375.8,5.02,0
SC07-04339,49.35,-3.01,96.61,127.38,6.03,0
SC07-04340,0.57,-6.34,52.38,168.79,11.02,0
SC07-04341,41.49,27.17,13.28,341.65,5.0,0
SC07-04342,41.47,14.7,32.51,76.95,12.48,0
SC07-04343,86.16,8.2,76.98,294.36,6.61,0
SC07-04344,29.61,0.06,84.8,100.86,7.41,0
SC07-04345,91.21,59.87,1.7,387.77,11.71,0
SC07-04346,82.06,50.71,73.02,226.32,13.42,0
SC07-04347,40.82,-6.81,62.22,404.95,3.75,0
SC07-04348,91.63,25.89,41.12,86.68,11.16,0
SC07-04349,33.28,-6.6,61.15,267.34,0.43,0
SC07-04350,60.87,51.09,74.67,106.3,9.35,0
SC07-04351,1.21,43.91,63.8,411.84,6.66,0
SC07-04352,48.48,49.12,82.13,287.93,6.82,0
SC07-04353,84.07,13.56,15.29,134.36,2.94,0
SC07-04354,38.92,8.92,1.32,158.89,0.59,0
SC07-04355,20.46,42.75,37.76,345.65,4.19,0
SC07-04356,50.94,58.86,57.3,249.13,8.95,0
SC07-04357,22.28,7.59,1.88,168.39,11.6,0
SC07-04358,76.13,-6.84,65.79,216.1,2.36,0
SC07-04359,61.7,8.92,65.07,404.37,0.62,0
SC07-04360,23.33,-3.7,91.13,300.23,10.68,0
SC07-04361,33.21,9.63,84.15,8.78,2.68,1
SC07-04362,31.22,-7.14,9.64,372.05,9.31,0
SC07-04363,47.12,27.28,46.03,304.83,13.38,0
SC07-04364,11.37,11.61,51.35,212.68,3.74,0
SC07-04365,90.91,26.59,15.9,1.85,7.31,0
SC07-04366,72.39,48.74,32.0,320.69,12.23,0
SC07-04367,69.63,46.42,27.65,285.28,2.23,0
SC07-04368,64.67,5.38,97.11,214.68,10.32,0
SC07-04369,36.06,28.4,71.64,378.37,2.32,0
SC07-04370,42.0,23.64,92.81,104.89,11.89,0
SC07-04371,44.35,38.99,38.39,90.9,8.26,0
SC07-04372,65.72,34.96,68.14,185.77,13.74,0
SC07-04373,52.96,52.55,76.44,234.37,7.01,0
SC07-04374,29.49,0.27,38.15,180.91,4.76,0
SC07-04375,31.24,33.6,59.37,11.7,5.89,1
SC07-04376,15.28,-0.65,72.49,110.03,6.63,0
SC07-04377,45.03,25.18,57.93,490.35,12.37,0
SC07-04378,22.8,37.55,57.32,17.96,11.38,1
SC07-04379,76.29,19.99,82.39,436.46,10.0,0
SC07-04380,62.77,21.36,67.11,276.09,11.34,0
SC07-04381,98.44,30.66,70.33,35.3,11.07,0
SC07-04382,42.07,11.98,20.25,262.42,13.84,0
SC07-04383,87.85,28.13,62.43,19.9,6.33,0
SC07-04384,21.01,25.99,35.27,32.4,6.92,0
SC07-04385,5.81,30.67,36.96,493.78,10.67,0
SC07-04386,62.72,1.74,82.68,105.05,3.69,0
SC07-04387,51.17,18.77,52.51,430.62,13.43,0
SC07-04388,68.52,17.9,15.09,296.84,9.54,0
SC07-04389,18.04,55.5,78.64,301.31,8.85,0
SC07-04390,33.37,-3.82,87.85,273.41,2.17,0
SC07-04391,56.71,45.24,52.3,193.48,9.18,0
SC07-04392,76.24,25.75,13.38,404.21,9.08,0
SC07-04393,48.85,54.08,38.8,380.21,13.52,0
SC07-04394,3.66,-1.71,45.47,65.98,6.73,0
SC07-04395,14.67,28.84,38.76,303.35,3.23,0
SC07-04396,27.49,39.45,66.28,424.77,9.26,0
SC07-04397,60.75,21.79,4.62,356.92,0.62,0
SC07-04398,49.08,22.22,61.42,431.13,10.96,0
SC07-04399,86.5,59.76,19.1,177.16,6.25,0
SC07-04400,80.04,20.96,73.97,382.97,11.76,0
SC07-04401,65.82,51.59,10.02,164.63,8.85,0
SC07-04402,68.13,43.73,44.0,452.53,5.0,0
SC07-04403,64.37,26.74,61.79,337.75,10.35,0
SC07-04404,51.66,39.76,28.02,22.36,5.15,0
SC07-04405,50.91,4.65,97.19,155.68,4.32,0
SC07-04406,48.34,-6.4,91.97,51.2,2.13,0
SC07-04407,22.68,35.37,32.27,24.61,5.61,0
SC07-04408,99.05,-2.03,62.78,196.77,13.08,0
SC07-04409,53.38,-4.77,3.75,319.44,12.3,0
SC07-04410,45.03,21.25,5.34,441.24,3.25,0
SC07-04411,97.35,46.3,62.76,178.58,7.17,0
SC07-04412,26.34,58.34,57.45,146.72,12.81,0
SC07-04413,98.97,47.36,42.33,428.11,13.35,0
SC07-04414,81.44,-5.35,21.79,67.36,4.47,0
SC07-04415,21.86,24.9,66.19,434.3,4.97,0
SC07-04416,94.49,15.62,70.64,80.08,12.74,0
SC07-04417,66.94,36.38,23.35,254.52,13.46,0
SC07-04418,77.4,4.59,3.77,282.47,1.24,0
SC07-04419,55.92,54.52,66.19,321.27,13.94,0
SC07-04420,22.68,2.25,9.05,427.27,10.31,0
SC07-04421,6.9,14.29,73.89,268.77,8.16,0
SC07-04422,79.71,-8.32,46.66,103.65,4.08,0
SC07-04423,38.43,22.97,25.46,88.34,1.71,0
SC07-04424,74.3,30.06,54.48,325.15,12.9,0
SC07-04425,48.71,41.85,92.33,304.88,5.95,0
SC07-04426,44.2,13.57,94.83,448.78,1.08,0
SC07-04427,66.44,18.31,55.18,322.77,13.2,0
SC07-04428,89.12,-3.08,78.77,149.93,3.83,0
SC07-04429,47.95,38.93,5.86,295.4,11.44,0
SC07-04430,20.34,24.08,44.97,12.92,13.95,1
SC07-04431,59.15,40.33,12.54,202.53,9.3,0
SC07-04432,99.69,57.98,77.07,14.34,2.12,0
SC07-04433,96.17,34.41,96.92,374.55,8.05,0
SC07-04434,64.58,16.91,81.92,58.29,12.47,0
SC07-04435,41.56,21.67,12.31,373.13,13.86,0
SC07-04436,41.39,56.68,0.15,498.69,10.45,0
SC07-04437,91.53,9.45,81.13,460.86,1.88,0
SC07-04438,84.9,-1.04,68.0,489.42,3.76,0
SC07-04439,58.84,-7.23,89.96,104.38,6.13,0
SC07-04440,42.34,5.45,42.1,179.04,10.37,0
SC07-04441,9.38,50.5,61.43,163.7,8.9,0
SC07-04442,27.61,18.25,27.43,13.45,2.3,1
SC07-04443,24.53,50.08,6.27,152.02,5.54,0
SC07-04444,36.05,51.72,14.01,404.5,11.39,0
SC07-04445,11.0,16.86,48.96,64.12,3.05,0
SC07-04446,56.76,44.76,35.67,452.3,5.34,0
SC07-04447,61.23,13.44,58.26,78.98,2.56,0
SC07-04448,68.53,16.29,88.08,405.95,4.18,0
SC07-04449,4.5,5.14,85.83,396.41,11.4,0
SC07-04450,32.34,58.1,74.3,167.26,0.89,0
SC07-04451,72.2,4.58,93.68,484.27,10.91,0
SC07-04452,92.54,7.91,54.93,240.56,2.53,0
SC07-04453,91.06,6.01,0.08,234.41,3.38,0
SC07-04454,23.34,7.69,36.12,188.99,10.35,0
SC07-04455,8.37,38.06,29.24,414.73,2.08,0
SC07-04456,9.28,8.25,78.17,228.99,7.24,0
SC07-04457,58.96,12.18,6.35,437.42,0.11,0
SC07-04458,1.4,12.56,24.39,247.77,6.1,0
SC07-04459,9.48,3.6,69.84,402.2,7.03,0
SC07-04460,5.98,40.62,53.59,482.51,1.2,0
SC07-04461,20.61,-4.1,9.21,32.46,3.2,0
SC07-04462,48.14,18.88,63.13,472.64,0.21,0
SC07-04463,79.84,-4.57,45.61,22.67,9.4,0
SC07-04464,63.09,12.41,30.12,165.33,6.36,0
SC07-04465,5.29,34.96,65.17,1.15,12.09,1
SC07-04466,82.2,35.96,24.44,404.32,1.01,0
SC07-04467,94.21,2.54,74.3,6.12,0.47,0
SC07-04468,18.47,-6.2,95.89,215.87,4.69,0
SC07-04469,64.7,55.97,91.0,9.43,4.57,0
SC07-04470,83.09,1.77,74.09,47.92,11.04,0
SC07-04471,2.73,18.62,3.67,157.52,3.59,0
SC07-04472,73.85,29.65,1.91,491.55,5.63,0
SC07-04473,89.28,4.41,74.02,70.32,1.9,0
SC07-04474,13.66,-7.38,99.12,116.05,13.68,0
SC07-04475,13.05,36.54,4.72,188.89,9.17,0
SC07-04476,9.56,36.43,61.39,23.18,1.06,0
SC07-04477,75.82,7.92,30.67,111.81,1.41,0
SC07-04478,22.78,2.2,18.15,189.42,13.62,0
SC07-04479,79.66,1.08,73.29,127.08,11.65,0
SC07-04480,41.17,9.83,12.62,152.14,7.01,0
SC07-04481,29.84,46.29,60.94,214.1,0.07,0
SC07-04482,26.37,25.84,42.94,133.81,10.44,0
SC07-04483,72.97,30.83,35.66,218.63,6.35,0
SC07-04484,67.0,33.76,86.7,121.25,9.27,0
SC07-04485,55.01,33.76,17.73,235.95,3.25,0
SC07-04486,40.48,44.21,33.46,88.78,5.37,0
SC07-04487,95.98,15.96,33.25,423.53,3.75,0
SC07-04488,76.4,17.31,15.77,393.77,12.21,0
SC07-04489,51.09,33.37,41.66,150.07,3.73,0
SC07-04490,78.28,15.86,24.92,424.5,9.77,0
SC07-04491,15.93,51.47,77.75,474.49,12.93,0
SC07-04492,39.38,40.38,66.69,169.03,7.86,0
SC07-04493,69.87,38.98,40.77,380.94,12.33,0
SC07-04494,57.66,52.18,74.79,77.05,2.84,0
SC07-04495,91.08,42.85,38.83,461.89,2.11,0
SC07-04496,10.33,23.24,15.67,228.83,9.03,0
SC07-04497,93.4,56.56,74.49,273.53,3.14,0
SC07-04498,27.15,55.81,28.66,274.26,7.0,0
SC07-04499,42.92,36.81,2.61,392.4,5.51,0
SC07-04500,53.84,10.72,47.04,319.46,8.62,0
SC07-04501,75.21,43.12,78.73,38.58,1.35,0
SC07-04502,86.04,37.17,50.01,50.75,12.56,0
SC07-04503,51.53,3.77,46.19,14.61,0.32,0
SC07-04504,80.64,23.18,37.95,235.77,2.32,0
SC07-04505,83.01,-9.72,9.54,268.15,5.93,0
SC07-04506,48.2,28.77,71.16,277.97,1.96,0
SC07-04507,73.19,30.17,11.78,489.61,13.71,0
SC07-04508,39.82,3.75,76.82,391.5,6.19,0
SC07-04509,18.39,34.97,83.83,374.33,13.88,0
SC07-04510,63.28,17.2,70.25,172.24,5.68,0
SC07-04511,91.72,3.39,10.89,69.35,13.03,0
SC07-04512,86.06,31.2,89.93,5.67,5.54,0
SC07-04513,57.27,25.39,66.49,496.74,1.54,0
SC07-04514,64.2,39.18,38.33,146.07,6.44,0
SC07-04515,62.04,21.6,67.22,205.85,12.45,0
SC07-04516,22.42,13.0,60.01,16.43,13.38,1
SC07-04517,10.74,14.49,77.34,13.77,5.62,1
SC07-04518,71.84,29.74,27.21,292.55,10.66,0
SC07-04519,8.13,5.85,27.22,135.95,6.67,0
SC07-04520,66.59,48.33,65.68,102.56,9.6,0
SC07-04521,53.35,-2.97,4.56,281.68,11.16,0
SC07-04522,26.53,40.99,95.5,432.49,6.91,0
SC07-04523,21.65,-4.83,25.1,272.2,1.45,0
SC07-04524,1.04,9.8,65.45,295.16,9.21,0
SC07-04525,77.17,-6.67,31.16,449.48,2.26,0
SC07-04526,91.19,0.54,56.18,440.85,11.95,0
SC07-04527,92.58,18.29,54.43,16.49,13.51,0
SC07-04528,87.62,32.16,24.64,72.19,13.37,0
SC07-04529,76.97,8.05,89.53,467.27,4.23,0
SC07-04530,26.11,0.92,5.99,159.63,1.05,0
SC07-04531,6.14,23.46,98.44,48.08,11.72,0
SC07-04532,92.81,-3.02,92.08,191.08,1.12,0
SC07-04533,78.72,-3.08,70.19,43.21,6.94,0
SC07-04534,20.33,-0.53,70.54,291.48,4.33,0
SC07-04535,84.76,-8.86,13.54,453.11,9.37,0
SC07-04536,0.43,57.95,52.08,401.5,1.24,0
SC07-04537,9.2,-0.72,53.36,425.54,4.19,0
SC07-04538,13.67,23.92,69.72,386.3,8.51,0
SC07-04539,96.98,23.35,51.01,245.43,4.12,0
SC07-04540,42.87,32.36,23.88,394.31,1.12,0
SC07-04541,91.8,24.95,61.47,55.6,13.8,0
SC07-04542,12.21,30.43,28.63,124.75,2.12,0
SC07-04543,34.84,51.39,7.61,118.73,12.88,0
SC07-04544,21.78,-6.4,59.68,216.67,9.27,0
SC07-04545,38.85,18.46,25.33,172.2,2.34,0
SC07-04546,32.32,43.04,49.68,155.94,1.05,0
SC07-04547,13.89,15.43,48.66,404.36,13.08,0
SC07-04548,46.65,28.0,70.48,137.96,7.36,0
SC07-04549,90.98,19.81,60.45,253.34,13.75,0
SC07-04550,59.79,58.68,3.06,52.98,13.87,0
SC07-04551,70.08,13.85,45.14,469.54,12.84,0
SC07-04552,20.82,15.48,50.49,443.26,11.92,0
SC07-04553,18.42,34.67,8.64,78.03,5.66,0
SC07-04554,76.04,15.31,36.7,129.5,12.24,0
SC07-04555,47.64,36.43,8.3,429.51,9.15,0
SC07-04556,27.45,48.72,0.51,409.21,7.13,0
SC07-04557,95.57,19.47,18.0,20.26,9.81,0
SC07-04558,44.51,46.56,87.69,1.72,8.93,0
SC07-04559,81.27,18.64,59.95,336.16,13.84,0
SC07-04560,80.42,-2.98,13.56,70.36,6.6,0
SC07-04561,16.85,25.11,11.13,175.59,11.1,0
SC07-04562,16.13,6.06,55.22,90.49,7.78,0
SC07-04563,28.39,27.52,47.1,433.16,7.36,0
SC07-04564,35.79,32.42,59.55,15.97,3.82,0
SC07-04565,3.9,42.59,26.8,302.67,1.62,0
SC07-04566,37.3,44.72,70.45,468.01,4.86,0
SC07-04567,2.97,49.71,77.43,97.12,13.54,0
SC07-04568,94.37,54.94,16.47,321.56,8.29,0
SC07-04569,92.35,-9.46,92.95,144.63,8.95,0
SC07-04570,93.6,15.16,48.94,490.27,8.38,0
SC07-04571,46.44,6.82,12.76,270.22,11.92,0
SC07-04572,2.37,11.01,62.21,455.02,9.97,0
SC07-04573,32.94,11.09,61.33,435.79,1.77,0
SC07-04574,76.21,43.27,9.56,327.89,4.03,0
SC07-04575,55.57,45.99,28.78,441.89,1.8,0
SC07-04576,3.64,-4.05,50.99,277.73,8.54,0
SC07-04577,2.26,5.54,34.44,490.67,7.83,0
SC07-04578,71.04,-8.25,99.54,232.33,8.19,0
SC07-04579,11.54,0.21,22.19,330.33,10.16,0
SC07-04580,71.87,7.54,91.77,119.78,10.09,0
SC07-04581,59.63,-9.04,81.43,276.27,13.41,0
SC07-04582,91.5,44.9,59.24,153.03,10.75,0
SC07-04583,54.47,9.48,57.59,368.29,11.68,0
SC07-04584,60.27,20.09,63.76,344.74,5.03,0
SC07-04585,15.32,32.54,54.32,7.39,0.93,1
SC07-04586,4.85,13.21,45.97,116.76,10.59,0
SC07-04587,37.13,52.56,8.3,159.17,6.22,0
SC07-04588,9.32,5.59,66.39,34.56,8.23,0
SC07-04589,55.18,-0.2,22.0,10.25,3.92,0
SC07-04590,47.89,17.89,61.38,320.07,11.88,0
SC07-04591,29.58,11.09,77.39,249.45,12.73,0
SC07-04592,32.31,51.35,0.92,140.99,2.58,0
SC07-04593,74.39,53.07,17.41,150.74,0.07,0
SC07-04594,3.19,-4.4,70.94,153.91,10.08,0
SC07-04595,34.2,55.96,39.83,54.01,7.48,0
SC07-04596,31.53,9.73,95.67,464.08,5.38,0
SC07-04597,83.41,29.42,37.88,81.08,2.3,0
SC07-04598,45.22,6.74,76.29,110.81,2.02,0
SC07-04599,79.48,37.3,29.11,90.64,3.11,0
SC07-04600,8.26,34.8,92.16,69.65,5.42,0
SC07-04601,4.61,-8.58,82.81,302.55,5.49,0
SC07-04602,90.48,38.31,60.01,221.31,1.39,0
SC07-04603,29.55,0.99,13.88,65.51,4.23,0
SC07-04604,40.73,27.91,76.91,452.59,5.03,0
SC07-04605,24.07,2.33,40.61,302.06,6.65,0
SC07-04606,99.05,-9.65,22.13,63.1,4.97,0
SC07-04607,3.3,5.08,83.9,293.18,7.0,0
SC07-04608,30.21,44.62,82.13,3.79,2.12,1
SC07-04609,41.8,37.0,4.87,288.23,9.0,0
SC07-04610,21.16,33.33,48.94,243.61,8.45,0
SC07-04611,0.21,35.23,18.38,290.88,4.78,0
SC07-04612,9.95,0.24,84.17,188.29,10.05,0
SC07-04613,28.08,24.46,51.41,184.23,13.58,0
SC07-04614,30.91,40.9,57.94,310.82,12.58,0
SC07-04615,22.69,10.0,77.96,363.48,13.68,0
SC07-04616,13.67,6.4,96.24,325.44,6.56,0
SC07-04617,91.6,27.41,7.55,165.75,4.05,0
SC07-04618,73.39,48.65,44.39,391.19,1.66,0
SC07-04619,29.57,42.99,19.58,307.14,12.77,0
SC07-04620,92.0,36.91,97.4,213.95,5.89,0
SC07-04621,42.8,-5.91,17.68,235.47,12.55,0
SC07-04622,41.81,-1.25,78.38,80.06,1.21,0
SC07-04623,70.03,12.48,54.74,203.39,1.04,0
SC07-04624,72.14,-5.81,13.2,34.62,1.59,0
SC07-04625,47.85,28.3,92.74,12.02,8.81,0
SC07-04626,47.78,19.93,33.53,67.74,2.78,0
SC07-04627,48.63,27.74,58.58,35.81,1.93,0
SC07-04628,81.87,26.18,28.45,256.31,5.8,0
SC07-04629,91.16,-4.13,28.61,76.11,4.36,0
SC07-04630,2.16,-7.98,74.65,226.78,4.71,0
SC07-04631,90.83,29.89,53.79,453.93,2.08,0
SC07-04632,24.33,38.81,20.72,129.83,4.82,0
SC07-04633,65.87,25.15,38.01,306.3,1.78,0
SC07-04634,47.87,57.51,71.36,51.64,9.23,0
SC07-04635,20.17,37.81,41.27,285.06,12.35,0
SC07-04636,34.08,4.72,52.38,20.62,1.38,0
SC07-04637,27.48,50.96,81.45,401.91,2.29,0
SC07-04638,42.8,10.5,43.11,432.9,12.28,0
SC07-04639,87.15,15.82,80.55,243.93,13.91,0
SC07-04640,31.59,14.18,96.22,454.79,6.85,0
SC07-04641,83.44,37.08,31.4,375.69,8.59,0
SC07-04642,97.74,8.21,44.13,146.75,5.96,0
SC07-04643,16.47,46.99,57.78,354.08,11.63,0
SC07-04644,2.17,18.48,13.81,2.91,5.79,1
SC07-04645,12.96,29.72,32.7,266.92,4.67,0
SC07-04646,10.99,47.29,5.42,210.85,1.77,0
SC07-04647,44.73,19.25,49.22,298.64,3.24,0
SC07-04648,31.96,-8.48,44.08,388.81,3.6,0
SC07-04649,87.73,50.65,7.29,287.76,4.22,0
SC07-04650,86.87,35.97,90.1,93.02,11.02,0
SC07-04651,29.27,24.54,55.01,428.52,13.09,0
SC07-04652,69.92,41.09,0.63,455.35,13.61,0
SC07-04653,72.3,22.45,87.72,186.79,12.1,0
SC07-04654,29.13,35.88,45.9,101.81,9.1,0
SC07-04655,52.97,-3.45,45.28,340.32,13.26,0
SC07-04656,98.5,0.08,24.3,222.35,10.24,0
SC07-04657,15.61,-6.07,56.74,351.58,4.43,0
SC07-04658,71.78,17.63,40.02,364.92,0.16,0
SC07-04659,19.71,34.11,67.09,424.35,10.97,0
SC07-04660,80.8,19.84,0.43,33.68,1.94,0
SC07-04661,79.38,0.61,82.17,420.51,12.48,0
SC07-04662,72.0,26.26,50.34,134.21,5.43,0
SC07-04663,25.31,57.53,54.31,102.3,10.54,0
SC07-04664,42.29,21.6,57.63,11.47,11.06,0
SC07-04665,16.64,58.41,54.03,202.74,10.13,0
SC07-04666,63.81,38.81,38.12,425.91,8.96,0
SC07-04667,25.32,54.21,89.07,438.35,8.39,0
SC07-04668,2.4,58.98,91.72,139.97,10.01,0
SC07-04669,5.2,50.7,14.56,310.82,10.69,0
SC07-04670,9.36,29.47,21.51,24.96,9.14,0
SC07-04671,89.0,-9.94,10.83,165.9,5.48,0
SC07-04672,47.52,45.1,53.06,345.46,9.92,0
SC07-04673,6.0,51.44,21.67,261.96,7.13,0
SC07-04674,63.89,40.98,3.57,127.64,0.95,0
SC07-04675,28.18,9.04,6.39,202.83,12.51,0
SC07-04676,33.99,38.1,83.36,95.47,8.88,0
SC07-04677,10.3,26.05,21.72,155.15,4.48,0
SC07-04678,50.57,3.8,62.45,6.01,12.91,0
SC07-04679,51.63,12.24,28.18,54.99,11.77,0
SC07-04680,45.08,8.36,9.12,463.57,0.52,0
SC07-04681,88.86,45.32,65.71,202.4,8.49,0
SC07-04682,69.39,35.21,20.42,350.86,6.1,0
SC07-04683,10.67,26.12,38.93,490.48,7.24,0
SC07-04684,42.24,-4.04,57.13,413.3,5.4,0
SC07-04685,35.62,41.51,52.13,332.0,2.24,0
SC07-04686,6.57,50.88,71.94,432.42,4.66,0
SC07-04687,97.9,4.52,18.96,178.27,7.55,0
SC07-04688,58.81,19.54,43.97,74.98,5.17,0
SC07-04689,36.47,6.76,24.75,328.07,10.79,0
SC07-04690,50.92,9.76,38.79,329.73,1.32,0
SC07-04691,90.54,39.03,33.52,21.66,9.54,0
SC07-04692,53.94,8.74,42.53,274.03,8.47,0
SC07-04693,20.8,47.04,77.64,3.23,11.04,1
SC07-04694,34.1,1.03,82.57,89.38,10.56,0
SC07-04695,43.0,29.21,64.73,127.52,0.97,0
SC07-04696,37.1,41.71,6.12,159.97,12.25,0
SC07-04697,37.06,10.99,10.65,119.28,11.25,0
SC07-04698,46.71,3.33,91.53,267.59,7.9,0
SC07-04699,47.19,52.02,84.24,319.45,10.72,0
SC07-04700,22.38,50.55,84.46,475.07,11.11,0
SC07-04701,46.91,54.39,95.01,57.98,12.3,0
SC07-04702,50.13,-0.19,12.83,366.24,9.13,0
SC07-04703,92.15,3.89,78.02,30.74,6.2,0
SC07-04704,8.29,-4.88,82.73,358.16,3.9,0
SC07-04705,19.35,37.26,48.89,444.22,13.5,0
SC07-04706,34.88,36.11,84.88,345.87,6.26,0
SC07-04707,46.97,43.02,83.42,391.85,12.65,0
SC07-04708,93.47,37.45,58.26,237.37,5.27,0
SC07-04709,70.98,20.42,77.19,201.32,6.37,0
SC07-04710,29.6,32.51,72.34,188.81,11.97,0
SC07-04711,19.48,44.53,1.61,307.5,5.13,0
SC07-04712,16.15,47.69,28.15,69.2,9.44,0
SC07-04713,68.22,15.52,78.03,312.07,13.4,0
SC07-04714,18.23,48.65,57.95,380.12,3.41,0
SC07-04715,62.38,-9.07,2.13,346.64,6.7,0
SC07-04716,24.32,-6.5,11.4,246.42,8.97,0
SC07-04717,11.43,53.55,32.88,372.61,1.35,0
SC07-04718,6.92,39.62,90.95,209.53,0.43,0
SC07-04719,3.27,18.09,56.05,358.88,9.37,0
SC07-04720,84.47,53.68,59.79,431.76,12.86,0
SC07-04721,20.33,12.31,50.76,356.87,5.01,0
SC07-04722,89.44,32.01,10.78,285.23,6.61,0
SC07-04723,9.13,7.65,24.25,448.12,7.08,0
SC07-04724,41.32,34.35,85.31,339.39,3.36,0
SC07-04725,15.58,51.36,9.16,497.46,6.93,0
SC07-04726,13.87,36.02,42.33,73.13,7.26,0
SC07-04727,31.04,27.71,26.39,444.49,12.62,0
SC07-04728,98.85,24.86,12.85,1.31,11.35,0
SC07-04729,68.92,41.42,65.78,10.4,5.48,0
SC07-04730,4.96,11.29,74.63,394.96,4.47,0
SC07-04731,58.92,29.16,33.79,104.24,2.01,0
SC07-04732,87.74,18.05,65.17,364.82,12.31,0
SC07-04733,69.61,3.87,23.45,449.3,11.83,0
SC07-04734,90.96,16.7,71.28,416.3,2.81,0
SC07-04735,1.29,53.5,5.69,18.86,0.73,1
SC07-04736,82.08,31.21,6.6,221.68,1.6,0
SC07-04737,0.36,55.84,85.36,265.85,0.63,0
SC07-04738,52.67,58.77,23.06,349.51,3.9,0
SC07-04739,33.51,51.65,60.01,89.86,9.56,0
SC07-04740,62.16,6.11,92.35,353.14,8.87,0
SC07-04741,41.72,-3.8,77.03,196.95,7.47,0
SC07-04742,64.27,25.83,81.08,70.17,1.92,0
SC07-04743,63.52,26.39,34.88,492.07,10.65,0
SC07-04744,30.31,22.12,69.74,128.22,6.41,0
SC07-04745,0.37,14.32,71.78,36.83,11.59,0
SC07-04746,99.79,-7.46,34.89,274.24,2.97,0
SC07-04747,77.98,7.12,86.2,216.33,13.02,0
SC07-04748,60.47,33.31,29.02,69.75,7.81,0
SC07-04749,98.74,42.29,13.99,211.1,3.26,0
SC07-04750,99.87,41.34,35.6,14.39,10.2,0
SC07-04751,40.55,24.01,47.89,433.39,7.13,0
SC07-04752,47.87,50.88,12.53,265.39,11.35,0
SC07-04753,21.67,54.88,43.24,262.98,9.31,0
SC07-04754,35.75,-3.86,65.47,439.55,10.95,0
SC07-04755,16.15,54.7,17.19,79.46,5.95,0
SC07-04756,43.5,26.03,69.11,5.6,9.79,0
SC07-04757,19.47,35.05,8.56,197.59,11.44,0
SC07-04758,16.9,28.52,64.08,337.99,10.0,0
SC07-04759,96.75,-9.95,29.14,291.87,11.32,0
SC07-04760,56.56,-2.57,32.35,311.24,6.72,0
SC07-04761,15.23,12.59,60.33,248.0,4.15,0
SC07-04762,54.9,3.16,55.7,479.8,7.45,0
SC07-04763,31.71,54.7,91.85,470.6,4.07,0
SC07-04764,77.32,-2.34,94.72,193.77,6.76,0
SC07-04765,58.27,30.02,95.34,69.54,13.4,0
SC07-04766,86.3,50.72,35.09,46.41,7.46,0
SC07-04767,8.03,-2.01,97.7,262.79,0.55,0
SC07-04768,87.3,15.27,4.36,359.2,2.57,0
SC07-04769,26.98,39.28,18.09,473.95,7.86,0
SC07-04770,88.9,14.47,46.31,24.89,3.26,0
SC07-04771,1.67,-0.11,19.62,61.75,10.24,0
SC07-04772,14.99,34.35,6.38,253.59,11.7,0
SC07-04773,3.61,9.27,57.16,484.52,5.62,0
SC07-04774,64.31,14.12,99.55,81.03,11.91,0
SC07-04775,40.81,4.76,11.91,280.4,5.38,0
SC07-04776,88.64,-9.05,95.22,319.47,0.28,0
SC07-04777,13.61,8.32,17.28,192.45,9.95,0
SC07-04778,13.89,39.12,57.42,181.74,6.57,0
SC07-04779,79.26,34.45,99.41,348.64,4.57,0
SC07-04780,88.41,38.33,80.68,381.32,4.27,0
SC07-04781,94.6,57.27,36.75,204.0,10.88,0
SC07-04782,49.6,-6.52,38.04,451.61,11.05,0
SC07-04783,36.19,11.28,93.97,109.43,4.62,0
SC07-04784,6.56,16.66,42.91,274.49,7.51,0
SC07-04785,82.27,14.78,87.4,99.31,10.47,0
SC07-04786,26.77,3.88,29.67,370.7,3.2,0
SC07-04787,93.98,14.72,54.7,214.48,2.24,0
SC07-04788,41.65,24.62,43.42,195.82,4.2,0
SC07-04789,31.32,0.8,86.07,405.7,6.62,0
SC07-04790,52.45,-9.68,50.79,304.47,3.41,0
SC07-04791,77.31,35.53,77.15,305.04,3.06,0
SC07-04792,82.91,7.63,24.39,487.7,6.03,0
SC07-04793,59.71,13.61,53.56,178.02,10.68,0
SC07-04794,79.04,12.34,5.96,497.26,0.45,0
SC07-04795,17.49,8.84,46.35,366.41,0.11,0
SC07-04796,45.79,9.63,91.78,379.08,10.62,0
SC07-04797,56.71,38.79,44.68,457.34,6.86,0
SC07-04798,14.19,58.05,31.47,317.47,12.91,0
SC07-04799,66.7,57.86,0.48,281.11,0.4,0
SC07-04800,42.17,13.46,99.28,54.97,0.54,0
SC07-04801,13.27,38.8,0.49,496.23,0.32,0
SC07-04802,18.5,29.36,31.17,171.71,12.39,0
SC07-04803,13.93,22.48,26.48,341.89,9.41,0
SC07-04804,23.25,5.67,49.15,429.24,10.62,0
SC07-04805,18.81,45.82,72.49,50.29,1.99,0
SC07-04806,65.68,30.33,27.48,434.47,5.62,0
SC07-04807,18.47,22.25,26.42,275.68,11.77,0
SC07-04808,38.03,2.82,66.78,55.5,0.72,0
SC07-04809,36.35,5.64,19.24,357.46,4.9,0
SC07-04810,29.26,56.82,25.95,378.3,13.68,0
SC07-04811,79.82,47.67,62.58,292.3,4.54,0
SC07-04812,7.84,36.59,92.32,172.01,5.0,0
SC07-04813,75.58,5.39,45.38,15.63,10.71,0
SC07-04814,13.57,3.05,84.52,207.87,2.8,0
SC07-04815,44.23,16.97,99.77,70.2,1.22,0
SC07-04816,31.75,23.29,96.33,359.57,10.67,0
SC07-04817,74.72,43.27,25.73,50.75,10.55,0
SC07-04818,2.87,8.03,11.85,487.85,9.17,0
SC07-04819,39.23,-9.01,62.14,29.61,7.99,0
SC07-04820,8.38,48.26,24.05,395.05,3.29,0
SC07-04821,61.85,13.52,7.38,372.37,13.17,0
SC07-04822,31.08,-7.73,32.99,307.77,8.26,0
SC07-04823,14.28,47.46,91.44,351.95,5.86,0
SC07-04824,22.76,46.27,94.76,476.13,3.01,0
SC07-04825,78.16,47.94,53.1,278.03,13.4,0
SC07-04826,30.86,14.09,93.58,328.79,9.1,0
SC07-04827,5.72,15.85,81.59,200.37,5.13,0
SC07-04828,85.9,0.13,17.57,361.18,1.5,0
SC07-04829,25.54,23.0,76.71,220.78,6.53,0
SC07-04830,60.64,-5.53,71.83,146.4,0.34,0
SC07-04831,28.52,8.11,89.53,260.67,9.9,0
SC07-04832,64.69,7.41,88.29,186.26,12.81,0
SC07-04833,8.46,-7.33,65.32,78.39,13.74,0
SC07-04834,48.38,-1.69,64.25,160.35,5.71,0
SC07-04835,68.33,-1.97,67.31,233.85,1.77,0
SC07-04836,90.32,57.2,80.89,454.85,2.99,0
SC07-04837,16.17,-2.19,42.74,342.65,1.17,0
SC07-04838,5.36,25.24,22.86,309.28,2.19,0
SC07-04839,59.37,7.23,56.72,37.76,4.51,0
SC07-04840,21.78,22.24,77.8,56.95,0.38,0
SC07-04841,13.69,25.97,45.12,0.49,9.01,1
SC07-04842,34.63,31.64,61.88,364.5,5.22,0
SC07-04843,19.65,7.8,31.78,5.18,13.83,1
SC07-04844,0.59,44.33,37.73,403.46,3.42,0
SC07-04845,49.44,32.9,88.71,372.39,4.34,0
SC07-04846,34.62,-6.13,59.44,251.5,6.34,0
SC07-04847,39.66,6.64,77.91,136.1,8.46,0
SC07-04848,71.88,4.4,40.81,344.89,9.51,0
SC07-04849,29.76,-5.18,71.1,73.1,11.04,0
SC07-04850,54.17,-3.26,7.55,121.79,7.69,0
SC07-04851,13.22,2.08,4.85,375.17,1.4,0
SC07-04852,24.46,16.27,10.06,155.25,2.08,0
SC07-04853,9.85,27.48,54.69,180.83,3.3,0
SC07-04854,3.15,28.51,19.7,365.6,12.34,0
SC07-04855,67.21,26.61,72.37,318.59,3.11,0
SC07-04856,84.11,6.63,56.53,333.78,1.2,0
SC07-04857,93.84,23.52,24.55,190.19,0.18,0
SC07-04858,74.91,31.48,30.63,243.05,6.75,0
SC07-04859,4.62,-8.38,12.94,128.49,10.04,0
SC07-04860,78.05,57.66,91.33,228.38,6.07,0
SC07-04861,26.9,15.56,79.43,397.23,9.4,0
SC07-04862,83.79,12.44,18.03,229.39,7.41,0
SC07-04863,8.09,-2.29,78.11,376.74,8.71,0
SC07-04864,79.85,11.28,25.95,181.68,8.48,0
SC07-04865,14.18,17.68,33.84,411.35,8.4,0
SC07-04866,45.35,24.9,23.63,223.07,9.58,0
SC07-04867,11.63,42.87,50.1,207.64,1.98,0
SC07-04868,42.57,30.93,40.08,67.24,5.62,0
SC07-04869,82.92,54.66,44.06,109.38,0.35,0
SC07-04870,36.35,4.52,9.84,272.24,11.93,0
SC07-04871,47.78,10.05,99.28,82.94,1.96,0
SC07-04872,68.74,54.93,76.14,144.34,5.33,0
SC07-04873,6.88,10.8,39.1,190.63,6.92,0
SC07-04874,20.48,5.29,29.69,339.99,1.0,0
SC07-04875,45.71,44.54,68.42,87.06,9.39,0
SC07-04876,37.46,10.69,22.68,300.48,13.86,0
SC07-04877,73.71,4.5,92.31,130.97,0.38,0
SC07-04878,25.03,11.92,53.86,282.69,8.3,0
SC07-04879,90.24,54.89,21.65,275.6,10.91,0
SC07-04880,23.13,-8.02,54.13,243.21,8.45,0
SC07-04881,64.07,18.11,22.7,421.47,10.72,0
SC07-04882,57.67,2.68,95.21,389.73,9.9,0
SC07-04883,94.8,-2.05,64.38,241.28,0.81,0
SC07-04884,32.98,5.61,6.44,453.92,0.7,0
SC07-04885,74.28,37.99,57.9,40.98,6.32,0
SC07-04886,12.83,0.98,47.98,259.3,0.29,0
SC07-04887,53.65,21.24,58.34,494.45,5.61,0
SC07-04888,5.34,47.92,33.47,224.1,8.58,0
SC07-04889,79.01,40.9,65.62,416.32,6.68,0
SC07-04890,28.49,33.0,62.43,28.44,2.26,0
SC07-04891,86.82,-2.55,12.42,139.58,11.95,0
SC07-04892,79.05,59.15,35.59,368.88,7.74,0
SC07-04893,53.45,-2.86,94.05,483.95,6.06,0
SC07-04894,49.25,34.23,68.47,478.78,9.89,0
SC07-04895,40.64,7.03,99.32,100.06,1.32,0
SC07-04896,59.64,58.67,36.65,176.2,11.45,0
SC07-04897,74.48,42.73,10.34,298.34,8.52,0
SC07-04898,21.79,53.97,50.71,44.34,11.75,0
SC07-04899,21.13,49.71,71.05,324.14,12.42,0
SC07-04900,5.36,27.13,94.78,348.85,1.59,0
SC07-04901,20.72,47.63,49.96,213.01,6.91,0
SC07-04902,18.85,37.83,17.17,194.51,11.23,0
SC07-04903,69.11,19.51,12.05,418.79,1.08,0
SC07-04904,61.39,26.88,26.78,18.32,11.87,0
SC07-04905,31.05,32.14,5.63,238.11,2.29,0
SC07-04906,35.73,10.71,51.59,166.45,3.15,0
SC07-04907,69.48,53.27,82.03,117.21,8.37,0
SC07-04908,58.6,43.1,12.37,240.91,3.9,0
SC07-04909,73.25,32.26,15.41,455.39,10.88,0
SC07-04910,89.2,-2.59,80.87,34.87,8.4,0
SC07-04911,73.98,12.59,88.06,33.38,10.35,0
SC07-04912,98.15,56.41,25.41,246.77,5.89,0
SC07-04913,17.95,55.45,81.89,495.73,9.89,0
SC07-04914,40.58,-7.39,69.62,197.58,8.0,0
SC07-04915,26.11,8.07,82.48,361.66,7.77,0
SC07-04916,31.83,-3.43,38.96,387.99,8.44,0
SC07-04917,0.87,44.03,47.03,199.97,9.26,0
SC07-04918,33.77,57.06,4.61,293.57,9.74,0
SC07-04919,30.59,51.74,57.93,232.41,8.81,0
SC07-04920,91.47,-7.75,98.53,305.64,12.13,0
SC07-04921,70.26,22.26,63.61,446.02,4.6,0
SC07-04922,94.57,54.8,41.85,254.11,0.93,0
SC07-04923,20.62,57.41,47.05,467.15,6.34,0
SC07-04924,47.82,-0.47,47.88,113.18,4.11,0
SC07-04925,1.12,54.39,30.56,325.23,9.05,0
SC07-04926,73.5,56.16,9.41,308.36,12.31,0
SC07-04927,83.95,6.07,80.94,205.9,12.77,0
SC07-04928,18.48,6.43,31.27,450.89,1.32,0
SC07-04929,54.43,35.42,31.0,134.23,4.15,0
SC07-04930,97.2,51.08,27.08,334.7,9.35,0
SC07-04931,15.73,9.57,80.85,376.97,0.1,0
SC07-04932,60.09,20.75,35.1,447.22,1.27,0
SC07-04933,66.83,26.03,65.74,489.94,5.83,0
SC07-04934,27.4,32.89,57.6,51.53,6.93,0
SC07-04935,19.24,27.74,70.67,448.63,6.54,0
SC07-04936,31.99,48.16,13.42,419.39,13.86,0
SC07-04937,68.44,33.65,50.86,412.33,5.4,0
SC07-04938,7.61,53.13,77.99,13.58,2.79,1
SC07-04939,38.33,33.16,18.12,288.95,13.86,0
SC07-04940,3.52,56.98,24.19,191.12,5.34,0
SC07-04941,58.31,55.56,42.34,86.63,2.35,0
SC07-04942,34.7,6.22,38.37,284.34,1.3,0
SC07-04943,6.54,47.59,78.24,95.94,9.48,0
SC07-04944,83.58,45.51,78.34,152.77,3.93,0
SC07-04945,63.09,0.42,0.22,212.32,2.49,0
SC07-04946,74.47,8.91,19.13,402.98,9.44,0
SC07-04947,53.88,6.11,23.81,104.34,5.19,0
SC07-04948,93.91,41.63,38.12,451.26,3.56,0
SC07-04949,3.73,20.43,80.84,405.97,2.46,0
SC07-04950,24.91,29.34,38.37,310.11,1.87,0
SC07-04951,32.98,-8.54,26.9,170.01,11.66,0
SC07-04952,57.76,14.32,97.41,426.28,8.87,0
SC07-04953,93.59,46.49,98.87,304.39,12.31,0
SC07-04954,92.12,49.05,86.56,124.37,5.98,0
SC07-04955,90.43,51.15,42.19,163.38,4.52,0
SC07-04956,9.61,50.33,40.49,22.4,6.41,0
SC07-04957,80.26,26.61,0.45,381.01,11.17,0
SC07-04958,34.02,-0.45,50.87,227.66,13.08,0
SC07-04959,98.6,41.77,61.05,200.98,5.28,0
SC07-04960,96.29,20.08,58.9,305.65,3.61,0
SC07-04961,1.64,39.06,45.76,426.68,8.99,0
SC07-04962,87.22,50.66,43.32,25.75,11.85,0
SC07-04963,62.12,53.57,8.08,481.69,3.01,0
SC07-04964,52.36,45.73,95.11,466.17,6.27,0
SC07-04965,33.67,23.63,35.85,216.07,4.56,0
SC07-04966,65.26,-4.64,72.8,211.19,0.28,0
SC07-04967,9.59,24.4,29.25,281.49,10.12,0
SC07-04968,18.07,9.89,20.75,482.78,8.55,0
SC07-04969,63.97,20.45,51.71,9.32,13.67,0
SC07-04970,92.64,12.69,90.93,322.86,10.94,0
SC07-04971,40.85,39.52,79.1,114.66,4.8,0
SC07-04972,4.56,47.74,74.94,132.15,2.49,0
SC07-04973,56.1,-4.95,83.14,268.53,2.35,0
SC07-04974,33.11,21.2,30.07,16.65,1.82,1
SC07-04975,5.57,50.35,85.93,269.46,12.2,0
SC07-04976,99.9,19.95,17.24,188.2,11.63,0
SC07-04977,51.42,45.27,62.92,380.3,3.49,0
SC07-04978,64.68,30.11,75.87,203.6,7.83,0
SC07-04979,5.18,16.98,32.31,175.4,0.27,0
SC07-04980,83.99,-8.48,7.95,382.06,6.15,0
SC07-04981,57.81,32.08,8.41,403.26,9.08,0
SC07-04982,0.15,10.58,92.07,429.83,2.06,0
SC07-04983,86.82,39.57,45.97,262.09,10.63,0
SC07-04984,4.88,5.14,32.75,73.34,13.23,0
SC07-04985,74.74,5.09,30.4,140.63,8.8,0
SC07-04986,25.82,25.61,59.77,373.6,10.06,0
SC07-04987,23.26,27.61,67.43,75.27,3.11,0
SC07-04988,43.97,19.52,47.68,421.11,12.63,0
SC07-04989,44.85,5.39,12.4,223.25,3.92,0
SC07-04990,35.73,22.31,42.8,337.6,12.46,0
SC07-04991,38.81,56.02,44.45,156.58,0.58,0
SC07-04992,61.43,53.66,91.48,302.73,11.39,0
SC07-04993,26.5,24.71,77.34,187.17,3.82,0
SC07-04994,28.69,6.76,28.53,251.22,4.68,0
SC07-04995,58.74,49.39,44.61,229.85,3.55,0
SC07-04996,82.58,-8.08,75.32,120.01,5.45,0
SC07-04997,41.99,23.27,2.5,436.06,0.32,0
SC07-04998,86.66,19.49,35.47,154.06,6.23,0
SC07-04999,19.97,-3.82,31.71,235.59,2.91,0
SC07-05000,77.7,-5.84,58.84,394.38,9.01,0
SC07-05001,4.65,49.58,73.85,398.15,5.22,0
SC07-05002,35.71,25.44,24.22,145.25,3.69,0
SC07-05003,24.42,58.82,80.05,327.35,5.92,0
SC07-05004,24.6,56.77,91.38,432.46,1.82,0
SC07-05005,41.16,58.87,63.13,457.71,9.4,0
SC07-05006,1.35,57.06,26.02,14.45,13.99,1
SC07-05007,73.69,-5.09,73.56,407.47,8.19,0
SC07-05008,75.35,15.32,42.14,39.33,9.65,0
SC07-05009,59.79,29.74,73.56,416.77,13.91,0
SC07-05010,8.68,-2.87,88.67,251.19,10.48,0
SC07-05011,44.78,55.04,40.18,38.25,10.22,0
SC07-05012,47.04,19.75,9.3,321.42,9.07,0
SC07-05013,51.11,36.83,28.07,230.78,8.17,0
SC07-05014,39.99,35.56,78.2,191.7,12.4,0
SC07-05015,70.82,-8.89,37.29,66.58,5.66,0
SC07-05016,97.8,31.03,1.68,320.95,0.95,0
SC07-05017,71.83,39.1,69.17,1.8,2.53,0
SC07-05018,70.44,24.75,90.83,427.68,4.42,0
SC07-05019,83.82,37.63,62.31,211.17,12.8,0
SC07-05020,6.71,-6.16,6.72,437.84,7.45,0
SC07-05021,37.61,11.58,30.75,433.81,2.98,0
SC07-05022,59.08,-3.68,45.38,370.32,4.75,0
SC07-05023,26.12,10.95,30.24,64.1,2.63,0
SC07-05024,60.57,9.74,1.67,448.6,12.23,0
SC07-05025,16.65,40.54,78.31,240.43,3.16,0
SC07-05026,35.73,-4.25,91.58,340.98,10.57,0
SC07-05027,40.63,11.71,86.71,248.45,4.23,0
SC07-05028,20.38,57.86,91.87,38.18,9.44,0
SC07-05029,0.87,14.87,37.39,133.77,13.23,0
SC07-05030,41.84,12.28,81.47,174.63,13.31,0
SC07-05031,93.57,44.31,36.47,83.89,1.66,0
SC07-05032,55.04,12.95,87.68,403.37,0.81,0
SC07-05033,57.73,11.25,88.62,396.83,1.06,0
SC07-05034,17.08,59.86,97.92,165.15,11.31,0
SC07-05035,83.95,58.11,11.06,230.36,10.61,0
SC07-05036,17.78,27.66,94.25,48.55,3.08,0
SC07-05037,53.25,56.82,9.17,445.76,10.72,0
SC07-05038,73.23,59.49,96.05,32.52,3.61,0
SC07-05039,38.52,8.14,70.36,491.01,2.42,0
SC07-05040,91.47,-2.8,60.83,184.99,6.49,0
SC07-05041,84.12,58.47,84.7,420.21,10.3,0
SC07-05042,10.16,-5.57,31.44,236.09,2.7,0
SC07-05043,9.07,-3.9,72.37,44.06,3.49,0
SC07-05044,33.23,34.88,36.24,424.49,13.33,0
SC07-05045,32.07,-7.27,5.89,153.66,0.14,0
SC07-05046,44.1,-3.84,71.22,446.85,8.63,0
SC07-05047,88.8,18.51,61.39,151.54,10.75,0
SC07-05048,31.98,18.47,83.94,216.08,10.49,0
SC07-05049,30.54,59.16,30.36,391.54,10.39,0
SC07-05050,18.38,31.37,14.14,469.38,12.01,0
SC07-05051,59.8,13.89,5.51,153.39,1.15,0
SC07-05052,61.81,41.36,10.3,209.68,1.46,0
SC07-05053,69.48,16.77,64.07,345.01,1.31,0
SC07-05054,5.89,42.76,84.02,351.16,7.37,0
SC07-05055,13.24,36.49,13.4,370.03,5.66,0
SC07-05056,14.14,47.7,92.51,75.97,1.17,0
SC07-05057,81.06,14.91,63.8,85.25,10.95,0
SC07-05058,83.57,29.79,38.15,73.01,7.41,0
SC07-05059,63.14,24.76,79.96,354.21,10.44,0
SC07-05060,1.11,29.81,13.92,399.83,8.87,0
SC07-05061,93.7,34.35,49.23,380.03,7.72,0
SC07-05062,45.59,39.24,15.79,15.25,13.44,0
SC07-05063,66.1,53.9,26.73,169.8,6.91,0
SC07-05064,12.88,46.35,55.65,469.64,2.03,0
SC07-05065,34.96,10.67,18.63,358.61,0.63,0
SC07-05066,67.69,25.82,92.55,321.26,9.89,0
SC07-05067,14.74,34.22,51.6,7.97,5.32,1
SC07-05068,28.8,-7.99,79.13,415.88,3.67,0
SC07-05069,41.85,15.1,30.04,238.55,6.32,0
SC07-05070,80.46,38.48,60.7,170.53,10.05,0
SC07-05071,2.33,50.94,63.46,486.03,8.18,0
SC07-05072,33.05,17.45,68.78,102.12,1.31,0
SC07-05073,38.89,33.89,35.44,402.63,3.09,0
SC07-05074,55.89,27.16,92.67,221.4,12.32,0
SC07-05075,34.76,38.81,91.13,306.67,11.61,0
SC07-05076,7.41,17.25,95.9,208.35,1.79,0
SC07-05077,92.75,49.03,2.3,44.09,1.37,0
SC07-05078,72.69,3.55,38.22,461.05,6.75,0
SC07-05079,58.91,36.58,44.72,441.1,10.55,0
SC07-05080,61.54,5.0,1.67,164.64,10.64,0
SC07-05081,73.03,49.98,52.11,398.82,10.71,0
SC07-05082,72.99,29.21,95.07,284.77,4.31,0
SC07-05083,58.91,42.74,25.96,404.44,10.24,0
SC07-05084,95.7,6.34,44.05,280.4,8.24,0
SC07-05085,88.27,57.01,40.88,107.53,0.79,0
SC07-05086,56.44,41.01,12.61,365.08,6.91,0
SC07-05087,80.78,7.91,51.05,258.53,11.41,0
SC07-05088,52.87,43.92,83.47,165.86,9.64,0
SC07-05089,14.92,52.36,36.76,331.77,9.27,0
SC07-05090,66.35,51.08,15.89,453.12,10.04,0
SC07-05091,90.11,43.21,11.08,109.17,3.44,0
SC07-05092,20.97,20.58,51.0,171.42,7.49,0
SC07-05093,29.8,55.95,42.24,453.32,8.95,0
SC07-05094,50.24,32.76,39.92,161.97,7.72,0
SC07-05095,47.96,8.82,28.07,162.73,8.05,0
SC07-05096,33.47,-4.45,35.74,100.33,13.13,0
SC07-05097,32.24,14.12,78.73,164.88,8.8,0
SC07-05098,92.38,39.0,48.85,268.72,6.4,0
SC07-05099,27.64,57.69,6.44,318.06,13.59,0
SC07-05100,38.58,52.11,92.85,214.27,4.53,0
SC07-05101,12.03,42.37,11.78,308.55,6.9,0
SC07-05102,25.72,5.68,61.31,177.8,4.46,0
SC07-05103,76.75,44.51,43.58,443.36,8.56,0
SC07-05104,44.06,31.92,23.76,361.31,12.79,0
SC07-05105,4.98,56.88,35.1,252.16,2.57,0
SC07-05106,83.51,17.72,19.17,18.82,10.62,0
SC07-05107,32.73,23.28,63.93,86.28,3.93,0
SC07-05108,12.63,9.65,54.15,372.55,4.27,0
SC07-05109,66.28,1.72,38.16,276.65,7.95,0
SC07-05110,51.99,7.78,65.49,24.66,1.16,0
SC07-05111,63.38,25.43,3.36,4.05,2.86,0
SC07-05112,91.0,28.75,7.2,427.17,12.19,0
SC07-05113,43.86,6.94,79.46,263.49,5.6,0
SC07-05114,74.69,-2.7,34.59,130.61,5.84,0
SC07-05115,1.58,7.15,15.42,196.48,8.61,0
SC07-05116,43.74,49.91,93.14,412.35,5.64,0
SC07-05117,70.05,24.7,4.81,166.38,2.89,0
SC07-05118,92.52,49.68,29.89,286.69,1.5,0
SC07-05119,69.09,39.74,82.1,174.51,6.22,0
SC07-05120,62.65,37.8,80.3,182.22,0.6,0
SC07-05121,98.11,51.56,94.93,484.92,10.12,0
SC07-05122,84.98,35.43,65.64,278.54,12.05,0
SC07-05123,67.36,21.78,87.48,274.51,1.25,0
SC07-05124,15.87,2.77,25.98,471.2,5.19,0
SC07-05125,47.77,25.84,28.86,197.71,6.24,0
SC07-05126,60.95,48.25,83.12,415.07,1.15,0
SC07-05127,78.13,29.38,56.95,50.03,7.07,0
SC07-05128,45.61,16.23,6.85,286.29,9.63,0
SC07-05129,29.89,45.54,60.4,82.61,2.88,0
SC07-05130,10.03,54.24,61.99,88.92,10.63,0
SC07-05131,76.0,26.21,64.41,331.48,6.66,0
SC07-05132,44.0,20.41,37.92,159.62,12.57,0
SC07-05133,48.14,15.32,30.3,306.38,9.08,0
SC07-05134,70.84,34.71,30.59,492.0,6.05,0
SC07-05135,47.08,24.48,33.63,205.26,7.89,0
SC07-05136,95.07,40.81,83.01,132.82,8.57,0
SC07-05137,89.76,24.08,94.66,346.97,4.18,0
SC07-05138,11.26,4.74,59.37,233.31,13.92,0
SC07-05139,66.4,-2.31,94.97,321.72,6.47,0
SC07-05140,85.88,43.65,61.46,131.42,9.28,0
SC07-05141,81.86,36.15,69.42,241.88,2.42,0
SC07-05142,94.26,22.78,50.05,200.65,1.45,0
SC07-05143,34.26,35.37,73.12,243.9,1.33,0
SC07-05144,53.4,51.29,37.41,107.0,9.31,0
SC07-05145,15.16,50.25,53.64,483.37,4.89,0
SC07-05146,1.77,44.27,74.99,392.88,11.71,0
SC07-05147,48.6,31.85,83.29,181.06,7.02,0
SC07-05148,65.36,18.17,15.54,448.96,7.43,0
SC07-05149,90.91,33.96,11.76,96.71,2.35,0
SC07-05150,21.34,41.52,78.71,319.04,6.22,0
SC07-05151,30.06,22.55,25.16,403.43,13.96,0
SC07-05152,44.46,40.14,25.45,489.54,9.37,0
SC07-05153,48.91,46.66,82.05,122.78,4.07,0
SC07-05154,55.6,39.96,57.19,497.35,7.25,0
SC07-05155,21.68,55.72,37.29,383.29,0.52,0
SC07-05156,46.15,3.37,82.46,50.39,1.09,0
SC07-05157,34.79,37.45,65.91,19.66,1.47,1
SC07-05158,74.97,55.81,46.0,395.29,3.78,0
SC07-05159,3.34,28.01,70.07,89.05,7.41,0
SC07-05160,31.38,-3.15,90.39,78.05,10.49,0
SC07-05161,36.52,46.73,23.64,274.84,11.08,0
SC07-05162,58.54,21.16,67.69,176.47,2.77,0
SC07-05163,42.84,59.99,36.8,336.9,4.98,0
SC07-05164,52.72,18.53,48.9,227.23,1.86,0
SC07-05165,53.83,8.91,8.54,106.82,11.21,0
SC07-05166,82.03,42.73,61.21,37.21,2.65,0
SC07-05167,60.36,53.75,30.99,246.25,4.34,0
SC07-05168,61.45,20.25,85.11,461.44,4.39,0
SC07-05169,71.23,40.9,41.4,384.31,12.38,0
SC07-05170,95.07,8.76,96.33,98.01,10.75,0
SC07-05171,97.34,36.73,66.42,457.09,9.43,0
SC07-05172,22.83,15.49,62.89,421.74,7.85,0
SC07-05173,15.34,47.71,51.37,487.15,4.8,0
SC07-05174,94.86,36.86,23.73,364.73,11.34,0
SC07-05175,94.6,39.53,79.99,70.75,7.09,0
SC07-05176,76.36,17.32,93.9,51.84,11.34,0
SC07-05177,67.22,56.98,79.68,83.12,3.69,0
SC07-05178,65.77,12.56,15.91,188.81,12.93,0
SC07-05179,58.56,45.28,54.66,403.01,2.05,0
SC07-05180,33.31,33.31,30.61,488.37,10.62,0
SC07-05181,45.15,8.49,62.91,188.77,5.21,0
SC07-05182,21.48,16.23,81.9,140.08,12.94,0
SC07-05183,10.94,-3.17,77.25,266.16,11.9,0
SC07-05184,90.51,13.98,21.38,460.68,2.63,0
SC07-05185,96.64,38.1,14.44,103.04,11.56,0
SC07-05186,64.35,-2.98,59.31,222.28,13.32,0
SC07-05187,42.88,11.06,9.97,389.3,3.91,0
SC07-05188,49.67,-4.38,38.2,67.29,0.39,0
SC07-05189,7.45,36.33,24.38,121.47,3.74,0
SC07-05190,5.97,-3.18,18.46,84.49,2.9,0
SC07-05191,38.92,3.69,50.82,439.22,5.53,0
SC07-05192,29.11,53.56,4.62,286.5,13.88,0
SC07-05193,66.14,23.82,10.84,271.73,10.86,0
SC07-05194,37.72,41.83,37.32,241.59,9.16,0
SC07-05195,68.9,-5.4,41.6,479.23,6.99,0
SC07-05196,4.18,28.19,84.56,197.38,0.69,0
SC07-05197,29.98,25.07,81.39,111.19,3.17,0
SC07-05198,82.71,1.33,84.5,327.17,11.14,0
SC07-05199,25.67,20.06,29.85,294.41,1.17,0
SC07-05200,3.7,40.25,68.47,115.35,9.54,0
SC07-05201,38.69,53.82,79.61,284.56,13.51,0
SC07-05202,71.93,42.55,64.52,114.73,1.83,0
SC07-05203,81.44,59.86,70.52,298.09,9.56,0
SC07-05204,12.34,-5.16,86.34,279.33,1.4,0
SC07-05205,39.71,28.14,57.96,232.27,0.15,0
SC07-05206,27.73,-1.75,33.21,123.3,8.38,0
SC07-05207,63.76,17.86,13.85,437.31,13.34,0
SC07-05208,40.15,-9.76,17.42,211.72,10.29,0
SC07-05209,75.67,28.53,51.0,183.42,3.87,0
SC07-05210,1.05,50.54,92.81,115.95,10.82,0
SC07-05211,36.81,6.16,50.35,149.02,9.55,0
SC07-05212,62.16,-4.21,40.83,224.32,12.4,0
SC07-05213,32.63,-4.09,31.15,459.14,5.28,0
SC07-05214,21.77,38.32,34.52,13.0,2.28,1
SC07-05215,8.15,-6.7,80.78,44.21,12.75,0
SC07-05216,24.45,-3.93,33.04,256.61,8.89,0
SC07-05217,70.65,29.64,1.19,110.27,11.31,0
SC07-05218,86.23,21.77,49.28,246.47,12.0,0
SC07-05219,69.93,3.46,34.54,250.16,12.71,0
SC07-05220,89.33,11.24,12.96,455.04,9.78,0
SC07-05221,0.48,-3.47,39.22,270.44,3.25,0
SC07-05222,63.46,28.87,32.08,119.53,5.39,0
SC07-05223,25.89,42.92,45.35,416.36,6.41,0
SC07-05224,86.57,20.49,6.06,193.89,3.14,0
SC07-05225,32.46,56.79,84.28,465.61,11.19,0
SC07-05226,45.5,34.45,84.2,421.38,8.95,0
SC07-05227,47.24,6.54,22.76,88.52,8.12,0
SC07-05228,42.02,48.01,72.53,166.67,10.57,0
SC07-05229,49.99,58.6,99.45,170.14,10.91,0
SC07-05230,30.22,9.66,53.33,21.59,4.25,0
SC07-05231,87.32,20.72,80.2,421.85,7.58,0
SC07-05232,99.08,17.09,85.64,422.56,2.27,0
SC07-05233,5.15,31.6,84.87,445.5,5.04,0
SC07-05234,57.97,52.28,80.27,206.78,1.64,0
SC07-05235,10.75,23.89,99.32,236.33,4.29,0
SC07-05236,44.96,10.3,74.32,209.16,6.46,0
SC07-05237,51.17,45.32,15.17,193.7,8.07,0
SC07-05238,29.6,13.65,94.33,340.15,10.61,0
SC07-05239,58.0,32.62,25.78,342.64,7.4,0
SC07-05240,34.89,19.18,84.29,189.48,8.26,0
SC07-05241,59.75,54.55,95.39,358.91,5.71,0
SC07-05242,21.85,-0.74,40.98,273.93,0.47,0
SC07-05243,76.75,21.0,44.07,228.11,8.35,0
SC07-05244,46.84,42.98,20.51,282.5,11.56,0
SC07-05245,14.43,5.6,46.84,91.87,10.44,0
SC07-05246,75.88,21.08,67.01,42.7,13.25,0
SC07-05247,75.93,59.18,12.32,276.95,5.87,0
SC07-05248,18.74,45.51,40.69,483.42,9.14,0
SC07-05249,16.79,4.12,23.18,342.21,10.87,0
SC07-05250,5.19,0.02,61.68,464.54,3.53,0
SC07-05251,37.91,45.12,81.44,444.8,11.68,0
SC07-05252,95.19,16.45,98.49,129.3,3.17,0
SC07-05253,91.71,17.92,34.38,65.26,4.77,0
SC07-05254,53.77,17.43,77.85,299.39,1.26,0
SC07-05255,50.58,6.97,71.54,24.28,11.0,0
SC07-05256,86.15,8.54,53.11,414.01,4.71,0
SC07-05257,53.17,44.59,34.06,53.32,13.47,0
SC07-05258,63.18,43.53,52.03,4.9,2.33,0
SC07-05259,35.01,11.77,14.32,401.08,4.54,0
SC07-05260,97.44,18.71,99.34,485.31,5.11,0
SC07-05261,80.07,23.58,85.96,475.6,7.71,0
SC07-05262,63.75,21.26,39.69,339.37,0.59,0
SC07-05263,72.21,56.57,16.88,124.55,1.05,0
SC07-05264,48.05,53.14,9.3,484.42,12.65,0
SC07-05265,56.02,57.51,92.25,475.71,10.86,0
SC07-05266,66.18,27.8,47.2,262.24,6.78,0
SC07-05267,91.97,26.36,20.3,398.79,1.07,0
SC07-05268,80.14,46.39,56.74,398.6,2.43,0
SC07-05269,81.74,23.17,66.65,196.15,4.21,0
SC07-05270,42.71,6.41,76.02,270.95,7.09,0
SC07-05271,47.1,-8.64,7.86,20.66,7.38,0
SC07-05272,31.22,37.93,15.01,10.6,9.54,1
SC07-05273,73.06,35.93,0.36,361.58,6.85,0
SC07-05274,29.76,56.3,6.68,137.71,6.98,0
SC07-05275,13.75,50.54,6.82,434.22,3.77,0
SC07-05276,41.51,51.21,31.95,369.86,10.92,0
SC07-05277,35.55,18.4,68.05,223.66,3.86,0
SC07-05278,82.52,6.09,72.13,27.7,7.48,0
SC07-05279,76.7,10.46,54.29,469.43,2.64,0
SC07-05280,1.34,57.73,50.77,246.71,12.63,0
SC07-05281,68.88,5.13,53.49,322.13,5.97,0
SC07-05282,79.56,50.51,33.56,488.91,2.15,0
SC07-05283,13.46,23.98,26.79,331.83,4.79,0
SC07-05284,70.37,33.47,46.03,47.83,0.62,0
SC07-05285,10.69,20.26,60.93,423.51,6.77,0
SC07-05286,13.22,33.22,35.04,285.73,0.65,0
SC07-05287,84.84,0.83,72.38,176.42,3.34,0
SC07-05288,70.5,57.87,45.0,1.88,3.76,0
SC07-05289,64.74,3.84,47.66,170.23,2.26,0
SC07-05290,90.95,14.06,96.47,315.82,5.21,0
SC07-05291,32.27,-1.26,42.94,105.51,8.46,0
SC07-05292,44.36,9.77,16.49,9.7,11.03,0
SC07-05293,33.42,55.54,30.27,429.61,13.93,0
SC07-05294,96.32,54.03,29.9,405.35,11.57,0
SC07-05295,58.28,1.09,13.03,300.65,7.24,0
SC07-05296,54.54,38.52,17.78,326.57,13.33,0
SC07-05297,96.78,54.05,72.76,117.82,12.94,0
SC07-05298,43.42,45.26,48.0,440.93,3.61,0
SC07-05299,19.13,11.4,62.97,171.3,4.26,0
SC07-05300,89.67,26.32,16.48,487.24,5.27,0
SC07-05301,47.66,13.63,40.61,355.5,4.3,0
SC07-05302,89.43,50.66,64.76,417.46,8.59,0
SC07-05303,57.14,43.4,22.64,464.05,9.06,0
SC07-05304,64.07,-1.22,47.09,432.07,13.45,0
SC07-05305,62.65,40.47,56.76,4.74,0.92,0
SC07-05306,69.9,23.81,47.79,63.72,12.31,0
SC07-05307,40.55,38.62,96.9,416.64,1.76,0
SC07-05308,26.17,0.77,3.31,206.3,8.39,0
SC07-05309,5.31,43.23,71.78,134.22,11.62,0
SC07-05310,97.45,53.87,67.88,74.15,3.38,0
SC07-05311,94.42,-2.04,46.01,409.8,5.54,0
SC07-05312,91.14,8.1,96.0,164.13,8.0,0
SC07-05313,78.8,51.52,63.41,260.85,1.76,0
SC07-05314,61.04,5.59,97.89,305.41,13.79,0
SC07-05315,27.29,46.08,16.36,287.6,8.92,0
SC07-05316,83.41,57.4,64.74,161.52,5.84,0
SC07-05317,41.54,38.55,78.75,398.63,1.15,0
SC07-05318,35.29,50.41,1.99,84.41,6.04,0
SC07-05319,91.28,41.92,46.5,389.69,5.64,0
SC07-05320,1.06,40.38,14.32,281.38,8.05,0
SC07-05321,70.32,34.53,43.23,421.21,5.69,0
SC07-05322,86.47,35.14,30.11,225.81,6.84,0
SC07-05323,84.2,39.4,31.81,329.33,0.73,0
SC07-05324,92.11,2.32,24.86,200.28,6.9,0
SC07-05325,14.36,39.37,6.12,216.43,13.31,0
SC07-05326,81.14,8.73,57.09,310.99,4.28,0
SC07-05327,23.12,30.22,58.75,138.59,11.95,0
SC07-05328,73.93,37.03,86.51,395.59,9.64,0
SC07-05329,17.45,22.82,69.39,167.19,2.77,0
SC07-05330,82.72,47.82,9.86,110.66,0.28,0
SC07-05331,48.14,9.41,24.86,449.07,9.51,0
SC07-05332,5.05,59.0,42.31,50.74,2.5,0
SC07-05333,29.31,23.3,25.35,316.77,7.54,0
SC07-05334,19.09,47.33,15.73,120.86,4.86,0
SC07-05335,32.42,-4.92,4.82,124.27,1.85,0
SC07-05336,9.58,-8.02,70.87,182.82,4.99,0
SC07-05337,53.43,24.91,80.4,478.01,3.73,0
SC07-05338,99.77,-6.34,15.19,447.68,11.45,0
SC07-05339,67.51,56.24,39.33,35.6,8.31,0
SC07-05340,15.63,46.91,85.59,65.8,3.26,0
SC07-05341,80.08,-7.51,48.63,258.44,8.21,0
SC07-05342,84.45,47.56,73.28,442.96,12.65,0
SC07-05343,34.93,42.0,72.92,155.03,13.45,0
SC07-05344,93.16,58.19,61.65,437.24,1.54,0
SC07-05345,69.2,50.08,31.41,248.09,1.7,0
SC07-05346,93.18,20.26,23.06,479.4,8.85,0
SC07-05347,13.15,9.44,24.6,419.95,6.03,0
SC07-05348,74.5,-0.61,85.21,335.68,12.22,0
SC07-05349,65.71,52.42,71.61,118.72,1.84,0
SC07-05350,87.4,-9.95,43.58,36.58,0.58,0
SC07-05351,15.38,12.01,56.24,192.71,11.32,0
SC07-05352,66.76,19.4,44.54,438.63,4.29,0
SC07-05353,68.58,38.49,42.25,456.45,7.07,0
SC07-05354,74.52,31.5,10.93,39.32,3.98,0
SC07-05355,75.43,41.29,84.96,366.34,8.4,0
SC07-05356,48.56,25.94,50.08,49.08,8.31,0
SC07-05357,3.83,45.95,89.58,328.22,5.4,0
SC07-05358,24.31,26.61,40.76,254.13,9.91,0
SC07-05359,73.39,-3.8,81.73,176.61,5.89,0
SC07-05360,59.59,59.51,62.77,330.42,5.35,0
SC07-05361,99.33,43.11,53.63,80.16,6.7,0
SC07-05362,52.4,-9.16,94.92,357.27,2.19,0
SC07-05363,0.18,34.68,55.4,336.61,13.21,0
SC07-05364,29.04,0.8,19.32,105.39,5.88,0
SC07-05365,1.77,26.1,72.72,355.96,0.4,0
SC07-05366,53.35,-6.52,40.03,221.72,12.38,0
SC07-05367,76.02,30.88,98.86,185.61,8.98,0
SC07-05368,34.67,9.88,54.86,205.83,12.48,0
SC07-05369,26.02,23.66,56.43,471.91,5.3,0
SC07-05370,51.51,19.25,37.26,434.2,4.73,0
SC07-05371,49.14,-2.93,42.5,177.16,0.64,0
SC07-05372,66.88,45.69,82.1,103.61,4.25,0
SC07-05373,92.61,-3.74,4.88,312.91,6.14,0
SC07-05374,58.86,0.26,71.98,67.35,7.41,0
SC07-05375,96.13,20.0,75.84,106.96,10.79,0
SC07-05376,70.35,23.75,24.2,338.5,1.39,0
SC07-05377,49.51,29.0,10.83,391.38,11.76,0
SC07-05378,10.77,9.82,48.05,76.85,11.93,0
SC07-05379,14.36,36.54,13.85,187.47,11.45,0
SC07-05380,33.7,-8.34,5.78,171.05,8.26,0
SC07-05381,3.14,59.55,71.99,332.9,8.21,0
SC07-05382,55.06,4.61,84.66,200.73,6.42,0
SC07-05383,52.04,23.48,30.99,48.7,3.0,0
SC07-05384,20.22,45.55,28.21,263.08,10.81,0
SC07-05385,5.94,-7.91,7.95,111.7,2.2,0
SC07-05386,30.72,55.58,98.59,245.86,13.63,0
SC07-05387,27.8,20.64,56.81,480.89,5.78,0
SC07-05388,99.04,18.93,38.75,255.99,6.95,0
SC07-05389,19.47,-3.02,60.56,188.8,2.03,0
SC07-05390,15.52,44.46,63.18,27.84,2.32,0
SC07-05391,24.98,-0.93,89.66,143.48,5.21,0
SC07-05392,74.36,21.61,84.8,476.73,2.58,0
SC07-05393,7.88,15.83,56.39,21.74,3.67,0
SC07-05394,92.3,49.56,16.6,431.03,12.36,0
SC07-05395,1.2,-5.14,40.25,21.72,7.59,0
SC07-05396,11.48,2.58,57.91,243.9,7.75,0
SC07-05397,77.13,24.01,61.42,291.85,5.34,0
SC07-05398,19.37,-4.2,14.05,195.45,4.52,0
SC07-05399,55.17,46.84,85.78,151.37,2.17,0
SC07-05400,14.47,45.95,25.95,277.66,3.51,0
SC07-05401,54.42,17.5,72.42,122.16,6.46,0
SC07-05402,46.2,11.01,4.16,471.51,11.73,0
SC07-05403,87.15,53.94,3.16,76.25,9.51,0
SC07-05404,63.13,46.85,92.01,393.99,8.46,0
SC07-05405,24.85,30.16,0.64,42.63,3.69,0
SC07-05406,93.07,45.16,87.34,283.93,10.42,0
SC07-05407,83.08,47.02,80.42,307.82,10.27,0
SC07-05408,84.7,16.49,65.78,299.62,12.44,0
SC07-05409,72.63,18.64,55.22,388.53,4.05,0
SC07-05410,96.88,5.43,7.85,46.62,10.58,0
SC07-05411,51.57,-2.24,85.79,427.45,8.87,0
SC07-05412,31.21,56.41,34.18,42.96,9.85,0
SC07-05413,15.66,34.53,44.49,293.62,0.03,0
SC07-05414,31.18,-7.3,36.12,0.68,10.43,1
SC07-05415,79.24,46.47,90.27,226.62,4.14,0
SC07-05416,81.75,22.11,21.27,10.89,1.46,0
SC07-05417,80.93,14.76,91.04,135.88,6.63,0
SC07-05418,94.64,0.67,32.81,488.36,8.4,0
SC07-05419,79.06,21.85,26.77,111.24,12.01,0
SC07-05420,93.74,8.59,61.82,290.31,12.9,0
SC07-05421,52.53,-9.74,94.26,123.47,1.49,0
SC07-05422,22.88,42.35,99.89,144.47,2.6,0
SC07-05423,63.01,57.44,7.08,416.73,0.24,0
SC07-05424,16.78,43.14,45.09,116.87,0.92,0
SC07-05425,64.59,-6.82,48.89,473.98,3.38,0
SC07-05426,68.54,-7.47,2.68,266.91,5.68,0
SC07-05427,33.23,18.49,9.46,161.06,5.55,0
SC07-05428,38.85,10.2,6.14,220.41,13.31,0
SC07-05429,40.0,31.96,87.68,189.29,8.9,0
SC07-05430,58.39,26.32,27.16,126.16,0.97,0
SC07-05431,1.21,35.47,40.53,53.26,13.84,0
SC07-05432,92.14,21.92,46.85,376.75,6.22,0
SC07-05433,94.97,43.57,22.19,240.24,8.04,0
SC07-05434,30.99,3.81,20.2,495.12,0.52,0
SC07-05435,52.78,-2.25,88.5,221.17,8.03,0
SC07-05436,75.89,48.25,99.27,139.02,0.33,0
SC07-05437,92.19,8.76,29.37,472.41,11.34,0
SC07-05438,33.42,31.43,44.77,113.72,3.27,0
SC07-05439,66.2,11.21,56.46,203.58,9.82,0
SC07-05440,34.24,55.81,22.88,492.82,6.72,0
SC07-05441,67.97,47.3,72.69,180.1,12.7,0
SC07-05442,87.64,43.0,31.11,347.37,8.2,0
SC07-05443,18.01,33.86,97.99,107.22,5.4,0
SC07-05444,11.17,41.78,47.76,415.74,3.3,0
SC07-05445,99.44,5.15,56.79,151.72,5.99,0
SC07-05446,91.3,9.11,49.53,361.39,13.01,0
SC07-05447,19.61,42.24,56.02,174.5,7.36,0
SC07-05448,85.78,57.88,24.36,310.87,12.12,0
SC07-05449,65.89,17.16,45.32,46.24,9.82,0
SC07-05450,99.1,57.13,27.35,100.38,1.74,0
SC07-05451,76.51,54.22,39.05,468.61,6.03,0
SC07-05452,36.53,29.15,10.13,436.36,11.55,0
SC07-05453,46.25,-1.23,88.08,60.72,1.91,0
SC07-05454,2.45,38.82,58.74,306.18,13.08,0
SC07-05455,37.1,8.41,30.23,104.31,8.3,0
SC07-05456,69.4,21.35,10.16,147.99,13.68,0
SC07-05457,64.59,15.24,0.49,436.97,8.39,0
SC07-05458,23.73,36.3,47.54,419.96,1.39,0
SC07-05459,54.1,17.66,95.38,291.6,2.11,0
SC07-05460,32.22,32.3,85.22,27.38,0.33,0
SC07-05461,92.39,17.26,5.36,23.96,1.12,0
SC07-05462,95.84,47.33,66.72,374.92,1.16,0
SC07-05463,32.67,-4.83,7.04,292.71,2.7,0
SC07-05464,25.79,7.67,77.13,311.74,7.2,0
SC07-05465,13.93,-3.86,23.1,23.44,10.36,0
SC07-05466,51.2,35.86,19.32,426.85,9.32,0
SC07-05467,37.55,30.11,5.12,340.2,13.3,0
SC07-05468,91.32,47.39,85.27,239.04,2.75,0
SC07-05469,93.22,-4.85,26.37,131.2,1.75,0
SC07-05470,67.63,56.08,46.62,314.05,8.79,0
SC07-05471,41.27,53.07,36.28,158.5,5.87,0
SC07-05472,60.59,-1.15,7.18,495.66,7.66,0
SC07-05473,87.88,-8.53,21.33,40.81,10.18,0
SC07-05474,39.76,10.12,48.07,31.57,8.82,0
SC07-05475,97.47,5.63,2.91,94.79,3.67,0
SC07-05476,11.64,33.95,60.76,211.78,2.65,0
SC07-05477,91.31,32.66,6.61,423.81,6.08,0
SC07-05478,1.5,7.07,22.53,288.7,0.95,0
SC07-05479,57.16,5.97,17.97,171.64,11.04,0
SC07-05480,53.37,51.99,63.51,201.16,6.36,0
SC07-05481,10.17,16.64,60.25,230.55,3.64,0
SC07-05482,84.57,29.74,84.57,82.71,2.61,0
SC07-05483,18.5,33.04,76.16,129.07,9.57,0
SC07-05484,27.84,57.3,80.14,373.5,6.01,0
SC07-05485,70.35,27.95,50.73,436.05,12.37,0
SC07-05486,7.44,44.82,22.26,23.17,3.61,0
SC07-05487,60.5,26.38,32.05,249.84,1.19,0
SC07-05488,33.39,39.17,59.38,329.96,9.72,0
SC07-05489,77.09,53.69,69.86,83.45,6.74,0
SC07-05490,47.89,32.68,17.17,178.17,1.37,0
SC07-05491,15.19,39.93,26.64,195.09,3.3,0
SC07-05492,16.83,18.87,88.63,483.31,5.53,0
SC07-05493,2.25,0.2,32.4,148.48,7.49,0
SC07-05494,0.67,33.57,34.47,309.61,7.95,0
SC07-05495,48.97,43.87,72.15,485.09,11.15,0
SC07-05496,19.56,48.14,97.67,426.36,4.42,0
SC07-05497,34.63,29.5,64.35,73.02,10.08,0
SC07-05498,26.94,-4.03,6.44,337.71,13.83,0
SC07-05499,96.32,21.92,21.84,263.85,2.08,0
SC07-05500,35.51,57.05,46.3,215.54,1.45,0
SC07-05501,36.48,28.89,73.03,80.18,2.91,0
SC07-05502,79.65,28.01,36.15,478.12,0.45,0
SC07-05503,94.77,38.96,57.8,83.06,3.54,0
SC07-05504,63.75,-0.25,46.63,480.77,11.74,0
SC07-05505,17.13,-2.26,88.8,341.48,7.3,0
SC07-05506,20.27,2.02,44.14,358.13,13.74,0
SC07-05507,76.25,10.34,34.89,91.95,6.61,0
SC07-05508,0.66,33.2,84.5,275.21,1.93,0
SC07-05509,47.0,48.07,6.94,340.94,2.24,0
SC07-05510,61.31,20.09,88.8,314.62,4.57,0
SC07-05511,15.7,41.2,32.72,166.01,9.58,0
SC07-05512,1.95,56.99,88.5,16.18,1.61,1
SC07-05513,30.36,27.64,25.59,64.45,6.01,0
SC07-05514,17.29,38.31,1.29,209.17,13.94,0
SC07-05515,13.46,6.84,3.83,372.91,7.41,0
SC07-05516,0.28,53.31,66.97,341.4,12.28,0
SC07-05517,63.97,3.82,45.69,403.44,8.04,0
SC07-05518,98.06,43.73,14.15,478.35,0.42,0
SC07-05519,60.61,50.98,70.95,110.56,5.91,0
SC07-05520,89.99,19.84,38.55,279.08,10.18,0
SC07-05521,30.55,7.41,85.81,127.12,3.9,0
SC07-05522,25.27,56.0,38.95,217.95,3.69,0
SC07-05523,46.43,-7.86,54.66,145.07,10.28,0
SC07-05524,55.23,-3.01,72.89,47.49,5.7,0
SC07-05525,14.27,56.18,83.01,84.98,0.05,0
SC07-05526,12.96,-3.29,35.87,158.93,0.25,0
SC07-05527,60.98,46.42,61.53,489.11,5.82,0
SC07-05528,73.08,44.1,12.22,418.23,9.92,0
SC07-05529,37.25,38.87,69.63,66.58,11.1,0
SC07-05530,55.27,-6.64,50.32,274.12,13.78,0
SC07-05531,64.79,34.52,23.5,460.62,10.36,0
SC07-05532,95.46,49.56,30.61,497.53,2.44,0
SC07-05533,33.99,50.93,19.85,182.07,10.8,0
SC07-05534,8.69,54.02,77.63,408.54,4.47,0
SC07-05535,68.58,48.44,46.3,352.06,7.73,0
SC07-05536,17.72,-7.17,8.25,222.57,7.44,0
SC07-05537,1.87,6.66,25.47,481.92,11.23,0
SC07-05538,53.36,45.83,0.7,379.62,6.59,0
SC07-05539,83.68,20.22,79.93,424.77,4.33,0
SC07-05540,90.11,2.47,99.17,110.09,13.4,0
SC07-05541,32.85,38.45,29.5,365.42,8.35,0
SC07-05542,18.1,12.82,79.35,281.77,6.2,0
SC07-05543,44.49,31.97,98.26,44.13,9.53,0
SC07-05544,78.53,59.26,79.75,111.75,9.92,0
SC07-05545,75.86,22.74,97.16,221.08,3.5,0
SC07-05546,76.71,37.8,8.78,194.53,7.69,0
SC07-05547,97.89,49.42,96.8,285.22,12.76,0
SC07-05548,3.9,42.96,87.82,329.65,13.5,0
SC07-05549,18.15,44.36,20.14,354.66,8.33,0
SC07-05550,37.6,-9.46,51.4,136.15,6.06,0
SC07-05551,74.83,-0.91,50.76,288.88,7.23,0
SC07-05552,61.74,5.91,68.69,460.34,3.93,0
SC07-05553,90.25,41.83,74.77,365.26,8.01,0
SC07-05554,75.51,23.54,88.39,422.82,1.77,0
SC07-05555,10.51,53.45,32.84,196.97,0.68,0
SC07-05556,78.31,49.43,21.12,338.38,10.47,0
SC07-05557,88.19,37.36,88.25,72.77,5.12,0
SC07-05558,64.27,56.04,86.08,256.05,7.18,0
SC07-05559,10.49,44.11,25.82,117.43,8.06,0
SC07-05560,39.59,6.99,71.18,448.27,0.12,0
SC07-05561,0.41,6.6,58.74,307.74,13.72,0
SC07-05562,84.97,55.98,65.35,148.59,3.87,0
SC07-05563,46.26,53.05,65.94,434.77,4.34,0
SC07-05564,11.03,57.41,45.19,290.77,11.6,0
SC07-05565,74.38,-0.52,64.02,463.13,3.99,0
SC07-05566,23.23,43.8,83.03,496.76,1.53,0
SC07-05567,39.1,55.57,73.36,124.74,8.12,0
SC07-05568,91.96,4.65,61.12,164.69,8.77,0
SC07-05569,71.06,29.74,5.42,406.19,9.86,0
SC07-05570,57.23,20.04,50.63,157.11,7.1,0
SC07-05571,22.3,37.04,32.99,333.0,11.16,0
SC07-05572,7.2,23.39,30.94,411.91,13.87,0
SC07-05573,67.72,24.22,95.52,105.26,13.95,0
SC07-05574,65.22,-3.15,68.67,232.99,13.4,0
SC07-05575,9.39,54.48,63.68,96.65,9.21,0
SC07-05576,64.19,-9.82,50.79,108.96,8.17,0
SC07-05577,14.86,3.82,71.16,160.77,0.19,0
SC07-05578,90.42,18.62,58.79,170.03,13.36,0
SC07-05579,33.3,43.61,72.8,112.1,10.71,0
SC07-05580,96.2,55.08,68.34,196.29,2.74,0
SC07-05581,45.86,11.95,67.1,165.51,1.66,0
SC07-05582,62.31,0.91,59.42,26.82,1.96,0
SC07-05583,12.8,8.75,48.73,146.01,11.09,0
SC07-05584,32.97,-7.66,24.3,178.47,5.15,0
SC07-05585,69.49,59.07,4.19,490.98,0.51,0
SC07-05586,41.11,22.92,7.36,209.05,4.33,0
SC07-05587,93.7,45.51,56.36,399.66,11.19,0
SC07-05588,11.12,1.21,55.1,124.64,9.28,0
SC07-05589,9.32,34.44,47.76,366.21,11.0,0
SC07-05590,84.27,12.74,43.76,202.61,12.69,0
SC07-05591,16.89,0.46,97.84,324.55,9.19,0
SC07-05592,63.23,15.53,29.6,209.62,9.73,0
SC07-05593,24.83,-9.69,25.67,184.86,11.36,0
SC07-05594,34.01,13.31,12.61,203.94,9.88,0
SC07-05595,42.87,24.98,48.73,269.47,11.23,0
SC07-05596,31.16,45.55,23.21,68.45,5.74,0
SC07-05597,98.62,30.36,60.06,131.43,11.53,0
SC07-05598,3.54,26.37,69.43,412.4,5.6,0
SC07-05599,37.7,36.25,81.96,71.06,13.44,0
SC07-05600,88.98,29.4,18.37,342.83,2.1,0
SC07-05601,56.42,16.22,33.72,11.68,1.46,0
SC07-05602,77.33,-7.4,64.33,458.0,0.33,0
SC07-05603,72.13,56.93,67.82,86.32,0.78,0
SC07-05604,58.4,4.61,30.93,16.58,6.11,0
SC07-05605,47.56,1.45,11.45,91.16,1.03,0
SC07-05606,64.91,38.01,75.49,408.95,8.23,0
SC07-05607,63.52,48.74,74.06,78.78,12.88,0
SC07-05608,78.32,32.66,11.25,425.05,3.14,0
SC07-05609,48.04,1.17,91.96,21.06,0.78,0
SC07-05610,55.92,51.91,51.09,326.18,6.22,0
SC07-05611,27.97,21.78,5.41,143.04,7.84,0
SC07-05612,49.1,27.9,88.91,394.64,12.47,0
SC07-05613,93.35,-5.65,19.35,79.39,9.24,0
SC07-05614,83.06,42.31,2.58,39.58,13.96,0
SC07-05615,42.14,30.38,5.3,145.57,5.82,0
SC07-05616,41.91,25.23,32.4,370.33,3.79,0
SC07-05617,40.84,49.12,41.7,346.31,0.27,0
SC07-05618,42.66,48.12,26.53,77.82,8.79,0
SC07-05619,91.68,59.95,17.69,230.52,6.34,0
SC07-05620,46.58,7.54,49.48,453.07,3.65,0
SC07-05621,44.15,46.73,69.91,136.29,4.45,0
SC07-05622,46.81,44.28,5.29,216.99,1.99,0
SC07-05623,61.48,25.01,45.38,460.64,7.64,0
SC07-05624,15.51,26.57,79.56,68.17,11.15,0
SC07-05625,14.66,18.07,71.96,353.72,10.58,0
SC07-05626,25.72,20.63,0.13,97.94,6.9,0
SC07-05627,64.55,55.91,3.33,193.6,10.04,0
SC07-05628,54.27,-9.26,20.13,344.99,13.49,0
SC07-05629,40.14,11.39,47.2,434.97,11.73,0
SC07-05630,63.6,0.1,58.26,95.45,1.72,0
SC07-05631,17.42,43.32,26.25,278.32,5.05,0
SC07-05632,98.3,37.06,27.01,419.23,11.09,0
SC07-05633,8.47,32.28,97.71,278.18,3.66,0
SC07-05634,1.97,20.8,93.1,59.25,0.02,0
SC07-05635,51.44,40.68,40.04,436.11,1.44,0
SC07-05636,17.06,23.57,64.89,362.27,0.77,0
SC07-05637,82.7,-5.92,22.61,212.32,7.67,0
SC07-05638,37.3,20.98,37.93,349.69,9.07,0
SC07-05639,29.37,-4.17,5.37,487.22,1.28,0
SC07-05640,92.64,29.95,0.05,338.14,0.71,0
SC07-05641,10.61,28.87,36.21,363.26,0.17,0
SC07-05642,4.81,14.36,28.91,236.78,9.61,0
SC07-05643,93.03,6.08,68.27,87.81,1.15,0
SC07-05644,98.98,2.05,90.12,235.33,12.66,0
SC07-05645,79.06,23.14,64.84,337.22,9.16,0
SC07-05646,86.01,13.36,23.01,299.57,4.5,0
SC07-05647,86.71,59.14,74.82,127.2,10.64,0
SC07-05648,34.65,16.85,67.82,307.77,10.39,0
SC07-05649,66.89,1.6,28.13,202.23,1.58,0
SC07-05650,77.86,4.78,29.17,470.58,11.02,0
SC07-05651,85.08,-3.5,89.81,93.83,6.42,0
SC07-05652,78.1,32.88,22.98,222.07,5.93,0
SC07-05653,75.16,41.91,77.14,343.36,6.26,0
SC07-05654,53.36,42.05,90.05,383.56,0.07,0
SC07-05655,53.02,14.05,76.68,404.17,6.41,0
SC07-05656,59.87,-6.75,36.32,149.14,10.13,0
SC07-05657,51.62,-4.48,27.29,306.14,7.22,0
SC07-05658,21.14,47.36,33.74,200.38,3.97,0
SC07-05659,4.51,14.88,25.55,165.35,7.91,0
SC07-05660,57.76,20.57,18.27,186.94,3.41,0
SC07-05661,14.54,20.9,59.12,48.59,1.63,0
SC07-05662,69.15,-6.03,70.11,185.97,9.7,0
SC07-05663,7.08,27.4,41.04,212.15,7.16,0
SC07-05664,55.39,59.68,32.15,111.19,2.32,0
SC07-05665,24.28,47.87,41.2,250.04,2.94,0
SC07-05666,81.87,21.78,69.44,325.42,9.7,0
SC07-05667,85.14,-9.42,75.94,442.37,2.07,0
SC07-05668,85.84,8.53,34.62,483.9,6.93,0
SC07-05669,93.24,-9.39,85.16,148.25,11.57,0
SC07-05670,82.26,26.19,88.44,242.13,11.08,0
SC07-05671,86.45,40.28,14.09,32.12,10.62,0
SC07-05672,28.19,58.02,25.54,364.42,3.92,0
SC07-05673,30.5,-9.66,17.45,123.95,6.38,0
SC07-05674,10.37,40.47,91.89,341.1,13.81,0
SC07-05675,87.96,-4.36,42.98,229.01,6.99,0
SC07-05676,53.53,46.61,34.41,72.03,11.65,0
SC07-05677,18.09,21.22,94.27,213.93,12.87,0
SC07-05678,51.85,33.31,58.97,270.88,6.45,0
SC07-05679,47.06,10.52,32.94,128.99,6.33,0
SC07-05680,29.49,-5.15,27.76,57.77,8.55,0
SC07-05681,99.51,40.54,58.12,345.96,2.98,0
SC07-05682,99.47,54.19,69.13,481.28,6.09,0
SC07-05683,69.54,13.3,99.1,493.94,8.14,0
SC07-05684,25.12,52.71,51.59,13.61,2.14,1
SC07-05685,27.88,58.42,28.63,147.3,8.46,0
SC07-05686,42.19,45.18,34.95,59.41,12.42,0
SC07-05687,98.12,18.67,80.33,68.05,1.85,0
SC07-05688,92.16,50.75,6.21,470.95,6.51,0
SC07-05689,65.72,13.47,25.23,15.13,4.43,0
SC07-05690,23.21,16.51,13.13,65.27,8.9,0
SC07-05691,29.95,7.37,21.32,220.0,9.45,0
SC07-05692,80.84,53.95,71.55,454.22,0.94,0
SC07-05693,41.39,35.41,28.43,228.28,12.24,0
SC07-05694,41.84,50.31,79.98,52.57,8.76,0
SC07-05695,20.97,38.9,49.15,423.72,7.81,0
SC07-05696,48.83,43.08,4.75,197.55,1.09,0
SC07-05697,69.7,10.92,62.26,255.33,7.19,0
SC07-05698,37.67,14.75,32.61,416.69,1.12,0
SC07-05699,93.01,1.57,85.45,340.33,2.46,0
SC07-05700,13.95,55.67,91.49,261.66,7.56,0
SC07-05701,43.28,-7.09,92.53,417.09,8.59,0
SC07-05702,39.01,54.56,60.57,380.59,2.46,0
SC07-05703,50.15,0.94,69.27,266.31,4.01,0
SC07-05704,88.34,12.98,4.45,39.62,3.08,0
SC07-05705,67.45,47.01,54.04,433.52,6.44,0
SC07-05706,79.27,42.82,16.76,372.9,12.85,0
SC07-05707,20.8,20.28,38.16,218.24,4.1,0
SC07-05708,78.76,55.06,74.9,272.57,1.91,0
SC07-05709,94.47,39.17,77.78,93.08,2.02,0
SC07-05710,46.28,16.51,2.91,121.6,0.09,0
SC07-05711,99.39,23.82,56.1,415.58,6.13,0
SC07-05712,8.0,42.04,40.67,332.92,3.19,0
SC07-05713,22.19,34.64,34.7,435.04,10.59,0
SC07-05714,95.6,39.3,48.03,171.06,5.95,0
SC07-05715,19.29,35.53,85.88,425.68,6.34,0
SC07-05716,64.43,43.7,5.59,165.3,4.76,0
SC07-05717,35.65,30.88,21.83,470.76,10.86,0
SC07-05718,22.06,34.52,82.49,85.11,4.82,0
SC07-05719,92.45,21.37,91.16,156.09,2.29,0
SC07-05720,25.46,43.43,97.1,165.53,4.73,0
SC07-05721,90.82,26.48,72.64,350.18,3.12,0
SC07-05722,57.88,21.49,91.55,229.08,0.54,0
SC07-05723,10.43,19.09,97.11,268.72,13.36,0
SC07-05724,35.97,30.86,63.76,432.11,5.6,0
SC07-05725,64.49,6.3,39.1,393.39,12.23,0
SC07-05726,38.01,-9.29,96.39,139.27,9.4,0
SC07-05727,89.78,42.23,43.12,373.06,2.9,0
SC07-05728,71.17,33.65,7.06,344.89,3.97,0
SC07-05729,60.23,14.66,46.52,344.74,0.41,0
SC07-05730,65.92,19.63,16.17,338.7,3.66,0
SC07-05731,31.28,48.82,67.75,139.52,2.24,0
SC07-05732,27.46,24.17,2.4,277.58,4.52,0
SC07-05733,5.92,-0.99,71.84,112.69,13.37,0
SC07-05734,57.59,-7.97,11.73,360.67,7.06,0
SC07-05735,9.11,43.14,14.38,111.92,4.98,0
SC07-05736,54.97,-6.27,89.11,274.06,13.97,0
SC07-05737,3.82,37.16,94.66,182.99,3.06,0
SC07-05738,45.7,48.64,19.77,201.85,0.3,0
SC07-05739,63.59,21.49,16.57,383.47,0.99,0
SC07-05740,31.88,16.67,60.82,330.03,5.15,0
SC07-05741,69.68,30.7,89.8,176.73,6.92,0
SC07-05742,56.83,32.81,37.09,183.92,12.47,0
SC07-05743,32.42,35.4,68.83,193.36,7.88,0
SC07-05744,63.15,21.02,30.04,182.27,12.46,0
SC07-05745,83.98,52.83,55.92,312.13,13.19,0
SC07-05746,68.97,-0.83,85.32,448.44,2.01,0
SC07-05747,93.3,55.97,89.42,386.82,9.03,0
SC07-05748,50.06,44.24,7.43,325.06,1.35,0
SC07-05749,6.71,34.04,18.5,149.68,12.71,0
SC07-05750,49.14,39.74,31.97,30.02,2.86,0
SC07-05751,78.95,36.54,47.36,192.86,8.72,0
SC07-05752,26.21,4.17,51.29,387.31,1.98,0
SC07-05753,95.11,3.2,72.88,341.6,3.39,0
SC07-05754,72.35,-3.59,16.85,496.01,12.29,0
SC07-05755,28.57,41.57,17.29,100.14,10.82,0
SC07-05756,23.36,35.08,79.43,11.03,3.51,1
SC07-05757,17.6,40.16,82.27,450.59,5.06,0
SC07-05758,83.05,1.53,47.82,158.49,7.95,0
SC07-05759,70.74,9.76,81.73,303.89,3.54,0
SC07-05760,13.63,53.76,23.67,76.93,4.23,0
SC07-05761,0.82,28.76,59.43,477.41,10.94,0
SC07-05762,20.39,11.18,96.32,488.7,3.67,0
SC07-05763,50.23,15.68,6.87,107.17,10.74,0
SC07-05764,62.34,38.43,89.25,213.76,5.82,0
SC07-05765,18.56,6.75,81.94,57.99,1.63,0
SC07-05766,2.59,1.58,8.63,347.9,2.85,0
SC07-05767,8.36,5.67,9.23,296.03,4.27,0
SC07-05768,3.44,33.26,95.08,25.37,7.63,0
SC07-05769,52.83,-5.08,37.98,206.08,11.33,0
SC07-05770,15.78,-1.81,57.23,338.05,12.16,0
SC07-05771,3.61,0.79,67.07,96.1,5.5,0
SC07-05772,56.16,47.16,20.69,221.13,2.12,0
SC07-05773,76.04,51.67,62.6,244.53,13.88,0
SC07-05774,97.38,39.81,69.58,34.6,6.78,0
SC07-05775,1.13,35.86,69.08,450.96,1.29,0
SC07-05776,11.52,25.43,76.27,145.28,4.49,0
SC07-05777,86.68,-2.16,72.22,390.86,0.32,0
SC07-05778,88.74,7.43,95.27,131.75,5.15,0
SC07-05779,2.78,24.52,25.61,259.62,10.78,0
SC07-05780,34.49,47.85,49.59,173.38,9.85,0
SC07-05781,35.81,50.18,45.92,113.05,11.56,0
SC07-05782,75.59,4.63,39.44,417.62,9.27,0
SC07-05783,95.97,25.27,7.68,326.16,11.94,0
SC07-05784,74.44,43.84,31.55,444.41,10.57,0
SC07-05785,97.66,57.97,95.41,379.85,8.03,0
SC07-05786,37.91,44.0,6.04,199.47,6.46,0
SC07-05787,1.37,31.57,28.09,457.0,12.08,0
SC07-05788,96.78,17.8,60.46,430.65,1.92,0
SC07-05789,76.59,5.27,46.12,14.64,1.51,0
SC07-05790,68.12,26.6,0.89,13.21,6.94,0
SC07-05791,91.31,9.2,4.86,210.43,3.5,0
SC07-05792,21.62,5.08,3.06,376.32,4.73,0
SC07-05793,53.45,24.36,28.53,347.92,9.71,0
SC07-05794,55.21,33.61,65.11,121.7,4.69,0
SC07-05795,73.22,48.85,49.29,71.07,11.91,0
SC07-05796,32.5,27.92,69.25,342.95,7.71,0
SC07-05797,33.77,9.2,31.64,435.13,2.96,0
SC07-05798,76.93,52.59,95.48,390.86,13.49,0
SC07-05799,91.93,26.36,16.51,375.5,6.0,0
SC07-05800,54.27,53.62,54.78,244.52,5.55,0
SC07-05801,56.26,34.44,14.54,120.26,0.24,0
SC07-05802,25.81,6.48,25.53,182.05,4.36,0
SC07-05803,42.11,45.97,51.73,369.03,13.21,0
SC07-05804,26.57,17.5,49.11,44.17,0.54,0
SC07-05805,22.8,22.02,34.52,84.33,6.19,0
SC07-05806,39.96,-1.47,35.84,150.95,7.18,0
SC07-05807,11.09,44.34,25.31,39.74,6.15,0
SC07-05808,54.41,39.47,71.13,351.52,12.48,0
SC07-05809,7.27,27.73,11.83,153.46,12.84,0
SC07-05810,85.97,51.42,7.61,258.2,2.33,0
SC07-05811,74.85,-8.45,33.28,169.89,8.83,0
SC07-05812,37.91,14.54,25.82,370.76,7.01,0
SC07-05813,24.68,25.46,25.55,424.65,10.9,0
SC07-05814,84.56,6.2,45.21,494.32,11.3,0
SC07-05815,19.84,51.41,67.67,315.94,4.41,0
SC07-05816,99.19,49.33,35.42,205.14,5.94,0
SC07-05817,0.89,59.47,85.12,46.36,13.37,0
SC07-05818,64.35,-0.36,49.65,74.92,3.09,0
SC07-05819,52.27,45.99,47.16,133.53,1.76,0
SC07-05820,9.9,50.01,96.59,222.51,12.21,0
SC07-05821,20.77,45.85,23.18,183.83,11.01,0
SC07-05822,5.54,30.67,83.77,315.49,0.3,0
SC07-05823,79.0,3.56,2.94,358.07,8.03,0
SC07-05824,40.64,54.31,36.07,271.8,0.97,0
SC07-05825,41.19,38.52,25.96,445.79,10.83,0
SC07-05826,1.93,9.26,52.77,125.94,3.81,0
SC07-05827,87.16,57.28,81.3,16.96,9.67,0
SC07-05828,17.27,24.09,57.04,356.26,8.07,0
SC07-05829,87.63,-1.31,81.13,296.96,4.98,0
SC07-05830,28.51,42.42,42.77,164.65,1.93,0
SC07-05831,8.45,41.93,69.67,421.28,9.77,0
SC07-05832,35.37,20.46,47.47,84.28,0.11,0
SC07-05833,1.2,19.04,93.02,444.5,12.43,0
SC07-05834,71.84,-5.32,99.28,102.35,4.28,0
SC07-05835,58.0,44.82,69.71,159.46,2.58,0
SC07-05836,31.3,-1.77,40.93,106.43,3.19,0
SC07-05837,16.23,9.49,73.23,303.02,10.06,0
SC07-05838,68.69,37.85,4.62,45.25,0.18,0
SC07-05839,55.62,56.22,12.54,356.05,3.97,0
SC07-05840,65.61,21.39,95.2,368.83,3.35,0
SC07-05841,85.64,51.18,77.82,469.95,4.22,0
SC07-05842,28.18,38.92,85.32,86.87,9.88,0
SC07-05843,63.71,52.27,24.52,356.82,10.83,0
SC07-05844,78.72,52.09,89.19,101.0,2.99,0
SC07-05845,16.9,27.44,47.19,179.6,5.68,0
SC07-05846,49.19,59.55,12.47,104.06,12.86,0
SC07-05847,41.46,12.8,27.39,228.17,9.95,0
SC07-05848,9.59,-4.2,51.77,64.95,10.2,0
SC07-05849,98.46,48.51,86.53,480.07,13.44,0
SC07-05850,67.51,26.52,59.45,36.49,10.1,0
SC07-05851,0.2,40.94,12.08,494.42,1.67,0
SC07-05852,30.07,18.09,25.46,356.28,1.14,0
SC07-05853,10.31,30.78,50.48,30.18,8.07,0
SC07-05854,36.32,11.24,73.15,150.99,12.86,0
SC07-05855,21.29,41.22,76.96,258.09,7.65,0
SC07-05856,65.15,13.55,71.04,120.59,14.0,0
SC07-05857,66.91,57.93,55.96,419.39,10.19,0
SC07-05858,45.85,-6.04,56.03,443.68,8.86,0
SC07-05859,34.06,2.08,93.14,78.41,10.51,0
SC07-05860,72.71,28.84,3.08,484.46,10.57,0
SC07-05861,40.62,30.02,58.56,307.25,9.32,0
SC07-05862,41.19,-8.63,54.11,180.29,10.06,0
SC07-05863,20.33,59.49,82.89,323.29,5.05,0
SC07-05864,6.32,11.52,75.8,334.32,1.87,0
SC07-05865,10.84,40.21,82.91,94.46,13.9,0
SC07-05866,47.24,48.24,74.93,421.39,0.3,0
SC07-05867,4.66,7.22,52.02,30.39,8.84,0
SC07-05868,75.18,19.18,71.36,381.86,10.52,0
SC07-05869,93.92,5.74,3.66,400.27,11.12,0
SC07-05870,70.63,29.94,88.93,257.42,3.82,0
SC07-05871,27.13,0.82,69.52,217.6,10.12,0
SC07-05872,54.08,50.57,93.39,88.0,5.74,0
SC07-05873,5.93,23.23,28.64,431.74,11.37,0
SC07-05874,39.5,20.91,42.71,197.58,9.48,0
SC07-05875,8.98,31.87,16.02,51.48,13.97,0
SC07-05876,27.14,23.36,35.0,429.55,11.29,0
SC07-05877,19.38,13.37,13.24,74.58,2.6,0
SC07-05878,97.5,17.8,99.17,112.88,3.03,0
SC07-05879,84.52,17.23,95.2,127.84,2.41,0
SC07-05880,92.64,56.67,22.27,5.05,12.75,0
SC07-05881,75.89,59.94,46.14,387.64,3.61,0
SC07-05882,76.06,41.27,22.71,43.27,7.21,0
SC07-05883,14.66,0.39,46.5,372.32,5.15,0
SC07-05884,12.51,39.57,20.01,380.03,8.05,0
SC07-05885,98.34,-5.67,79.86,420.28,12.32,0
SC07-05886,39.94,54.69,40.82,465.35,2.72,0
SC07-05887,49.26,6.14,99.29,64.76,7.46,0
SC07-05888,35.5,18.02,77.33,385.39,3.23,0
SC07-05889,13.98,45.06,85.49,109.56,9.44,0
SC07-05890,18.62,42.56,20.79,17.67,11.34,1
SC07-05891,71.75,47.72,73.33,357.19,0.74,0
SC07-05892,54.32,30.88,14.26,103.81,13.1,0
SC07-05893,3.4,42.01,1.11,98.76,3.27,0
SC07-05894,76.17,37.8,63.23,268.7,11.35,0
SC07-05895,21.05,9.67,39.86,383.02,1.15,0
SC07-05896,36.0,24.08,54.74,460.96,3.77,0
SC07-05897,21.91,-2.93,52.38,355.43,8.77,0
SC07-05898,75.27,38.1,11.37,474.74,8.0,0
SC07-05899,38.56,-8.84,97.72,313.92,4.14,0
SC07-05900,84.42,14.96,30.25,416.0,2.02,0
SC07-05901,36.76,36.6,53.94,111.23,8.69,0
SC07-05902,15.73,10.26,32.32,356.64,8.81,0
SC07-05903,45.03,35.34,99.08,301.27,7.31,0
SC07-05904,36.27,4.29,72.58,66.39,13.89,0
SC07-05905,21.34,46.2,3.8,301.62,8.59,0
SC07-05906,60.72,53.96,67.69,258.94,3.05,0
SC07-05907,21.12,38.54,2.29,82.49,8.31,0
SC07-05908,37.41,30.72,67.42,481.98,11.17,0
SC07-05909,77.94,37.67,72.75,63.88,0.16,0
SC07-05910,43.59,51.39,73.64,262.0,8.93,0
SC07-05911,76.74,18.23,45.77,495.23,6.92,0
SC07-05912,47.1,50.96,82.88,288.5,7.45,0
SC07-05913,24.66,29.17,35.84,307.82,12.47,0
SC07-05914,0.1,26.94,18.52,73.32,6.58,0
SC07-05915,16.89,-2.78,35.25,379.69,3.39,0
SC07-05916,67.7,10.65,57.28,492.89,3.19,0
SC07-05917,60.37,33.06,91.7,144.52,2.81,0
SC07-05918,56.29,12.43,74.41,207.38,6.1,0
SC07-05919,66.25,15.76,7.45,29.1,6.87,0
SC07-05920,3.13,0.47,85.22,7.85,2.05,1
SC07-05921,80.67,22.74,20.4,335.74,3.1,0
SC07-05922,74.29,1.74,73.58,328.41,6.46,0
SC07-05923,71.98,47.88,17.0,364.86,3.99,0
SC07-05924,50.5,8.75,21.38,489.84,5.97,0
SC07-05925,39.14,45.79,58.03,16.69,0.15,0
SC07-05926,54.87,20.16,72.0,363.63,10.47,0
SC07-05927,20.79,50.12,15.43,154.77,12.94,0
SC07-05928,44.73,43.82,88.66,313.97,2.77,0
SC07-05929,46.9,15.02,36.31,469.72,1.28,0
SC07-05930,99.17,45.65,78.69,308.18,0.32,0
SC07-05931,19.78,-3.23,41.48,457.65,10.8,0
SC07-05932,65.69,15.6,94.96,53.72,4.0,0
SC07-05933,75.12,47.02,71.58,209.23,13.46,0
SC07-05934,83.54,7.85,49.38,106.7,13.45,0
SC07-05935,23.38,20.83,54.91,28.48,10.79,0
SC07-05936,89.19,39.81,13.08,471.69,0.42,0
SC07-05937,33.18,20.57,91.84,43.94,2.68,0
SC07-05938,54.23,52.58,74.02,221.27,8.31,0
SC07-05939,92.24,27.78,23.64,222.53,3.44,0
SC07-05940,26.4,-6.96,81.94,254.06,8.67,0
SC07-05941,50.34,17.65,74.69,28.88,3.36,0
SC07-05942,51.15,29.95,59.17,336.53,3.93,0
SC07-05943,80.22,56.66,16.54,465.17,4.17,0
SC07-05944,87.49,15.08,52.84,297.43,2.48,0
SC07-05945,11.21,47.42,68.6,194.44,11.52,0
SC07-05946,50.44,-5.56,52.11,22.5,4.62,0
SC07-05947,31.03,33.53,38.18,0.35,4.2,1
SC07-05948,80.24,4.84,40.24,220.65,6.43,0
SC07-05949,73.47,30.8,65.71,440.67,5.96,0
SC07-05950,18.63,-1.89,33.8,492.51,3.33,0
SC07-05951,57.46,37.64,69.88,489.52,7.72,0
SC07-05952,40.88,25.19,92.62,35.06,7.88,0
SC07-05953,63.88,-7.03,82.85,61.31,7.3,0
SC07-05954,22.16,5.17,13.1,271.9,10.01,0
SC07-05955,66.15,-9.91,81.49,257.81,4.42,0
SC07-05956,0.03,50.38,16.74,169.37,11.96,0
SC07-05957,19.3,26.31,10.59,437.99,0.44,0
SC07-05958,18.44,10.6,35.38,232.85,13.48,0
SC07-05959,9.26,16.23,5.48,373.84,9.16,0
SC07-05960,9.06,10.66,56.82,289.2,2.66,0
SC07-05961,40.12,44.91,37.37,438.54,4.7,0
SC07-05962,57.56,37.03,73.97,296.56,11.67,0
SC07-05963,57.64,27.26,8.15,216.55,9.24,0
SC07-05964,7.68,-9.45,1.15,155.59,13.27,0
SC07-05965,59.74,4.28,16.29,417.79,13.42,0
SC07-05966,55.85,40.08,78.14,467.88,5.12,0
SC07-05967,49.04,53.82,10.14,211.28,2.15,0
SC07-05968,59.1,4.53,14.05,381.2,3.91,0
SC07-05969,35.3,57.32,4.21,435.77,12.03,0
SC07-05970,80.84,-7.11,5.22,496.01,2.98,0
SC07-05971,87.28,-4.89,92.89,248.01,7.31,0
SC07-05972,34.88,0.81,44.9,270.45,5.44,0
SC07-05973,10.62,38.34,89.63,490.82,12.67,0
SC07-05974,78.9,41.85,72.08,324.83,12.84,0
SC07-05975,99.47,31.43,83.02,471.6,6.01,0
SC07-05976,49.04,-3.47,11.02,277.18,0.67,0
SC07-05977,64.32,27.94,89.92,333.61,1.84,0
SC07-05978,66.82,35.15,23.0,339.77,11.81,0
SC07-05979,92.62,3.7,18.21,178.59,12.25,0
SC07-05980,50.8,24.67,72.06,67.83,6.01,0
SC07-05981,15.06,-1.95,28.45,331.37,8.4,0
SC07-05982,55.5,38.13,70.11,498.22,11.42,0
SC07-05983,84.58,51.7,70.39,316.63,7.99,0
SC07-05984,40.46,28.33,96.69,179.66,4.81,0
SC07-05985,8.91,-0.13,4.9,108.58,5.91,0
SC07-05986,51.89,18.35,27.41,51.61,9.65,0
SC07-05987,55.68,-9.07,25.51,398.12,5.7,0
SC07-05988,4.25,27.88,7.54,305.59,12.7,0
SC07-05989,25.67,46.31,55.18,118.04,5.95,0
SC07-05990,32.57,9.63,87.53,14.92,5.66,1
SC07-05991,59.06,46.81,74.02,414.32,12.76,0
SC07-05992,3.47,47.94,69.23,228.37,4.77,0
SC07-05993,43.22,29.03,68.43,318.84,12.8,0
SC07-05994,34.84,35.77,48.71,70.83,13.76,0
SC07-05995,7.82,0.02,61.87,8.04,8.68,1
SC07-05996,45.43,50.16,65.05,453.85,2.51,0
SC07-05997,84.8,37.21,62.71,143.83,5.69,0
SC07-05998,39.05,-4.01,60.06,172.7,0.63,0
SC07-05999,39.07,49.97,28.57,69.49,13.73,0
SC07-06000,40.09,22.86,29.35,356.1,12.46,0
SC07-06001,32.02,53.46,13.48,391.16,9.61,0
SC07-06002,12.95,46.46,95.73,42.4,10.62,0
SC07-06003,38.69,43.81,54.01,217.69,10.75,0
SC07-06004,30.84,26.55,27.01,470.61,12.27,0
SC07-06005,59.45,34.19,78.61,206.53,9.11,0
SC07-06006,12.49,15.87,15.74,248.82,6.88,0
SC07-06007,68.38,-6.86,6.29,181.96,13.09,0
SC07-06008,95.18,4.44,71.68,73.76,2.07,0
SC07-06009,17.93,4.22,15.14,413.9,5.46,0
SC07-06010,3.38,26.47,74.51,261.24,8.67,0
SC07-06011,60.02,51.5,45.26,54.0,13.38,0
SC07-06012,5.66,44.09,0.83,179.99,10.25,0
SC07-06013,22.77,3.95,8.77,359.5,7.21,0
SC07-06014,37.15,18.96,32.94,480.34,8.73,0
SC07-06015,28.82,0.46,14.94,362.8,9.96,0
SC07-06016,0.66,-4.04,14.69,439.09,3.79,0
SC07-06017,25.81,42.09,72.55,396.42,3.88,0
SC07-06018,69.83,45.91,28.1,15.48,12.65,0
SC07-06019,92.62,23.98,22.24,347.33,11.21,0
SC07-06020,19.68,49.0,46.56,417.24,8.28,0
SC07-06021,54.4,38.24,30.37,378.16,1.35,0
SC07-06022,11.48,55.14,14.73,46.36,6.89,0
SC07-06023,94.03,50.58,90.12,258.52,7.03,0
SC07-06024,65.31,57.21,80.4,283.43,2.11,0
SC07-06025,31.07,58.14,34.38,231.58,10.81,0
SC07-06026,75.48,20.47,21.7,166.25,7.06,0
SC07-06027,45.17,9.76,94.42,173.41,1.78,0
SC07-06028,21.32,39.16,50.23,475.18,2.01,0
SC07-06029,74.9,59.45,82.4,74.55,4.35,0
SC07-06030,74.79,-1.02,32.19,163.47,0.95,0
SC07-06031,46.59,26.85,55.71,93.28,0.35,0
SC07-06032,4.61,7.47,33.64,115.2,10.31,0
SC07-06033,18.67,57.35,15.88,493.51,6.18,0
SC07-06034,47.28,16.58,37.89,22.13,1.8,0
SC07-06035,54.6,24.66,32.1,348.15,7.01,0
SC07-06036,7.9,36.56,5.56,236.32,2.91,0
SC07-06037,68.4,47.51,71.68,195.01,5.04,0
SC07-06038,18.96,16.0,75.01,68.13,1.8,0
SC07-06039,65.67,-7.59,84.14,355.94,13.17,0
SC07-06040,25.69,56.83,21.99,317.79,1.7,0
SC07-06041,80.53,-4.29,92.2,177.74,8.27,0
SC07-06042,86.73,16.74,30.59,353.91,4.37,0
SC07-06043,93.16,4.95,59.52,306.17,6.7,0
SC07-06044,81.08,37.85,36.24,113.54,3.4,0
SC07-06045,27.66,30.64,45.09,311.11,11.79,0
SC07-06046,46.74,-3.54,75.0,373.16,11.09,0
SC07-06047,30.25,10.61,59.98,248.17,10.34,0
SC07-06048,54.27,14.92,55.15,206.68,0.96,0
SC07-06049,53.07,25.46,83.79,238.08,5.65,0
SC07-06050,94.8,59.72,80.9,65.42,5.13,0
SC07-06051,59.08,24.94,25.51,228.17,13.69,0
SC07-06052,21.96,-1.07,90.3,291.69,0.63,0
SC07-06053,91.98,5.01,16.02,93.11,12.19,0
SC07-06054,32.15,28.97,92.94,219.49,4.06,0
SC07-06055,20.67,-1.76,31.22,470.9,10.33,0
SC07-06056,90.31,5.28,39.63,231.66,6.44,0
SC07-06057,72.31,24.75,0.64,9.0,5.64,0
SC07-06058,41.11,59.86,76.23,201.11,0.05,0
SC07-06059,96.7,16.43,71.7,81.03,13.89,0
SC07-06060,85.25,-1.59,96.71,393.72,9.03,0
SC07-06061,12.71,30.67,92.79,429.36,7.05,0
SC07-06062,86.52,27.6,48.08,395.07,10.68,0
SC07-06063,13.37,8.3,79.04,299.35,2.77,0
SC07-06064,1.11,10.96,77.92,321.92,13.98,0
SC07-06065,43.09,1.63,76.05,450.07,5.61,0
SC07-06066,96.66,-7.73,27.32,176.16,3.24,0
SC07-06067,18.17,7.67,91.41,102.79,4.76,0
SC07-06068,81.14,9.4,87.83,281.21,1.57,0
SC07-06069,52.09,11.65,86.02,216.5,1.37,0
SC07-06070,96.69,2.69,2.91,194.4,3.29,0
SC07-06071,55.73,-3.82,75.71,9.49,7.83,0
SC07-06072,72.58,5.79,37.63,312.96,7.41,0
SC07-06073,8.32,18.75,33.81,174.81,5.06,0
SC07-06074,98.49,28.67,62.54,186.14,13.05,0
SC07-06075,16.69,33.59,49.96,377.35,12.9,0
SC07-06076,20.86,49.72,19.34,344.67,4.71,0
SC07-06077,49.65,24.22,46.12,259.83,6.67,0
SC07-06078,36.61,4.67,78.83,212.57,2.92,0
SC07-06079,77.56,-3.75,25.68,297.81,8.19,0
SC07-06080,22.01,46.98,55.54,479.97,9.13,0
SC07-06081,79.94,2.54,78.66,427.48,2.69,0
SC07-06082,60.78,-9.09,81.14,424.76,1.61,0
SC07-06083,86.59,-7.68,7.5,111.97,1.49,0
SC07-06084,30.79,57.69,30.78,91.71,2.78,0
SC07-06085,97.18,24.96,15.63,37.29,13.9,0
SC07-06086,60.37,-3.91,86.4,262.29,5.51,0
SC07-06087,80.02,16.91,81.93,411.66,11.56,0
SC07-06088,70.4,-8.7,83.92,490.39,9.22,0
SC07-06089,57.07,-3.73,98.12,240.6,7.42,0
SC07-06090,92.21,16.7,61.31,286.15,6.47,0
SC07-06091,23.12,21.65,97.78,292.02,5.52,0
SC07-06092,4.51,2.69,19.37,90.6,4.28,0
SC07-06093,67.46,-6.0,50.89,193.48,7.92,0
SC07-06094,98.09,52.71,91.12,310.22,6.57,0
SC07-06095,66.46,42.7,36.4,457.5,6.22,0
SC07-06096,19.55,43.78,48.89,3.56,1.62,1
SC07-06097,33.56,37.45,9.59,482.53,9.46,0
SC07-06098,20.56,46.59,73.02,425.02,0.06,0
SC07-06099,96.64,19.68,34.03,254.19,9.63,0
SC07-06100,86.75,38.07,42.01,31.42,12.99,0
SC07-06101,52.37,37.15,47.43,470.88,7.01,0
SC07-06102,98.63,23.52,83.0,460.22,8.28,0
SC07-06103,82.93,56.42,91.58,496.43,5.75,0
SC07-06104,27.15,24.73,16.82,100.38,6.86,0
SC07-06105,83.97,36.05,88.5,382.61,4.91,0
SC07-06106,39.37,51.03,26.38,167.39,6.22,0
SC07-06107,74.14,16.95,25.93,291.68,3.71,0
SC07-06108,44.26,-4.52,35.36,314.18,10.34,0
SC07-06109,27.51,21.03,25.27,159.86,0.51,0
SC07-06110,63.85,7.72,77.47,120.67,6.93,0
SC07-06111,60.05,-9.61,72.5,339.61,10.47,0
SC07-06112,61.11,12.04,22.7,311.87,4.66,0
SC07-06113,2.7,20.86,81.47,139.83,12.14,0
SC07-06114,3.25,57.75,52.5,187.3,7.45,0
SC07-06115,19.87,27.36,92.49,290.17,2.61,0
SC07-06116,60.72,7.34,60.08,151.47,10.36,0
SC07-06117,4.29,54.32,81.14,14.59,3.1,1
SC07-06118,20.9,57.73,87.55,43.68,0.02,0
SC07-06119,87.99,5.29,81.08,353.26,11.74,0
SC07-06120,31.42,-6.79,73.81,70.58,5.05,0
SC07-06121,23.05,27.31,63.16,215.94,2.83,0
SC07-06122,29.14,17.62,28.11,213.52,9.68,0
SC07-06123,99.78,56.77,39.41,215.94,0.52,0
SC07-06124,21.84,50.0,13.65,242.85,11.51,0
SC07-06125,57.04,23.22,11.15,297.32,10.96,0
SC07-06126,70.87,43.05,28.37,407.86,0.75,0
SC07-06127,8.88,2.53,48.92,22.46,11.26,0
SC07-06128,11.02,51.17,32.79,195.87,13.67,0
SC07-06129,26.24,51.68,47.58,316.92,2.83,0
SC07-06130,19.63,6.52,83.45,213.56,3.69,0
SC07-06131,21.5,12.5,86.22,185.6,9.88,0
SC07-06132,47.31,31.3,85.5,11.46,11.32,0
SC07-06133,34.39,43.02,64.13,91.71,0.44,0
SC07-06134,76.05,-7.97,40.35,263.93,4.68,0
SC07-06135,75.62,-5.77,8.52,423.07,9.79,0
SC07-06136,68.02,-1.62,15.99,91.17,12.36,0
SC07-06137,39.91,-3.36,21.84,54.89,2.63,0
SC07-06138,46.17,15.47,64.46,260.46,4.17,0
SC07-06139,67.22,38.99,96.6,454.61,3.48,0
SC07-06140,41.12,25.04,0.9,458.33,7.07,0
SC07-06141,97.92,24.25,6.61,22.44,11.24,0
SC07-06142,40.45,34.88,11.91,14.98,5.98,0
SC07-06143,4.08,-7.49,45.51,102.49,7.53,0
SC07-06144,64.55,20.9,73.08,256.15,2.75,0
SC07-06145,1.06,7.8,84.14,175.63,2.98,0
SC07-06146,92.97,13.0,28.47,339.2,12.15,0
SC07-06147,87.76,33.41,47.92,257.04,8.6,0
SC07-06148,18.91,50.68,55.41,409.58,3.43,0
SC07-06149,66.32,17.3,98.6,122.85,13.28,0
SC07-06150,42.8,42.09,32.56,312.09,11.6,0
SC07-06151,94.82,59.57,88.88,275.41,9.23,0
SC07-06152,90.1,59.76,58.76,11.98,13.94,0
SC07-06153,97.17,-7.64,62.63,185.87,0.07,0
SC07-06154,71.32,13.96,42.33,312.5,0.76,0
SC07-06155,74.32,1.13,83.34,324.49,12.59,0
SC07-06156,60.71,31.87,62.25,190.55,3.07,0
SC07-06157,95.94,47.58,16.51,122.94,11.9,0
SC07-06158,39.96,8.53,0.32,122.41,6.16,0
SC07-06159,64.27,-1.79,35.32,402.55,11.78,0
SC07-06160,80.43,37.78,20.85,81.68,1.64,0
SC07-06161,86.64,33.96,35.73,46.71,13.67,0
SC07-06162,32.64,-8.46,12.8,39.19,13.26,0
SC07-06163,14.0,-7.27,99.67,427.16,13.07,0
SC07-06164,12.63,53.6,30.1,437.24,10.94,0
SC07-06165,3.25,6.63,96.77,454.77,4.85,0
SC07-06166,53.07,39.62,21.75,258.1,6.21,0
SC07-06167,82.46,32.0,88.5,293.46,7.36,0
SC07-06168,74.85,8.96,71.67,319.04,4.58,0
SC07-06169,52.63,-2.65,85.8,267.89,6.8,0
SC07-06170,85.96,3.15,51.52,69.04,13.05,0
SC07-06171,85.2,31.08,86.81,49.23,4.81,0
SC07-06172,87.08,15.56,46.7,209.4,7.39,0
SC07-06173,52.59,40.67,33.65,169.22,0.57,0
SC07-06174,5.36,25.93,57.52,363.97,11.93,0
SC07-06175,62.06,49.15,26.18,250.9,5.43,0
SC07-06176,67.52,13.7,82.46,381.1,7.17,0
SC07-06177,28.17,41.76,88.48,422.65,10.32,0
SC07-06178,51.04,-0.46,25.53,203.61,4.07,0
SC07-06179,23.73,13.27,44.36,425.34,8.34,0
SC07-06180,36.11,44.87,60.13,399.96,13.08,0
SC07-06181,36.83,13.28,51.08,429.4,7.11,0
SC07-06182,71.18,36.48,44.66,387.98,4.2,0
SC07-06183,76.76,21.64,49.67,246.58,5.21,0
SC07-06184,87.39,15.9,87.94,58.74,3.04,0
SC07-06185,44.74,49.61,73.67,406.12,3.48,0
SC07-06186,59.61,33.1,1.7,31.06,3.99,0
SC07-06187,33.09,15.49,98.33,273.71,4.35,0
SC07-06188,68.8,19.12,89.64,461.01,11.84,0
SC07-06189,10.55,19.85,19.75,281.82,11.03,0
SC07-06190,65.9,24.2,15.4,182.01,3.09,0
SC07-06191,90.16,55.11,77.65,215.46,3.69,0
SC07-06192,73.42,-8.54,30.11,391.12,12.76,0
SC07-06193,98.57,24.36,67.95,198.65,2.76,0
SC07-06194,6.28,9.81,36.78,56.59,8.79,0
SC07-06195,27.63,24.75,92.89,409.56,0.78,0
SC07-06196,28.29,15.52,55.57,395.15,4.94,0
SC07-06197,62.25,13.53,83.08,461.82,11.22,0
SC07-06198,95.82,19.68,55.82,484.93,3.01,0
SC07-06199,37.3,57.91,65.8,349.68,12.05,0
SC07-06200,41.46,25.63,56.05,391.16,4.99,0
SC07-06201,0.78,59.2,74.38,45.83,7.04,0
SC07-06202,75.91,-6.44,20.09,236.82,5.19,0
SC07-06203,32.96,23.01,32.11,79.34,8.76,0
SC07-06204,57.91,30.81,22.31,277.99,12.42,0
SC07-06205,77.84,33.12,96.55,435.17,9.36,0
SC07-06206,42.02,26.65,95.57,441.68,13.77,0
SC07-06207,54.63,35.24,2.44,44.0,5.16,0
SC07-06208,79.01,28.63,59.72,46.42,5.17,0
SC07-06209,20.46,-6.94,40.59,24.24,8.56,0
SC07-06210,18.99,37.45,23.74,108.57,7.99,0
SC07-06211,24.3,31.12,18.49,1.22,9.37,1
SC07-06212,23.62,29.24,44.75,84.78,9.17,0
SC07-06213,95.21,29.17,61.49,264.11,3.97,0
SC07-06214,93.91,26.38,75.27,206.11,6.34,0
SC07-06215,40.42,42.34,27.3,421.66,1.89,0
SC07-06216,0.79,6.28,51.25,46.35,4.12,0
SC07-06217,74.29,18.33,29.21,139.05,10.19,0
SC07-06218,41.3,9.24,3.0,231.55,7.82,0
SC07-06219,76.65,43.55,76.16,299.64,6.08,0
SC07-06220,23.96,31.57,65.12,259.14,9.56,0
SC07-06221,54.97,21.05,85.47,136.31,7.93,0
SC07-06222,31.11,26.85,66.38,152.98,13.3,0
SC07-06223,38.4,32.69,98.28,284.52,9.84,0
SC07-06224,24.93,46.73,33.03,218.58,4.35,0
SC07-06225,14.42,33.05,1.02,76.3,5.3,0
SC07-06226,79.39,43.13,84.69,469.37,11.27,0
SC07-06227,26.83,56.86,38.86,209.15,13.94,0
SC07-06228,51.94,57.11,12.17,493.18,2.55,0
SC07-06229,13.91,44.71,14.59,332.49,9.1,0
SC07-06230,97.48,35.19,26.63,280.09,1.92,0
SC07-06231,90.33,5.86,20.78,242.99,7.81,0
SC07-06232,26.98,58.69,67.55,32.16,7.21,0
SC07-06233,49.19,11.06,88.33,260.41,4.57,0
SC07-06234,50.14,-6.4,26.55,164.85,8.18,0
SC07-06235,68.65,53.94,32.56,387.78,9.28,0
SC07-06236,65.17,36.63,79.08,185.92,11.22,0
SC07-06237,50.24,29.31,0.21,443.35,4.72,0
SC07-06238,84.97,-0.78,39.56,374.31,9.12,0
SC07-06239,26.11,7.88,60.17,107.42,5.8,0
SC07-06240,22.42,22.68,36.76,53.69,13.47,0
SC07-06241,35.51,51.8,79.96,88.79,0.86,0
SC07-06242,15.09,58.65,51.01,221.54,6.38,0
SC07-06243,9.98,15.81,5.07,162.9,8.84,0
SC07-06244,9.27,57.97,34.76,472.03,0.3,0
SC07-06245,34.03,16.18,10.13,111.9,12.31,0
SC07-06246,54.73,-6.52,8.76,131.56,2.63,0
SC07-06247,18.56,3.01,56.27,434.02,6.66,0
SC07-06248,42.33,39.72,20.48,427.1,9.4,0
SC07-06249,69.18,-6.67,27.91,103.6,7.67,0
SC07-06250,0.16,-7.16,98.17,400.2,8.62,0
SC07-06251,7.74,47.64,4.32,181.82,1.78,0
SC07-06252,8.15,8.71,45.91,419.3,10.9,0
SC07-06253,91.83,30.63,76.66,180.92,8.38,0
SC07-06254,33.38,-0.71,1.89,90.1,8.63,0
SC07-06255,42.92,57.02,80.18,107.78,12.65,0
SC07-06256,50.38,3.56,31.21,433.67,8.79,0
SC07-06257,47.91,52.78,71.95,61.75,0.56,0
SC07-06258,7.68,31.67,15.31,444.72,1.96,0
SC07-06259,40.15,31.14,28.75,401.79,2.82,0
SC07-06260,45.99,9.78,44.7,483.21,2.17,0
SC07-06261,28.34,-4.21,12.63,141.0,11.2,0
SC07-06262,17.96,19.75,35.14,427.95,2.46,0
SC07-06263,20.12,-3.95,41.38,177.9,7.14,0
SC07-06264,41.85,0.19,45.37,165.88,2.1,0
SC07-06265,45.69,-0.28,5.41,120.98,8.81,0
SC07-06266,47.31,-5.98,45.47,157.04,0.11,0
SC07-06267,88.93,14.94,74.83,420.99,9.59,0
SC07-06268,43.66,24.12,42.63,1.37,6.47,0
SC07-06269,7.6,-5.03,17.78,348.91,1.28,0
SC07-06270,38.31,50.87,59.88,405.1,13.61,0
SC07-06271,36.5,45.7,57.43,114.82,9.75,0
SC07-06272,23.13,34.08,37.06,264.86,10.28,0
SC07-06273,70.09,57.78,87.09,209.3,6.62,0
SC07-06274,5.61,20.97,29.68,72.64,1.52,0
SC07-06275,52.8,-7.76,27.14,197.97,3.71,0
SC07-06276,74.99,44.89,62.81,342.05,10.35,0
SC07-06277,57.35,-0.01,3.45,34.41,10.85,0
SC07-06278,90.59,12.61,30.48,252.21,10.91,0
SC07-06279,9.85,32.48,19.04,195.68,5.11,0
SC07-06280,24.78,58.64,20.31,119.06,4.42,0
SC07-06281,70.87,15.78,30.27,232.73,12.19,0
SC07-06282,0.29,47.37,89.97,59.76,10.79,0
SC07-06283,26.35,21.56,44.9,319.89,2.05,0
SC07-06284,78.63,-9.25,96.67,134.78,0.86,0
SC07-06285,81.89,13.87,70.01,311.2,7.73,0
SC07-06286,68.0,46.35,86.26,460.21,8.79,0
SC07-06287,56.54,22.95,44.91,420.28,7.55,0
SC07-06288,38.07,-2.41,37.86,222.22,0.52,0
SC07-06289,60.43,24.55,73.95,483.94,10.84,0
SC07-06290,23.9,43.44,6.92,28.6,4.86,0
SC07-06291,36.31,47.77,8.4,189.21,10.77,0
SC07-06292,18.92,40.22,7.36,294.43,13.93,0
SC07-06293,37.58,35.05,2.79,301.08,11.43,0
SC07-06294,72.27,-6.98,35.04,358.69,8.81,0
SC07-06295,92.81,50.91,82.8,489.56,4.68,0
SC07-06296,20.26,48.87,46.71,331.97,11.93,0
SC07-06297,99.05,50.55,0.67,130.48,2.52,0
SC07-06298,1.23,27.66,64.8,212.69,9.14,0
SC07-06299,72.12,21.51,58.1,409.39,5.75,0
SC07-06300,76.01,58.47,83.02,328.82,11.03,0
SC07-06301,81.91,-5.46,56.11,256.27,12.11,0
SC07-06302,73.95,-8.15,60.64,469.65,3.08,0
SC07-06303,83.84,31.13,6.8,139.17,8.0,0
SC07-06304,81.46,-5.29,46.74,24.49,2.75,0
SC07-06305,13.59,38.32,66.68,263.69,4.83,0
SC07-06306,84.4,36.78,69.03,230.92,11.53,0
SC07-06307,85.11,44.94,8.46,335.51,6.5,0
SC07-06308,69.77,25.46,88.09,50.28,7.88,0
SC07-06309,42.68,35.92,73.52,454.38,4.28,0
SC07-06310,2.82,24.36,20.23,158.97,8.32,0
SC07-06311,39.03,45.87,68.58,495.24,11.44,0
SC07-06312,14.93,14.79,81.6,422.15,13.59,0
SC07-06313,36.84,6.81,92.75,416.95,13.07,0
SC07-06314,66.29,45.8,73.06,391.22,8.54,0
SC07-06315,35.17,-6.59,35.69,212.21,10.46,0
SC07-06316,87.93,40.57,41.61,236.44,5.08,0
SC07-06317,12.06,-0.85,11.3,363.47,3.67,0
SC07-06318,44.93,58.63,49.91,303.61,5.23,0
SC07-06319,98.49,55.0,66.67,472.56,9.16,0
SC07-06320,30.69,27.59,37.28,302.21,8.26,0
SC07-06321,75.17,2.42,14.46,18.05,1.12,0
SC07-06322,20.01,38.79,89.21,212.89,8.09,0
SC07-06323,14.87,46.69,11.19,44.52,5.88,0
SC07-06324,58.53,3.24,36.96,339.12,2.98,0
SC07-06325,7.63,43.53,47.84,108.37,4.49,0
SC07-06326,39.33,-0.72,79.78,361.85,6.68,0
SC07-06327,23.21,13.06,33.15,211.76,2.4,0
SC07-06328,13.58,37.29,77.56,478.05,3.55,0
SC07-06329,50.42,-2.04,55.85,201.62,11.96,0
SC07-06330,58.92,10.33,36.84,226.03,7.99,0
SC07-06331,16.52,-1.07,57.9,41.35,9.03,0
SC07-06332,51.07,13.5,93.27,396.61,7.95,0
SC07-06333,27.69,40.49,84.4,186.76,10.61,0
SC07-06334,64.84,12.14,96.54,346.36,6.93,0
SC07-06335,48.25,49.15,7.89,150.33,1.04,0
SC07-06336,12.55,11.09,30.18,159.63,4.9,0
SC07-06337,50.29,38.7,6.87,165.21,4.92,0
SC07-06338,85.7,-0.15,96.87,78.96,8.66,0
SC07-06339,51.56,41.32,18.81,295.76,11.97,0
SC07-06340,45.07,14.66,41.77,441.03,3.59,0
SC07-06341,19.95,-2.97,53.58,444.96,11.07,0
SC07-06342,97.65,46.46,53.71,162.26,5.6,0
SC07-06343,75.9,5.95,92.27,321.61,3.82,0
SC07-06344,80.19,-5.77,71.69,7.82,2.04,0
SC07-06345,48.68,42.41,47.39,311.12,4.88,0
SC07-06346,84.15,0.52,92.08,0.7,11.91,0
SC07-06347,79.97,25.35,87.73,307.48,8.56,0
SC07-06348,93.81,34.91,21.41,77.81,11.87,0
SC07-06349,62.77,7.18,44.83,476.62,2.94,0
SC07-06350,30.67,25.2,63.42,50.37,4.55,0
SC07-06351,49.95,49.86,29.96,184.72,0.74,0
SC07-06352,9.25,58.44,41.2,420.78,12.3,0
SC07-06353,16.14,3.12,83.22,167.16,4.53,0
SC07-06354,41.62,1.39,91.2,480.76,11.63,0
SC07-06355,34.17,7.55,38.94,354.6,2.37,0
SC07-06356,66.36,29.87,0.4,418.27,1.17,0
SC07-06357,44.48,36.65,22.91,192.46,12.78,0
SC07-06358,91.83,46.1,92.59,416.6,3.63,0
SC07-06359,68.52,40.45,5.06,25.36,11.08,0
SC07-06360,92.63,26.78,98.53,25.74,8.09,0
SC07-06361,77.38,-2.42,18.99,66.73,3.64,0
SC07-06362,76.25,-4.02,17.73,456.32,2.32,0
SC07-06363,63.31,24.13,39.94,191.48,0.58,0
SC07-06364,60.74,20.53,66.45,42.95,10.25,0
SC07-06365,90.73,8.89,19.17,337.06,6.09,0
SC07-06366,35.97,46.25,14.05,170.27,13.17,0
SC07-06367,80.01,-5.29,90.48,348.32,12.31,0
SC07-06368,55.19,20.75,61.26,333.49,10.18,0
SC07-06369,54.88,29.61,70.39,88.84,11.24,0
SC07-06370,59.26,1.91,81.44,431.39,9.0,0
SC07-06371,10.26,9.82,57.04,455.24,3.78,0
SC07-06372,11.29,-2.29,0.68,42.05,11.42,0
SC07-06373,96.15,38.54,39.68,288.62,2.65,0
SC07-06374,12.1,49.83,41.22,76.92,12.68,0
SC07-06375,82.88,47.46,3.05,225.11,12.46,0
SC07-06376,15.21,33.35,50.61,151.36,4.3,0
SC07-06377,61.83,25.22,96.04,195.5,5.1,0
SC07-06378,29.73,-4.81,54.25,231.68,13.15,0
SC07-06379,59.99,7.31,38.56,443.46,4.58,0
SC07-06380,60.67,-2.88,41.63,478.3,9.71,0
SC07-06381,57.67,59.73,96.67,95.69,2.09,0
SC07-06382,11.37,35.82,89.24,49.19,0.86,0
SC07-06383,31.46,-0.38,10.23,201.32,12.29,0
SC07-06384,76.75,52.1,23.58,91.52,3.51,0
SC07-06385,71.53,-9.13,12.54,440.7,12.27,0
SC07-06386,92.11,17.62,94.27,238.31,1.14,0
SC07-06387,24.27,44.63,1.0,69.72,3.46,0
SC07-06388,83.5,43.03,25.31,120.87,5.93,0
SC07-06389,79.98,46.95,47.41,14.82,10.82,0
SC07-06390,61.91,41.22,65.18,317.24,9.26,0
SC07-06391,59.0,27.47,63.98,454.96,5.97,0
SC07-06392,39.51,22.88,5.18,269.54,12.27,0
SC07-06393,86.52,24.08,13.41,19.86,9.1,0
SC07-06394,17.85,10.45,68.81,10.23,11.66,1
SC07-06395,69.9,51.77,37.04,36.52,9.63,0
SC07-06396,81.44,42.8,71.47,246.52,12.84,0
SC07-06397,28.37,22.34,97.46,172.33,2.56,0
SC07-06398,34.64,51.98,43.69,405.41,13.84,0
SC07-06399,59.26,4.52,17.79,499.04,6.08,0
SC07-06400,72.39,42.74,71.33,290.47,4.47,0
SC07-06401,18.53,28.89,10.34,275.67,11.13,0
SC07-06402,51.13,3.35,38.13,95.85,9.39,0
SC07-06403,16.64,48.39,54.93,213.24,0.3,0
SC07-06404,88.46,41.63,3.97,90.32,12.27,0
SC07-06405,35.23,53.99,77.33,115.49,7.29,0
SC07-06406,60.21,30.52,7.08,40.32,5.97,0
SC07-06407,57.86,3.1,8.09,95.58,3.49,0
SC07-06408,70.71,40.39,34.62,407.55,13.77,0
SC07-06409,99.67,-9.77,47.95,3.06,7.82,0
SC07-06410,91.88,53.17,56.63,329.31,8.53,0
SC07-06411,79.24,17.96,78.22,228.03,7.06,0
SC07-06412,70.43,19.02,76.87,118.84,13.08,0
SC07-06413,81.19,53.84,35.84,305.44,11.52,0
SC07-06414,55.24,41.79,27.79,85.66,12.6,0
SC07-06415,58.27,13.57,19.61,423.05,2.64,0
SC07-06416,3.46,12.92,6.73,147.07,8.15,0
SC07-06417,20.82,38.21,10.97,373.83,12.93,0
SC07-06418,9.95,31.77,49.79,171.31,9.42,0
SC07-06419,97.73,46.47,42.89,200.95,4.98,0
SC07-06420,60.54,55.99,33.52,15.22,0.91,0
SC07-06421,23.74,51.8,90.56,70.33,3.65,0
SC07-06422,41.98,39.14,84.33,393.42,6.53,0
SC07-06423,96.05,-7.23,70.94,441.76,11.56,0
SC07-06424,17.25,34.33,54.5,69.96,1.12,0
SC07-06425,6.31,45.47,52.63,311.04,10.16,0
SC07-06426,75.01,14.73,86.07,337.37,10.38,0
SC07-06427,85.16,12.41,13.9,410.55,0.99,0
SC07-06428,16.12,42.44,94.8,211.56,10.6,0
SC07-06429,49.8,47.17,7.03,152.91,11.78,0
SC07-06430,20.58,59.34,10.52,8.07,7.49,1
SC07-06431,40.27,58.18,5.38,215.99,10.74,0
SC07-06432,78.15,30.7,25.94,415.26,0.37,0
SC07-06433,81.4,27.28,50.94,9.36,9.87,0
SC07-06434,29.78,56.63,71.53,338.76,12.85,0
SC07-06435,12.9,25.06,30.46,353.21,0.33,0
SC07-06436,8.72,-6.81,51.78,486.26,0.88,0
SC07-06437,63.44,22.94,44.56,396.27,2.68,0
SC07-06438,75.95,9.71,60.66,239.12,12.81,0
SC07-06439,1.07,36.53,96.26,140.05,9.02,0
SC07-06440,66.43,7.91,72.42,153.39,1.82,0
SC07-06441,4.34,15.29,87.08,402.39,4.12,0
SC07-06442,39.51,-5.41,62.9,55.26,1.71,0
SC07-06443,33.62,13.38,74.52,285.61,1.86,0
SC07-06444,72.08,43.19,99.85,342.32,1.79,0
SC07-06445,23.2,57.21,42.33,430.31,9.69,0
SC07-06446,13.05,-4.04,37.78,390.55,9.95,0
SC07-06447,80.07,31.99,75.85,470.47,7.76,0
SC07-06448,71.53,53.44,82.32,245.55,6.67,0
SC07-06449,43.8,15.97,6.36,250.05,6.51,0
SC07-06450,7.65,45.29,60.65,42.01,13.59,0
SC07-06451,22.32,21.95,63.59,80.37,3.89,0
SC07-06452,47.66,-7.28,36.12,293.46,4.47,0
SC07-06453,73.93,18.69,50.98,414.52,9.03,0
SC07-06454,79.04,47.98,22.33,56.73,7.78,0
SC07-06455,68.56,24.9,97.45,328.66,10.9,0
SC07-06456,72.79,-7.2,62.64,397.68,4.87,0
SC07-06457,48.45,12.33,33.15,96.35,7.96,0
SC07-06458,76.72,27.75,32.53,330.84,10.08,0
SC07-06459,3.3,53.04,82.72,300.48,10.74,0
SC07-06460,58.35,21.36,67.43,158.1,0.44,0
SC07-06461,41.06,26.16,84.74,448.2,0.12,0
SC07-06462,97.71,41.72,96.35,37.35,4.97,0
SC07-06463,45.86,35.97,18.59,343.39,4.85,0
SC07-06464,68.24,14.38,33.66,109.52,4.47,0
SC07-06465,28.24,43.15,3.6,379.42,12.86,0
SC07-06466,70.82,37.43,45.6,349.27,7.05,0
SC07-06467,52.56,58.04,58.78,438.36,9.02,0
SC07-06468,89.75,-0.52,97.34,52.93,12.95,0
SC07-06469,74.03,21.89,13.98,333.04,12.96,0
SC07-06470,2.17,42.93,31.04,379.91,0.95,0
SC07-06471,12.48,2.17,40.25,344.04,5.14,0
SC07-06472,49.18,38.5,89.25,139.74,13.2,0
SC07-06473,2.3,38.58,31.06,213.76,6.77,0
SC07-06474,52.18,8.0,27.34,479.96,1.77,0
SC07-06475,29.23,47.66,96.12,29.65,3.62,0
SC07-06476,54.86,22.9,11.5,7.84,1.64,0
SC07-06477,46.32,44.5,23.09,78.52,6.49,0
SC07-06478,4.7,9.97,29.38,392.92,0.41,0
SC07-06479,24.43,11.56,37.62,211.57,7.42,0
SC07-06480,99.19,51.24,65.73,128.18,11.36,0
SC07-06481,67.93,42.83,63.91,28.52,11.17,0
SC07-06482,22.76,58.78,80.28,221.16,8.33,0
SC07-06483,74.07,55.34,57.34,130.56,11.78,0
SC07-06484,16.08,22.7,28.25,263.7,1.47,0
SC07-06485,93.49,3.42,9.32,213.0,13.69,0
SC07-06486,24.51,7.32,81.41,461.16,9.65,0
SC07-06487,81.56,-3.22,78.71,83.03,5.14,0
SC07-06488,8.07,47.18,5.69,122.87,3.39,0
SC07-06489,75.89,8.96,72.88,77.28,12.44,0
SC07-06490,80.61,22.83,2.83,406.26,13.55,0
SC07-06491,68.88,4.7,13.81,45.7,9.09,0
SC07-06492,15.48,-1.36,82.16,128.92,8.92,0
SC07-06493,11.35,48.52,90.1,320.04,0.39,0
SC07-06494,1.16,-2.83,73.7,324.81,2.85,0
SC07-06495,78.41,15.23,12.86,37.69,9.45,0
SC07-06496,26.48,35.27,42.38,463.73,9.16,0
SC07-06497,94.62,42.38,36.55,100.08,3.72,0
SC07-06498,13.61,44.25,11.99,416.26,1.52,0
SC07-06499,68.54,36.77,62.12,357.71,4.36,0
SC07-06500,73.46,18.92,70.18,266.97,11.91,0
SC07-06501,32.95,4.68,76.32,498.38,4.43,0
SC07-06502,97.12,18.1,12.73,320.58,5.16,0
SC07-06503,53.39,8.88,61.2,408.51,9.2,0
SC07-06504,96.75,2.81,19.15,97.43,7.77,0
SC07-06505,59.32,47.78,51.12,346.83,13.29,0
SC07-06506,73.68,34.0,87.59,85.7,7.25,0
SC07-06507,33.61,54.82,49.58,22.79,6.96,0
SC07-06508,66.57,-3.84,68.61,445.87,11.5,0
SC07-06509,80.83,15.25,78.84,411.22,12.77,0
SC07-06510,35.81,9.63,70.12,246.17,6.75,0
SC07-06511,28.53,53.68,56.55,132.27,8.22,0
SC07-06512,3.39,19.9,80.67,24.4,0.12,0
SC07-06513,56.83,51.17,92.39,195.09,7.65,0
SC07-06514,12.59,41.92,45.75,403.11,11.23,0
SC07-06515,49.68,31.56,78.52,407.79,7.87,0
SC07-06516,90.32,50.57,65.32,189.92,8.16,0
SC07-06517,13.97,-8.45,84.64,12.18,2.2,1
SC07-06518,36.05,46.69,35.42,99.06,6.09,0
SC07-06519,9.26,20.39,57.35,495.82,11.96,0
SC07-06520,81.43,-0.11,63.22,126.44,0.44,0
SC07-06521,56.37,17.8,13.61,334.21,12.5,0
SC07-06522,10.42,23.38,20.13,342.82,10.83,0
SC07-06523,21.76,16.02,64.91,115.57,9.53,0
SC07-06524,69.25,30.91,24.65,317.31,7.12,0
SC07-06525,53.12,56.34,93.78,229.96,8.02,0
SC07-06526,15.53,54.73,42.74,393.18,6.99,0
SC07-06527,91.03,29.89,72.59,168.06,11.18,0
SC07-06528,60.45,42.39,35.43,311.59,11.8,0
SC07-06529,73.3,51.31,17.33,362.57,10.16,0
SC07-06530,49.3,51.19,68.11,431.58,11.21,0
SC07-06531,43.94,-2.55,22.86,425.0,13.04,0
SC07-06532,27.99,-8.34,21.33,482.5,5.52,0
SC07-06533,66.57,-0.95,38.75,230.83,12.85,0
SC07-06534,27.06,-7.87,66.63,489.25,3.89,0
SC07-06535,92.3,13.54,36.66,40.38,7.73,0
SC07-06536,23.14,-4.44,12.28,7.95,0.09,1
SC07-06537,13.59,50.86,13.13,359.23,2.27,0
SC07-06538,47.68,35.49,67.92,169.25,4.99,0
SC07-06539,79.31,55.24,97.73,473.69,6.19,0
SC07-06540,93.13,19.4,48.15,136.45,2.89,0
SC07-06541,21.02,38.94,21.7,376.0,11.48,0
SC07-06542,99.48,21.98,73.14,66.6,6.17,0
SC07-06543,96.34,32.55,76.97,289.23,1.12,0
SC07-06544,95.85,-1.62,1.19,189.68,6.86,0
SC07-06545,75.66,-5.26,19.37,314.02,3.52,0
SC07-06546,99.67,26.53,95.64,284.63,11.02,0
SC07-06547,97.13,54.85,34.33,437.29,0.96,0
SC07-06548,90.26,23.35,11.14,13.17,2.54,0
SC07-06549,56.03,29.16,6.55,226.59,0.42,0
SC07-06550,80.99,59.17,5.17,311.35,11.78,0
SC07-06551,46.71,49.5,90.46,52.73,1.82,0
SC07-06552,47.63,3.49,94.65,470.67,10.39,0
SC07-06553,51.72,-6.38,97.87,79.95,9.66,0
SC07-06554,66.98,59.84,60.65,414.73,9.75,0
SC07-06555,52.55,18.84,71.62,0.13,0.82,0
SC07-06556,15.07,-8.07,65.52,238.79,12.2,0
SC07-06557,94.38,-1.51,58.43,376.29,3.91,0
SC07-06558,18.0,31.73,64.32,161.67,5.79,0
SC07-06559,3.78,6.42,7.54,163.93,8.69,0
SC07-06560,77.98,33.67,72.16,473.04,1.61,0
SC07-06561,36.08,45.27,2.96,83.67,0.19,0
SC07-06562,93.59,26.8,5.67,216.97,0.04,0
SC07-06563,60.5,55.73,46.49,5.89,13.37,0
SC07-06564,73.42,-1.48,22.1,12.01,6.21,0
SC07-06565,62.53,19.62,64.96,257.84,10.94,0
SC07-06566,32.45,37.79,33.81,495.45,8.23,0
SC07-06567,57.5,-3.21,33.53,148.34,11.6,0
SC07-06568,43.77,53.09,39.08,311.01,9.48,0
SC07-06569,12.79,2.46,42.92,169.56,7.56,0
SC07-06570,12.48,43.7,13.43,154.23,13.55,0
SC07-06571,22.6,28.74,76.54,161.98,0.64,0
SC07-06572,95.44,8.15,40.14,53.02,12.27,0
SC07-06573,26.08,3.54,29.59,434.91,12.02,0
SC07-06574,90.43,-2.54,78.41,460.73,10.01,0
SC07-06575,88.67,21.44,96.87,220.81,12.52,0
SC07-06576,55.97,51.39,41.95,255.37,11.68,0
SC07-06577,93.6,52.89,94.69,266.45,6.25,0
SC07-06578,62.06,57.04,8.6,197.65,11.35,0
SC07-06579,43.68,34.88,97.83,144.85,1.28,0
SC07-06580,44.76,6.53,57.91,268.99,12.5,0
SC07-06581,21.66,23.09,7.25,80.05,8.05,0
SC07-06582,87.88,-2.33,74.05,178.19,9.38,0
SC07-06583,52.15,0.31,89.39,491.09,13.81,0
SC07-06584,43.85,-8.98,44.04,146.36,6.75,0
SC07-06585,58.92,17.23,6.83,254.48,6.26,0
SC07-06586,39.39,30.59,98.58,449.97,12.64,0
SC07-06587,13.96,-6.49,97.08,388.72,13.44,0
SC07-06588,66.82,56.4,15.9,476.41,13.49,0
SC07-06589,77.63,-1.75,36.42,445.51,13.86,0
SC07-06590,98.9,0.8,24.92,13.43,10.93,0
SC07-06591,45.78,25.42,57.61,393.84,1.61,0
SC07-06592,23.41,39.39,18.16,387.8,5.33,0
SC07-06593,0.69,27.78,72.4,0.42,12.21,1
SC07-06594,91.69,46.78,21.29,326.68,0.65,0
SC07-06595,95.37,-7.84,90.19,134.33,11.5,0
SC07-06596,97.55,47.53,40.57,327.12,1.75,0
SC07-06597,51.56,20.36,93.62,133.48,12.46,0
SC07-06598,60.21,50.14,86.57,401.35,11.43,0
SC07-06599,2.76,24.88,4.35,21.99,6.98,0
SC07-06600,93.86,-3.05,27.8,119.81,12.21,0
SC07-06601,3.14,-6.44,27.78,295.63,10.21,0
SC07-06602,66.05,59.43,89.17,141.86,5.43,0
SC07-06603,43.77,36.22,63.69,423.8,5.34,0
SC07-06604,50.37,39.18,43.67,437.49,12.69,0
SC07-06605,89.2,39.55,80.0,416.22,10.35,0
SC07-06606,25.5,16.23,50.16,214.54,7.33,0
SC07-06607,29.05,27.74,49.95,33.53,2.38,0
SC07-06608,50.59,51.77,62.78,125.35,10.16,0
SC07-06609,60.44,25.04,17.31,103.62,3.62,0
SC07-06610,57.2,-4.25,16.1,102.48,3.06,0
SC07-06611,86.95,48.41,52.42,420.4,12.86,0
SC07-06612,12.27,29.42,2.38,230.51,11.51,0
SC07-06613,21.16,57.89,66.18,3.36,10.06,1
SC07-06614,94.81,8.1,78.06,209.95,12.93,0
SC07-06615,48.3,15.44,82.76,132.96,10.28,0
SC07-06616,46.47,38.7,39.06,148.35,5.85,0
SC07-06617,58.91,6.15,8.45,49.37,9.6,0
SC07-06618,73.86,15.94,65.29,245.78,11.02,0
SC07-06619,66.74,21.51,81.46,466.11,11.43,0
SC07-06620,71.96,16.94,86.13,240.33,5.52,0
SC07-06621,56.21,-1.2,50.01,368.7,4.79,0
SC07-06622,64.08,31.03,31.09,440.23,12.97,0
SC07-06623,7.06,15.46,28.75,311.6,7.27,0
SC07-06624,52.92,31.53,50.13,498.03,6.55,0
SC07-06625,29.91,9.31,16.66,215.56,9.62,0
SC07-06626,55.4,38.46,41.42,303.66,8.33,0
SC07-06627,53.62,44.85,23.22,263.09,10.99,0
SC07-06628,27.56,-5.68,80.04,69.85,5.81,0
SC07-06629,96.01,4.15,3.74,81.11,12.13,0
SC07-06630,25.69,-6.11,8.9,348.15,14.0,0
SC07-06631,82.08,6.73,82.08,448.42,1.52,0
SC07-06632,11.2,50.82,26.28,10.73,4.95,1
SC07-06633,50.18,12.64,52.31,159.89,1.87,0
SC07-06634,28.95,0.74,39.27,171.8,3.87,0
SC07-06635,41.21,22.02,25.3,227.41,13.35,0
SC07-06636,21.11,-4.9,45.31,285.94,7.65,0
SC07-06637,65.02,21.94,92.54,328.37,4.59,0
SC07-06638,96.89,56.87,91.39,216.01,12.27,0
SC07-06639,65.71,4.23,84.1,356.02,8.05,0
SC07-06640,71.06,42.12,43.74,125.17,6.5,0
SC07-06641,53.39,-0.14,94.46,193.54,0.64,0
SC07-06642,12.27,33.03,58.32,55.42,11.51,0
SC07-06643,73.5,-0.98,86.07,467.14,4.29,0
SC07-06644,47.05,39.26,16.81,97.96,11.22,0
SC07-06645,68.4,27.57,13.74,262.61,5.07,0
SC07-06646,11.69,57.63,45.76,217.05,7.9,0
SC07-06647,83.85,52.05,4.86,406.33,0.05,0
SC07-06648,65.5,55.14,84.92,406.6,8.49,0
SC07-06649,5.81,45.06,62.02,428.03,10.38,0
SC07-06650,86.39,48.57,18.79,477.55,6.36,0
SC07-06651,10.09,-1.0,77.58,400.83,8.92,0
SC07-06652,57.21,34.37,89.9,365.5,5.36,0
SC07-06653,82.63,47.09,72.31,208.54,2.56,0
SC07-06654,3.57,17.35,42.5,108.53,11.09,0
SC07-06655,60.16,58.98,35.28,260.96,4.03,0
SC07-06656,73.18,16.83,32.3,336.8,1.28,0
SC07-06657,27.65,6.45,64.32,156.94,13.22,0
SC07-06658,59.53,26.89,28.38,336.28,12.52,0
SC07-06659,6.13,51.89,52.92,94.81,13.27,0
SC07-06660,4.93,9.6,1.45,477.38,8.4,0
SC07-06661,73.75,7.27,18.41,27.05,8.18,0
SC07-06662,94.03,29.55,79.12,12.22,3.71,0
SC07-06663,0.39,54.95,20.22,12.02,8.68,1
SC07-06664,46.81,-3.27,55.73,117.8,4.6,0
SC07-06665,68.95,55.71,12.92,434.92,6.65,0
SC07-06666,64.31,24.27,35.46,128.63,5.57,0
SC07-06667,43.76,21.07,47.58,112.62,4.49,0
SC07-06668,55.74,-2.53,46.82,48.66,12.73,0
SC07-06669,40.63,-2.6,89.13,123.53,3.04,0
SC07-06670,77.19,42.15,12.75,133.13,6.48,0
SC07-06671,5.1,-0.28,6.9,29.43,8.98,0
SC07-06672,20.77,7.83,85.4,318.29,7.97,0
SC07-06673,43.67,23.08,85.47,269.8,8.58,0
SC07-06674,88.53,25.3,89.16,406.18,6.62,0
SC07-06675,21.52,51.92,56.5,415.67,8.44,0
SC07-06676,60.37,-6.96,44.99,55.96,8.41,0
SC07-06677,14.8,20.91,59.95,283.68,11.03,0
SC07-06678,31.51,36.76,8.75,143.91,2.53,0
SC07-06679,78.98,-3.73,94.04,93.49,2.48,0
SC07-06680,83.32,39.43,85.64,360.82,4.55,0
SC07-06681,8.88,-9.73,27.61,125.71,5.51,0
SC07-06682,87.66,17.46,29.01,105.13,2.25,0
SC07-06683,77.81,46.59,41.84,46.45,2.06,0
SC07-06684,69.0,58.64,70.75,315.77,6.49,0
SC07-06685,15.02,54.39,95.76,198.99,7.0,0
SC07-06686,31.91,22.33,4.7,313.6,12.63,0
SC07-06687,92.01,54.52,31.96,241.2,0.79,0
SC07-06688,91.6,3.18,75.06,109.02,0.2,0
SC07-06689,58.8,52.97,66.56,105.85,13.66,0
SC07-06690,34.21,41.16,42.41,478.67,13.05,0
SC07-06691,88.47,9.86,36.97,206.59,6.71,0
SC07-06692,55.27,11.63,46.25,13.9,4.05,0
SC07-06693,80.34,34.64,22.02,355.87,11.48,0
SC07-06694,35.37,45.23,76.07,206.55,12.09,0
SC07-06695,28.5,47.56,6.51,148.34,5.75,0
SC07-06696,20.07,-1.52,31.26,102.01,13.62,0
SC07-06697,75.63,47.23,51.47,54.11,10.21,0
SC07-06698,99.24,17.71,67.46,179.49,11.44,0
SC07-06699,36.09,30.59,32.72,205.92,0.58,0
SC07-06700,92.86,54.51,91.84,114.33,3.06,0
SC07-06701,74.4,0.74,56.94,197.58,3.81,0
SC07-06702,25.63,-0.22,0.87,79.88,13.59,0
SC07-06703,12.79,-3.52,26.56,176.56,12.85,0
SC07-06704,63.39,48.74,19.8,320.59,3.22,0
SC07-06705,39.65,-6.84,7.01,71.96,6.02,0
SC07-06706,21.4,2.94,84.63,23.12,1.08,0
SC07-06707,79.01,0.87,59.03,71.37,0.23,0
SC07-06708,77.92,15.32,75.72,155.7,13.71,0
SC07-06709,19.02,0.7,60.74,184.64,1.22,0
SC07-06710,98.92,36.69,93.53,283.88,12.57,0
SC07-06711,55.7,-8.21,80.53,338.44,9.35,0
SC07-06712,81.0,3.87,5.44,272.88,7.54,0
SC07-06713,21.24,59.91,29.41,249.41,6.41,0
SC07-06714,62.37,-6.48,97.7,252.89,4.35,0
SC07-06715,39.92,58.64,37.73,154.3,7.87,0
SC07-06716,43.14,37.9,0.49,483.88,8.87,0
SC07-06717,21.04,18.59,15.88,341.14,4.98,0
SC07-06718,72.88,27.06,33.54,90.38,11.02,0
SC07-06719,42.72,29.96,79.28,188.5,7.92,0
SC07-06720,85.03,4.75,91.31,71.38,6.27,0
SC07-06721,81.46,24.15,63.2,152.09,11.59,0
SC07-06722,41.29,27.82,71.76,355.8,6.63,0
SC07-06723,5.49,37.74,46.75,96.22,9.41,0
SC07-06724,24.1,34.66,87.52,489.07,5.83,0
SC07-06725,10.54,14.74,93.73,149.13,10.2,0
SC07-06726,38.63,28.28,98.03,435.04,5.54,0
SC07-06727,50.22,28.42,75.78,373.1,9.74,0
SC07-06728,95.57,55.99,61.61,84.71,13.61,0
SC07-06729,60.41,58.95,88.95,376.96,9.52,0
SC07-06730,79.63,35.5,90.91,180.11,7.28,0
SC07-06731,42.72,39.51,41.71,43.34,9.34,0
SC07-06732,27.31,49.51,97.5,113.93,9.18,0
SC07-06733,86.88,28.11,54.45,60.65,8.11,0
SC07-06734,19.06,22.82,58.56,402.25,9.04,0
SC07-06735,79.0,4.24,96.56,301.23,10.99,0
SC07-06736,63.16,32.69,80.71,45.53,9.43,0
SC07-06737,15.78,55.13,2.78,192.78,1.34,0
SC07-06738,76.44,2.63,0.59,76.64,8.12,0
SC07-06739,36.38,5.14,92.82,121.18,11.56,0
SC07-06740,63.72,38.0,67.89,145.54,0.07,0
SC07-06741,55.33,-4.43,48.5,91.8,1.71,0
SC07-06742,59.48,19.85,18.73,416.87,2.56,0
SC07-06743,34.77,-8.73,84.82,122.44,9.28,0
SC07-06744,45.65,34.49,39.89,287.65,9.65,0
SC07-06745,0.78,-9.6,10.52,290.92,13.97,0
SC07-06746,74.87,56.59,37.62,171.38,13.43,0
SC07-06747,21.26,43.04,93.9,424.97,7.41,0
SC07-06748,25.72,5.31,86.39,454.84,6.73,0
SC07-06749,37.27,-4.91,28.47,246.41,6.1,0
SC07-06750,11.53,22.56,62.64,448.95,9.66,0
SC07-06751,45.22,-0.66,14.06,483.68,12.69,0
SC07-06752,84.38,-6.27,62.32,328.39,10.26,0
SC07-06753,51.97,50.27,54.53,363.55,3.96,0
SC07-06754,71.34,34.91,17.87,102.45,1.59,0
SC07-06755,66.61,-9.12,37.47,300.15,9.94,0
SC07-06756,17.79,38.85,54.64,69.42,10.3,0
SC07-06757,35.03,39.8,38.44,180.47,9.18,0
SC07-06758,4.29,1.48,22.02,49.36,6.54,0
SC07-06759,34.63,10.31,52.91,452.68,3.01,0
SC07-06760,89.05,24.59,2.66,374.65,1.17,0
SC07-06761,44.59,-2.24,80.32,493.61,6.56,0
SC07-06762,82.93,27.59,73.69,476.54,0.1,0
SC07-06763,31.99,13.32,50.72,437.34,10.56,0
SC07-06764,43.23,6.37,1.57,85.56,8.61,0
SC07-06765,29.89,23.83,80.69,471.41,2.92,0
SC07-06766,85.71,9.8,67.37,180.51,2.76,0
SC07-06767,60.83,9.67,7.43,332.37,0.38,0
SC07-06768,32.24,12.38,52.76,250.9,2.29,0
SC07-06769,29.12,55.04,44.66,116.34,6.95,0
SC07-06770,25.05,21.65,49.21,366.92,7.83,0
SC07-06771,72.61,59.73,65.04,196.35,9.24,0
SC07-06772,83.08,13.78,50.99,160.97,10.05,0
SC07-06773,0.78,24.83,16.34,83.5,8.98,0
SC07-06774,98.19,6.97,72.51,274.25,7.91,0
SC07-06775,11.78,38.27,90.78,65.22,5.05,0
SC07-06776,9.0,1.04,82.64,127.81,5.98,0
SC07-06777,19.54,16.83,3.1,442.9,8.35,0
SC07-06778,36.39,2.51,4.15,157.4,0.93,0
SC07-06779,46.91,39.93,27.32,475.48,11.23,0
SC07-06780,71.9,22.26,66.83,135.76,4.92,0
SC07-06781,81.2,20.8,43.56,255.11,5.68,0
SC07-06782,19.52,36.02,16.35,477.66,11.1,0
SC07-06783,82.95,21.35,66.02,12.62,8.89,0
SC07-06784,54.3,-4.38,24.65,491.33,7.3,0
SC07-06785,57.75,53.97,9.98,376.53,11.82,0
SC07-06786,82.09,13.47,40.69,397.86,5.63,0
SC07-06787,43.9,53.15,58.45,169.16,3.75,0
SC07-06788,39.91,-7.97,48.39,284.12,11.06,0
SC07-06789,44.99,11.45,7.51,449.75,12.18,0
SC07-06790,46.67,45.9,12.89,76.29,2.88,0
SC07-06791,0.42,39.28,35.0,115.0,6.33,0
SC07-06792,87.4,20.83,65.71,161.3,2.65,0
SC07-06793,14.88,33.21,35.33,294.03,9.66,0
SC07-06794,53.21,26.69,55.56,391.92,5.05,0
SC07-06795,50.2,2.23,45.86,85.7,8.51,0
SC07-06796,94.96,5.05,72.48,350.29,12.48,0
SC07-06797,62.7,1.44,90.11,15.01,11.42,0
SC07-06798,24.27,25.21,66.6,97.72,8.49,0
SC07-06799,52.85,43.61,28.62,143.0,1.89,0
SC07-06800,45.49,30.99,23.25,361.42,5.5,0
SC07-06801,67.7,-0.84,23.97,38.72,10.26,0
SC07-06802,41.63,21.78,16.6,485.61,6.63,0
SC07-06803,33.35,58.64,22.57,117.34,4.36,0
SC07-06804,0.3,17.33,15.8,426.05,5.75,0
SC07-06805,19.44,8.91,5.91,130.9,12.29,0
SC07-06806,9.19,17.89,19.62,441.12,13.79,0
SC07-06807,17.71,51.16,21.18,85.66,12.16,0
SC07-06808,55.66,2.74,21.71,182.22,0.45,0
SC07-06809,27.59,15.47,79.92,58.6,12.71,0
SC07-06810,65.24,11.45,27.09,145.25,2.06,0
SC07-06811,7.75,22.7,26.51,287.93,4.1,0
SC07-06812,56.76,23.46,28.88,382.65,1.13,0
SC07-06813,55.42,40.3,17.96,312.73,4.2,0
SC07-06814,23.76,-2.32,36.71,80.71,1.56,0
SC07-06815,97.87,18.55,75.24,320.84,2.43,0
SC07-06816,25.17,17.12,17.8,298.12,7.02,0
SC07-06817,44.22,7.72,72.84,161.6,9.13,0
SC07-06818,62.18,26.98,49.58,382.34,7.98,0
SC07-06819,11.83,6.79,0.21,232.36,11.33,0
SC07-06820,26.11,58.71,65.09,398.47,3.08,0
SC07-06821,27.8,51.84,17.74,343.68,3.28,0
SC07-06822,33.96,22.59,88.87,85.76,4.54,0
SC07-06823,19.66,-4.66,72.42,45.9,3.51,0
SC07-06824,97.97,53.29,23.86,239.2,8.96,0
SC07-06825,82.59,16.87,16.8,102.79,0.66,0
SC07-06826,81.8,-5.03,26.87,207.88,5.96,0
SC07-06827,73.64,31.32,11.42,13.24,11.33,0
SC07-06828,59.49,18.93,75.0,456.57,8.5,0
SC07-06829,88.1,0.29,85.83,31.93,12.78,0
SC07-06830,59.77,39.0,3.7,169.08,5.95,0
SC07-06831,84.95,8.64,8.35,290.65,1.43,0
SC07-06832,90.04,12.29,13.88,495.47,1.14,0
SC07-06833,4.41,53.68,76.15,93.62,13.76,0
SC07-06834,16.51,54.98,62.1,207.81,13.93,0
SC07-06835,86.01,57.33,63.89,56.41,2.42,0
SC07-06836,55.42,52.2,26.43,351.01,7.67,0
SC07-06837,14.1,-7.43,46.21,197.51,5.33,0
SC07-06838,60.45,34.57,96.49,252.63,3.66,0
SC07-06839,3.24,-5.68,6.74,42.39,11.73,0
SC07-06840,13.64,17.46,64.16,111.42,6.84,0
SC07-06841,24.67,49.08,91.74,33.86,13.72,0
SC07-06842,57.88,1.88,70.46,421.53,10.36,0
SC07-06843,70.87,31.97,45.7,161.83,6.59,0
SC07-06844,43.68,52.68,89.77,351.16,8.52,0
SC07-06845,17.04,6.07,34.0,249.46,8.05,0
SC07-06846,66.01,32.06,53.46,415.91,5.46,0
SC07-06847,43.45,22.83,71.99,49.85,5.17,0
SC07-06848,21.84,9.08,67.27,51.69,0.06,0
SC07-06849,28.07,49.29,56.98,487.62,4.77,0
SC07-06850,80.85,41.95,87.46,265.37,10.74,0
SC07-06851,63.27,33.33,96.38,212.77,0.21,0
SC07-06852,61.74,4.8,30.73,234.0,12.84,0
SC07-06853,1.71,24.03,84.53,398.6,1.22,0
SC07-06854,8.86,10.37,38.94,331.64,5.32,0
SC07-06855,83.85,10.0,10.38,11.67,10.99,0
SC07-06856,85.46,14.17,29.34,250.85,13.76,0
SC07-06857,60.65,6.39,40.53,120.2,2.2,0
SC07-06858,27.64,7.09,77.29,381.89,13.23,0
SC07-06859,33.09,47.61,72.27,208.68,9.55,0
SC07-06860,36.25,44.18,45.87,111.75,12.26,0
SC07-06861,25.2,46.87,79.89,176.31,12.89,0
SC07-06862,15.47,-4.68,17.05,165.48,11.45,0
SC07-06863,55.08,10.33,45.8,296.29,8.96,0
SC07-06864,8.23,24.42,32.46,84.95,2.21,0
SC07-06865,48.03,42.61,90.78,310.58,7.88,0
SC07-06866,76.08,59.44,32.78,81.05,11.01,0
SC07-06867,39.74,7.84,87.34,475.1,7.89,0
SC07-06868,5.27,-5.78,22.41,258.5,3.77,0
SC07-06869,43.77,-5.88,26.22,44.84,7.98,0
SC07-06870,8.21,-0.98,14.35,282.12,4.48,0
SC07-06871,88.89,5.5,69.47,170.35,9.9,0
SC07-06872,20.17,55.91,87.07,187.56,3.47,0
SC07-06873,16.1,9.9,7.03,65.42,6.08,0
SC07-06874,16.76,8.98,51.11,70.37,5.57,0
SC07-06875,24.61,8.44,40.76,34.47,8.38,0
SC07-06876,52.56,3.22,14.39,89.78,5.35,0
SC07-06877,34.93,32.23,83.04,329.51,9.68,0
SC07-06878,4.11,-2.83,95.44,32.98,1.19,0
SC07-06879,88.43,16.92,99.24,101.17,11.6,0
SC07-06880,80.34,6.2,50.46,186.85,3.94,0
SC07-06881,52.91,11.1,41.96,402.17,6.02,0
SC07-06882,66.5,37.39,63.05,459.02,1.22,0
SC07-06883,47.12,28.73,4.83,79.17,12.72,0
SC07-06884,3.14,6.82,41.55,362.43,10.12,0
SC07-06885,41.32,55.77,78.31,227.46,11.95,0
SC07-06886,34.21,56.79,37.75,178.54,4.18,0
SC07-06887,61.75,-5.93,25.02,481.37,1.55,0
SC07-06888,33.08,50.26,25.01,179.11,10.35,0
SC07-06889,11.1,53.12,13.97,312.13,8.04,0
SC07-06890,37.15,6.45,4.93,309.13,10.52,0
SC07-06891,19.21,7.46,65.28,439.39,2.88,0
SC07-06892,67.87,58.84,31.13,327.41,4.41,0
SC07-06893,74.67,-8.01,2.28,188.26,0.24,0
SC07-06894,13.86,45.69,1.42,220.01,10.04,0
SC07-06895,31.98,59.94,74.64,148.48,11.41,0
SC07-06896,47.75,1.0,93.25,452.23,5.88,0
SC07-06897,28.56,58.88,73.48,127.49,1.9,0
SC07-06898,69.73,48.47,57.89,124.62,2.44,0
SC07-06899,28.19,20.57,32.72,238.99,2.36,0
SC07-06900,16.77,-7.65,22.89,398.8,13.41,0
SC07-06901,50.72,4.44,46.21,55.83,5.24,0
SC07-06902,18.07,8.51,98.64,279.67,12.52,0
SC07-06903,59.17,52.32,71.83,476.86,4.2,0
SC07-06904,60.34,56.62,38.41,362.61,8.75,0
SC07-06905,6.72,39.48,58.4,156.78,11.43,0
SC07-06906,65.68,10.52,29.85,125.71,4.5,0
SC07-06907,23.83,30.89,3.02,36.28,5.19,0
SC07-06908,30.32,0.93,87.6,426.91,7.37,0
SC07-06909,49.55,15.58,25.56,445.29,11.02,0
SC07-06910,50.21,22.89,48.81,343.75,10.7,0
SC07-06911,12.49,37.94,37.58,469.44,10.48,0
SC07-06912,61.61,42.74,42.35,71.63,8.98,0
SC07-06913,34.37,-6.89,12.82,251.75,0.39,0
SC07-06914,79.75,11.67,7.67,241.78,9.96,0
SC07-06915,82.87,24.67,26.98,425.31,0.6,0
SC07-06916,24.82,18.95,22.16,149.04,10.45,0
SC07-06917,58.74,-1.07,68.52,43.9,12.39,0
SC07-06918,35.01,12.65,17.75,172.66,9.07,0
SC07-06919,71.76,39.81,66.66,100.61,1.76,0
SC07-06920,56.15,17.97,68.73,251.06,12.89,0
SC07-06921,95.95,37.6,42.29,442.26,7.29,0
SC07-06922,50.81,14.33,74.27,54.91,4.55,0
SC07-06923,83.59,37.41,8.1,210.68,7.84,0
SC07-06924,58.23,11.11,4.31,119.76,13.08,0
SC07-06925,23.9,7.56,63.92,170.82,12.36,0
SC07-06926,31.36,38.69,11.66,453.26,3.07,0
SC07-06927,58.7,19.07,18.79,65.85,12.69,0
SC07-06928,93.11,25.75,37.32,303.5,0.94,0
SC07-06929,12.87,56.42,64.12,214.83,7.95,0
SC07-06930,84.57,52.44,55.8,379.91,12.28,0
SC07-06931,57.97,28.74,52.56,285.53,11.58,0
SC07-06932,62.75,59.33,73.95,42.64,5.95,0
SC07-06933,22.45,14.33,49.47,25.48,9.92,0
SC07-06934,38.87,51.25,98.92,90.22,4.87,0
SC07-06935,56.34,-4.5,25.04,117.53,13.18,0
SC07-06936,13.41,9.71,58.64,359.24,0.14,0
SC07-06937,48.79,4.27,10.79,302.97,7.99,0
SC07-06938,50.24,19.77,46.67,341.09,0.24,0
SC07-06939,52.42,36.71,22.62,194.15,5.88,0
SC07-06940,14.99,3.49,41.32,174.15,6.59,0
SC07-06941,64.12,14.69,45.48,195.8,10.24,0
SC07-06942,16.62,32.56,30.94,32.44,11.19,0
SC07-06943,87.99,48.67,70.99,108.54,10.42,0
SC07-06944,46.88,-8.71,75.24,154.27,7.33,0
SC07-06945,70.94,11.32,69.48,190.47,10.47,0
SC07-06946,32.49,37.85,22.93,170.77,5.78,0
SC07-06947,11.59,26.04,75.28,6.43,3.4,1
SC07-06948,97.56,-9.77,84.31,428.47,9.42,0
SC07-06949,71.99,13.07,66.62,206.54,1.94,0
SC07-06950,6.71,13.44,91.85,483.89,12.24,0
SC07-06951,71.02,-3.43,93.01,251.26,1.1,0
SC07-06952,48.44,32.2,80.95,104.55,5.48,0
SC07-06953,38.49,6.0,65.09,469.26,4.25,0
SC07-06954,17.52,-4.85,24.63,207.07,11.89,0
SC07-06955,58.15,9.59,1.02,100.53,9.57,0
SC07-06956,61.11,40.2,66.78,300.61,13.83,0
SC07-06957,3.09,5.74,36.12,172.52,9.64,0
SC07-06958,66.63,-2.46,20.09,355.25,10.35,0
SC07-06959,12.61,38.25,95.29,165.01,6.32,0
SC07-06960,9.81,34.2,4.74,403.12,10.97,0
SC07-06961,24.95,15.84,50.13,277.72,6.39,0
SC07-06962,6.71,39.07,77.29,164.88,3.98,0
SC07-06963,85.43,10.45,54.18,36.12,4.98,0
SC07-06964,79.93,31.96,50.53,253.84,12.59,0
SC07-06965,90.93,53.49,7.38,60.4,8.22,0
SC07-06966,44.17,18.96,57.43,123.05,10.16,0
SC07-06967,40.82,14.64,41.39,173.19,7.11,0
SC07-06968,99.51,57.12,70.31,402.48,5.41,0
SC07-06969,83.97,35.89,65.65,354.22,7.89,0
SC07-06970,81.46,52.26,95.7,281.36,7.87,0
SC07-06971,26.35,44.51,18.97,426.23,11.4,0
SC07-06972,74.04,12.39,48.03,404.39,5.73,0
SC07-06973,39.51,40.53,23.77,271.17,11.82,0
SC07-06974,34.33,13.8,77.69,478.31,12.82,0
SC07-06975,70.7,30.78,9.04,183.75,4.85,0
SC07-06976,40.03,21.05,18.75,473.04,7.9,0
SC07-06977,65.12,41.89,76.4,479.64,10.6,0
SC07-06978,75.66,16.85,1.53,58.51,10.92,0
SC07-06979,8.7,34.6,3.07,191.43,7.87,0
SC07-06980,32.72,6.08,3.43,265.53,7.49,0
SC07-06981,99.52,20.68,0.07,69.93,12.63,0
SC07-06982,90.32,54.85,71.2,275.29,7.69,0
SC07-06983,94.35,1.06,75.84,288.92,5.98,0
SC07-06984,85.24,20.0,21.98,81.95,0.24,0
SC07-06985,64.69,5.65,77.43,251.64,13.82,0
SC07-06986,37.53,19.44,0.1,320.3,8.11,0
SC07-06987,69.65,14.33,65.94,162.99,11.28,0
SC07-06988,83.9,49.26,58.9,244.56,0.48,0
SC07-06989,26.06,47.31,20.12,121.99,5.49,0
SC07-06990,72.58,-9.61,94.63,497.28,3.79,0
SC07-06991,42.57,28.48,53.27,373.13,3.38,0
SC07-06992,66.11,42.85,51.75,251.31,7.47,0
SC07-06993,5.81,1.26,21.23,47.26,13.55,0
SC07-06994,80.08,19.57,88.22,63.89,3.81,0
SC07-06995,49.53,25.59,4.87,16.33,4.59,0
SC07-06996,5.17,-9.01,9.06,146.94,1.71,0
SC07-06997,31.55,45.12,76.86,6.5,0.36,1
SC07-06998,91.64,37.01,96.62,462.61,6.31,0
SC07-06999,51.91,55.67,25.76,220.51,10.62,0
SC07-07000,23.18,11.63,49.61,122.01,5.63,0
SC07-07001,57.25,47.42,63.62,16.22,8.46,0
SC07-07002,10.46,-2.49,53.11,473.16,5.29,0
SC07-07003,6.77,5.33,10.92,479.53,4.9,0
SC07-07004,12.59,36.22,63.74,327.37,9.94,0
SC07-07005,35.85,-5.26,8.66,451.5,9.19,0
SC07-07006,19.63,14.74,30.02,373.99,8.09,0
SC07-07007,16.61,30.42,6.31,90.72,7.91,0
SC07-07008,62.14,41.68,58.96,364.35,3.2,0
SC07-07009,77.16,7.28,54.22,223.83,5.86,0
SC07-07010,46.83,49.68,3.63,316.38,11.64,0
SC07-07011,84.15,26.65,93.79,448.14,11.73,0
SC07-07012,89.42,44.68,83.14,8.35,2.97,0
SC07-07013,61.19,58.16,55.01,266.88,4.01,0
SC07-07014,66.91,35.67,2.13,49.96,2.75,0
SC07-07015,23.88,38.34,56.85,102.26,8.73,0
SC07-07016,68.41,21.34,0.85,192.41,5.35,0
SC07-07017,50.98,51.42,47.19,174.13,4.32,0
SC07-07018,7.98,12.8,22.25,412.45,1.48,0
SC07-07019,81.27,25.65,5.65,218.86,6.29,0
SC07-07020,84.22,24.53,59.29,493.77,10.95,0
SC07-07021,81.28,29.11,60.68,381.62,12.24,0
SC07-07022,5.91,0.93,97.01,495.49,4.47,0
SC07-07023,43.79,-7.66,50.35,376.2,2.6,0
SC07-07024,67.96,-9.09,41.76,189.04,6.84,0
SC07-07025,48.22,31.62,64.34,133.14,8.36,0
SC07-07026,66.24,2.25,32.36,375.32,6.51,0
SC07-07027,18.93,18.34,57.62,207.1,13.27,0
SC07-07028,69.8,-3.37,74.51,158.18,6.34,0
SC07-07029,76.55,14.88,71.92,486.28,4.16,0
SC07-07030,81.09,47.65,53.18,491.55,4.52,0
SC07-07031,72.03,35.83,94.81,286.72,0.68,0
SC07-07032,11.25,26.44,94.83,380.95,1.44,0
SC07-07033,11.22,41.51,47.63,124.83,3.25,0
SC07-07034,86.46,-4.78,45.99,143.42,5.89,0
SC07-07035,99.32,35.43,6.03,206.85,12.12,0
SC07-07036,98.99,-9.35,60.85,101.14,10.29,0
SC07-07037,99.25,50.16,22.33,216.96,9.84,0
SC07-07038,17.75,23.94,50.91,214.16,3.48,0
SC07-07039,62.56,42.26,89.99,188.41,9.63,0
SC07-07040,85.41,44.42,57.81,122.1,8.73,0
SC07-07041,88.57,-0.31,76.93,226.04,4.75,0
SC07-07042,31.68,51.64,33.72,235.25,7.43,0
SC07-07043,95.27,-0.66,19.24,271.96,11.53,0
SC07-07044,20.25,1.63,26.93,338.62,12.23,0
SC07-07045,14.53,-3.79,11.01,262.67,9.4,0
SC07-07046,77.29,40.07,68.8,454.64,5.29,0
SC07-07047,93.55,57.1,25.09,208.98,11.28,0
SC07-07048,95.27,59.84,63.26,12.29,9.58,0
SC07-07049,34.45,59.55,46.96,378.71,10.53,0
SC07-07050,69.51,18.92,9.6,495.44,2.65,0
SC07-07051,12.29,32.75,17.89,285.96,3.93,0
SC07-07052,77.19,39.89,17.57,481.26,3.12,0
SC07-07053,51.04,38.8,86.7,382.15,11.97,0
SC07-07054,18.54,6.85,57.98,433.77,1.33,0
SC07-07055,50.18,9.22,36.81,32.21,7.55,0
SC07-07056,16.42,27.71,52.98,461.23,3.35,0
SC07-07057,26.13,-9.75,89.05,173.58,3.15,0
SC07-07058,20.3,54.04,50.51,215.55,2.67,0
SC07-07059,66.77,50.98,0.91,491.93,8.11,0
SC07-07060,75.5,56.59,36.03,50.13,11.6,0
SC07-07061,50.37,39.97,65.42,46.19,2.07,0
SC07-07062,73.91,15.67,52.45,86.31,7.56,0
SC07-07063,90.72,11.96,29.22,312.55,4.17,0
SC07-07064,38.66,37.97,52.39,436.61,7.54,0
SC07-07065,21.09,30.36,85.1,272.19,2.48,0
SC07-07066,59.8,35.57,28.95,233.42,12.25,0
SC07-07067,21.35,4.65,39.66,122.04,11.93,0
SC07-07068,29.35,-7.07,46.91,372.11,13.54,0
SC07-07069,15.22,43.86,23.56,103.74,12.47,0
SC07-07070,31.16,-6.56,82.54,141.99,12.41,0
SC07-07071,49.96,29.97,63.17,216.55,13.98,0
SC07-07072,25.41,35.64,22.26,498.61,0.48,0
SC07-07073,94.28,-5.73,95.07,48.96,5.77,0
SC07-07074,76.86,20.21,98.47,485.55,7.34,0
SC07-07075,36.28,12.27,7.24,375.07,7.47,0
SC07-07076,33.13,33.07,92.64,475.66,2.13,0
SC07-07077,89.51,14.64,76.38,52.05,0.03,0
SC07-07078,31.22,19.89,3.64,365.56,10.84,0
SC07-07079,74.75,41.78,79.04,91.33,5.45,0
SC07-07080,0.61,19.32,1.76,51.95,3.67,0
SC07-07081,66.01,3.95,82.93,312.13,12.73,0
SC07-07082,71.91,52.38,13.41,156.13,1.02,0
SC07-07083,2.39,17.22,49.16,272.17,4.47,0
SC07-07084,47.06,55.09,84.84,73.75,1.07,0
SC07-07085,34.91,51.24,91.12,136.9,12.56,0
SC07-07086,77.42,30.06,34.65,371.27,11.86,0
SC07-07087,1.4,-4.66,6.77,462.5,9.62,0
SC07-07088,75.59,33.16,37.49,84.47,9.26,0
SC07-07089,2.55,14.22,93.01,15.22,5.96,1
SC07-07090,44.45,7.68,33.98,465.05,9.2,0
SC07-07091,77.62,24.97,8.06,227.54,10.64,0
SC07-07092,35.68,41.49,6.6,281.45,11.19,0
SC07-07093,55.24,1.61,75.37,289.49,2.19,0
SC07-07094,82.07,2.59,95.82,450.23,1.01,0
SC07-07095,78.61,2.67,50.9,429.76,9.52,0
SC07-07096,13.87,49.13,87.29,273.77,1.68,0
SC07-07097,81.53,19.19,43.01,167.08,0.64,0
SC07-07098,32.76,-6.01,73.67,493.43,1.9,0
SC07-07099,74.98,32.01,23.17,300.39,3.34,0
SC07-07100,24.71,57.5,75.04,182.69,10.39,0
SC07-07101,16.84,7.54,39.74,75.98,13.62,0
SC07-07102,56.12,25.41,28.17,23.64,12.78,0
SC07-07103,94.88,57.86,83.98,240.92,5.5,0
SC07-07104,25.69,31.73,59.19,77.18,10.24,0
SC07-07105,75.75,41.62,1.92,112.38,0.37,0
SC07-07106,41.09,7.83,9.6,278.31,9.18,0
SC07-07107,82.95,31.35,4.68,159.66,0.28,0
SC07-07108,97.46,42.78,27.24,335.54,11.97,0
SC07-07109,66.08,13.42,2.77,157.48,7.8,0
SC07-07110,91.13,22.66,17.04,29.68,0.73,0
SC07-07111,25.31,8.0,57.24,115.75,1.5,0
SC07-07112,7.17,-1.26,93.97,427.06,0.14,0
SC07-07113,20.04,7.93,39.45,339.8,7.06,0
SC07-07114,27.7,56.37,39.61,337.1,6.81,0
SC07-07115,20.81,10.56,27.81,189.18,5.28,0
SC07-07116,0.49,-0.54,39.38,364.81,10.74,0
SC07-07117,85.12,45.64,26.33,73.99,7.82,0
SC07-07118,54.32,3.51,51.68,105.35,8.95,0
SC07-07119,35.56,50.03,79.05,339.19,8.2,0
SC07-07120,28.2,11.43,58.09,386.86,1.64,0
SC07-07121,1.82,17.71,77.42,164.3,13.64,0
SC07-07122,37.35,38.3,43.06,280.32,13.26,0
SC07-07123,93.53,5.19,74.06,213.68,5.61,0
SC07-07124,52.32,22.2,14.95,417.11,7.75,0
SC07-07125,24.85,7.09,38.55,133.82,8.54,0
SC07-07126,87.92,26.06,75.59,110.11,2.93,0
SC07-07127,62.41,58.47,24.03,183.35,10.37,0
SC07-07128,88.25,17.8,52.19,268.65,4.84,0
SC07-07129,18.08,46.41,83.67,439.83,4.06,0
SC07-07130,86.51,-3.49,25.4,404.84,6.84,0
SC07-07131,71.98,21.87,32.9,363.76,2.82,0
SC07-07132,86.94,21.47,46.32,137.73,8.24,0
SC07-07133,61.6,30.31,41.7,267.0,8.44,0
SC07-07134,36.46,45.43,97.67,168.2,6.71,0
SC07-07135,45.07,32.67,9.41,464.73,9.29,0
SC07-07136,77.33,7.56,34.31,102.8,12.56,0
SC07-07137,54.14,49.42,58.06,461.26,7.26,0
SC07-07138,74.58,10.53,10.95,337.21,13.53,0
SC07-07139,31.38,33.74,27.79,107.29,6.63,0
SC07-07140,71.34,1.31,10.41,342.35,9.24,0
SC07-07141,50.62,36.32,80.19,338.72,5.94,0
SC07-07142,92.32,31.17,38.72,253.15,2.53,0
SC07-07143,41.02,11.57,7.01,16.02,7.53,0
SC07-07144,33.18,59.77,91.72,209.79,13.06,0
SC07-07145,11.04,0.18,32.77,238.53,2.24,0
SC07-07146,83.19,28.73,14.36,385.1,11.76,0
SC07-07147,16.62,24.34,56.22,320.67,7.48,0
SC07-07148,36.7,35.4,25.83,477.64,8.15,0
SC07-07149,62.45,18.3,63.82,146.1,10.07,0
SC07-07150,34.77,59.96,77.84,437.83,2.71,0
SC07-07151,71.33,-5.68,79.48,107.25,12.59,0
SC07-07152,20.32,27.07,36.84,201.78,6.92,0
SC07-07153,49.3,-1.37,75.14,417.3,3.57,0
SC07-07154,71.0,49.32,27.1,152.71,0.07,0
SC07-07155,74.63,9.02,78.43,184.8,0.63,0
SC07-07156,23.84,50.3,12.3,363.29,4.37,0
SC07-07157,77.55,21.12,99.19,243.13,8.18,0
SC07-07158,52.41,1.29,73.3,251.65,12.58,0
SC07-07159,74.92,11.39,45.35,103.07,3.74,0
SC07-07160,99.49,39.78,57.57,370.43,2.09,0
SC07-07161,86.38,-1.96,85.27,459.85,6.73,0
SC07-07162,19.49,18.77,63.11,438.52,13.89,0
SC07-07163,44.54,55.78,50.87,417.91,11.71,0
SC07-07164,70.22,55.8,96.75,121.69,9.34,0
SC07-07165,90.98,53.72,83.95,161.31,13.63,0
SC07-07166,74.49,0.0,64.76,295.05,11.15,0
SC07-07167,69.32,24.69,12.04,161.91,10.01,0
SC07-07168,0.2,34.46,47.55,464.19,9.81,0
SC07-07169,25.72,57.41,15.78,188.51,11.11,0
SC07-07170,4.67,-1.54,90.04,204.5,5.56,0
SC07-07171,49.42,14.65,48.03,499.83,6.13,0
SC07-07172,99.06,51.69,57.57,353.31,9.64,0
SC07-07173,10.26,20.1,74.13,162.9,5.75,0
SC07-07174,79.68,10.69,99.96,229.26,7.97,0
SC07-07175,60.75,-8.35,29.41,255.86,8.81,0
SC07-07176,48.71,40.35,46.19,67.75,12.1,0
SC07-07177,84.82,20.69,14.38,173.87,3.45,0
SC07-07178,7.19,34.82,99.13,287.28,4.46,0
SC07-07179,30.9,19.47,88.58,63.06,5.86,0
SC07-07180,82.62,16.88,46.74,445.67,2.21,0
SC07-07181,65.34,37.74,43.58,10.72,9.71,0
SC07-07182,10.75,39.7,70.29,16.41,11.38,1
SC07-07183,39.29,-5.47,25.74,350.79,12.19,0
SC07-07184,47.13,-3.45,13.51,396.48,9.41,0
SC07-07185,81.55,39.85,38.39,217.71,13.58,0
SC07-07186,28.65,-9.7,23.43,317.46,3.89,0
SC07-07187,62.72,35.64,69.16,205.94,7.91,0
SC07-07188,22.13,5.66,16.67,483.16,10.44,0
SC07-07189,91.35,22.65,66.55,182.85,12.45,0
SC07-07190,23.98,57.69,3.2,166.47,3.14,0
SC07-07191,11.57,16.47,80.65,428.63,10.6,0
SC07-07192,91.26,29.21,29.66,166.12,5.21,0
SC07-07193,40.88,12.07,3.02,5.57,10.29,0
SC07-07194,66.56,58.72,0.84,482.01,2.19,0
SC07-07195,94.63,-7.47,39.85,246.36,11.17,0
SC07-07196,28.93,-1.13,19.1,464.19,8.21,0
SC07-07197,83.74,57.71,54.62,217.01,2.43,0
SC07-07198,93.37,29.29,59.67,437.13,3.45,0
SC07-07199,43.09,-7.55,64.82,167.36,4.84,0
SC07-07200,36.62,23.78,76.14,293.69,10.57,0
SC07-07201,69.48,15.43,86.6,100.38,12.28,0
SC07-07202,25.05,13.42,6.69,489.63,6.36,0
SC07-07203,19.79,43.57,25.12,434.06,7.42,0
SC07-07204,1.99,-5.37,99.36,211.56,2.23,0
SC07-07205,19.74,8.82,76.33,198.36,9.57,0
SC07-07206,7.69,0.41,69.99,457.97,10.78,0
SC07-07207,24.83,46.87,12.75,337.57,3.66,0
SC07-07208,87.87,21.48,74.15,255.03,13.72,0
SC07-07209,0.24,8.88,69.1,83.91,10.09,0
SC07-07210,7.23,29.09,27.25,387.2,7.78,0
SC07-07211,87.97,36.08,24.63,384.03,13.28,0
SC07-07212,55.38,43.5,86.45,363.7,10.27,0
SC07-07213,11.94,-0.5,40.18,54.98,10.56,0
SC07-07214,60.15,-9.42,1.42,425.84,4.53,0
SC07-07215,54.18,31.49,87.26,164.85,9.16,0
SC07-07216,98.93,-7.07,12.07,8.04,3.03,0
SC07-07217,71.24,-8.24,99.4,276.43,10.38,0
SC07-07218,69.49,52.52,33.91,490.46,9.94,0
SC07-07219,34.13,34.91,72.07,328.65,11.35,0
SC07-07220,59.13,-7.34,18.44,52.83,3.3,0
SC07-07221,6.85,18.77,41.48,151.73,0.31,0
SC07-07222,13.71,34.55,16.08,478.0,4.07,0
SC07-07223,43.02,21.36,42.2,129.14,7.08,0
SC07-07224,14.9,37.98,72.72,282.99,12.1,0
SC07-07225,39.65,1.11,45.7,404.36,8.71,0
SC07-07226,82.36,44.84,26.35,450.73,10.14,0
SC07-07227,59.88,49.31,38.88,430.99,2.08,0
SC07-07228,24.47,-4.47,84.34,372.54,5.17,0
SC07-07229,96.86,14.78,71.54,435.85,10.63,0
SC07-07230,39.07,24.37,86.06,256.15,1.35,0
SC07-07231,2.27,58.6,62.36,424.68,4.24,0
SC07-07232,92.71,29.89,75.38,145.35,1.41,0
SC07-07233,27.07,-7.24,38.56,437.82,9.89,0
SC07-07234,56.35,12.61,79.43,65.09,1.78,0
SC07-07235,22.61,23.02,14.77,135.61,10.18,0
SC07-07236,98.21,54.22,38.55,47.01,2.61,0
SC07-07237,9.87,5.23,86.64,182.04,11.76,0
SC07-07238,77.93,24.3,32.06,198.43,7.06,0
SC07-07239,1.33,12.6,50.4,288.3,4.37,0
SC07-07240,96.44,26.27,36.9,316.74,12.96,0
SC07-07241,84.04,37.27,47.38,265.2,7.9,0
SC07-07242,92.79,-1.25,17.2,216.69,5.36,0
SC07-07243,38.09,3.73,37.05,457.68,5.81,0
SC07-07244,14.21,22.09,68.83,69.43,5.8,0
SC07-07245,23.6,46.43,47.0,115.35,3.56,0
SC07-07246,53.24,32.91,60.73,376.3,4.82,0
SC07-07247,33.92,59.31,83.5,410.6,10.91,0
SC07-07248,3.27,53.36,78.34,410.95,11.82,0
SC07-07249,89.4,-8.76,86.09,248.57,9.49,0
SC07-07250,2.67,-0.9,29.62,433.77,0.25,0
SC07-07251,74.89,36.24,57.14,133.73,3.12,0
SC07-07252,36.48,4.95,9.55,440.11,9.0,0
SC07-07253,69.65,33.49,3.07,108.48,13.3,0
SC07-07254,73.6,-1.34,52.86,418.99,10.48,0
SC07-07255,96.63,49.97,63.71,444.22,5.91,0
SC07-07256,48.64,42.13,47.07,322.95,1.9,0
SC07-07257,5.17,54.87,7.95,436.24,4.13,0
SC07-07258,55.13,25.65,24.69,234.14,7.81,0
SC07-07259,39.43,45.46,64.24,223.48,9.96,0
SC07-07260,78.58,42.71,64.44,94.19,13.06,0
SC07-07261,93.24,-0.03,32.45,295.74,13.18,0
SC07-07262,12.97,8.46,36.01,382.09,6.68,0
SC07-07263,77.0,21.92,25.23,222.95,4.75,0
SC07-07264,16.49,-2.53,80.45,262.77,4.82,0
SC07-07265,9.32,55.5,28.2,154.51,13.93,0
SC07-07266,22.73,16.49,53.12,291.22,5.55,0
SC07-07267,76.59,24.24,83.22,436.59,2.47,0
SC07-07268,78.38,43.07,79.58,142.68,4.64,0
SC07-07269,68.81,38.44,58.78,280.22,5.16,0
SC07-07270,50.3,31.58,44.71,237.4,12.33,0
SC07-07271,57.62,56.65,82.94,341.23,2.49,0
SC07-07272,34.03,-0.84,63.9,75.11,13.63,0
SC07-07273,31.72,18.51,85.22,356.34,9.86,0
SC07-07274,47.42,56.52,41.15,493.58,9.03,0
SC07-07275,52.53,45.52,51.98,380.86,7.23,0
SC07-07276,43.45,40.23,74.63,39.21,3.15,0
SC07-07277,57.42,33.29,29.06,318.61,13.69,0
SC07-07278,58.58,39.3,6.46,356.17,4.69,0
SC07-07279,43.82,6.08,63.26,480.62,0.72,0
SC07-07280,61.88,22.24,49.43,285.47,1.93,0
SC07-07281,67.47,25.36,78.19,189.54,11.63,0
SC07-07282,29.21,57.2,94.37,438.93,9.51,0
SC07-07283,57.02,39.56,55.4,315.83,11.34,0
SC07-07284,79.43,-8.58,55.01,322.4,0.33,0
SC07-07285,3.02,41.96,17.79,408.5,9.35,0
SC07-07286,59.62,17.66,31.97,160.91,4.53,0
SC07-07287,34.02,7.74,58.27,377.38,0.6,0
SC07-07288,69.93,21.17,63.25,392.25,13.87,0
SC07-07289,1.4,25.79,0.16,132.58,13.16,0
SC07-07290,51.48,23.86,18.34,78.31,2.44,0
SC07-07291,85.78,52.99,29.3,487.98,9.69,0
SC07-07292,95.86,19.65,70.38,64.25,4.16,0
SC07-07293,51.63,49.74,94.99,172.67,6.39,0
SC07-07294,58.63,0.87,33.19,90.02,3.04,0
SC07-07295,91.01,4.4,94.3,163.77,13.22,0
SC07-07296,46.33,37.29,67.98,248.85,2.98,0
SC07-07297,90.32,45.09,13.01,399.58,10.77,0
SC07-07298,53.2,23.75,4.81,332.81,0.13,0
SC07-07299,70.89,31.32,59.93,128.38,6.58,0
SC07-07300,47.74,34.07,68.57,91.16,7.14,0
SC07-07301,95.56,18.91,94.04,495.64,8.35,0
SC07-07302,48.14,8.49,39.43,443.69,13.71,0
SC07-07303,60.42,24.83,66.85,237.28,11.11,0
SC07-07304,89.79,42.5,45.95,375.35,2.38,0
SC07-07305,76.8,15.78,42.32,328.22,3.43,0
SC07-07306,98.96,-6.47,15.36,378.58,5.42,0
SC07-07307,98.89,54.2,37.17,72.2,5.07,0
SC07-07308,53.2,40.94,88.95,244.81,4.48,0
SC07-07309,1.05,57.87,75.93,373.06,9.26,0
SC07-07310,17.59,38.2,65.25,148.77,6.46,0
SC07-07311,38.6,56.31,41.52,339.21,13.15,0
SC07-07312,18.34,16.52,26.03,348.83,11.04,0
SC07-07313,20.46,18.34,93.2,53.66,8.02,0
SC07-07314,17.61,57.34,44.14,197.23,4.17,0
SC07-07315,22.3,50.72,3.82,159.18,8.81,0
SC07-07316,83.68,17.53,99.21,108.86,0.23,0
SC07-07317,65.19,4.06,14.51,462.79,11.1,0
SC07-07318,5.38,37.52,38.88,28.24,7.15,0
SC07-07319,87.01,57.55,80.98,423.43,0.78,0
SC07-07320,30.05,53.66,10.81,102.24,9.16,0
SC07-07321,76.51,52.44,19.54,466.09,10.21,0
SC07-07322,74.86,59.55,63.1,302.18,5.11,0
SC07-07323,16.01,54.53,88.68,382.71,8.34,0
SC07-07324,58.07,28.09,44.07,234.41,0.86,0
SC07-07325,36.05,26.18,58.48,385.15,6.64,0
SC07-07326,98.57,38.54,91.99,192.09,10.72,0
SC07-07327,93.04,12.8,70.38,91.54,11.51,0
SC07-07328,47.83,-6.53,12.73,123.64,10.86,0
SC07-07329,82.54,4.85,12.87,254.66,2.73,0
SC07-07330,81.54,19.45,15.66,124.86,10.61,0
SC07-07331,84.43,10.1,35.97,241.01,9.7,0
SC07-07332,74.18,59.36,52.63,86.39,8.76,0
SC07-07333,37.44,40.57,35.32,206.84,1.19,0
SC07-07334,43.57,59.14,36.46,278.99,2.19,0
SC07-07335,22.01,15.8,88.29,345.4,4.52,0
SC07-07336,49.02,-8.19,98.83,218.59,0.08,0
SC07-07337,66.69,43.74,54.69,434.88,2.48,0
SC07-07338,92.84,45.82,35.68,71.86,11.95,0
SC07-07339,52.72,24.85,37.46,446.89,4.91,0
SC07-07340,90.55,35.42,30.03,471.61,5.75,0
SC07-07341,66.42,49.53,49.88,206.18,9.46,0
SC07-07342,32.1,21.84,15.09,259.96,1.44,0
SC07-07343,0.98,57.54,99.87,474.59,10.16,0
SC07-07344,4.93,28.24,93.46,240.09,5.64,0
SC07-07345,31.05,55.49,35.06,12.78,9.49,1
SC07-07346,54.29,35.54,32.01,5.27,0.02,0
SC07-07347,90.45,28.92,68.04,210.23,8.32,0
SC07-07348,80.37,8.2,49.95,39.69,2.97,0
SC07-07349,53.14,44.04,54.81,213.38,2.71,0
SC07-07350,38.41,34.38,38.87,165.25,13.1,0
SC07-07351,23.4,47.21,44.27,371.88,5.72,0
SC07-07352,22.89,56.69,57.72,430.31,2.19,0
SC07-07353,86.53,38.47,91.99,85.13,1.6,0
SC07-07354,92.49,14.14,18.13,242.46,2.89,0
SC07-07355,88.61,24.91,28.83,156.61,4.52,0
SC07-07356,16.46,32.02,0.87,454.14,0.05,0
SC07-07357,47.32,42.61,2.64,239.1,12.73,0
SC07-07358,56.37,1.47,7.6,177.7,8.22,0
SC07-07359,45.09,58.36,40.97,8.04,7.46,0
SC07-07360,74.15,12.2,11.49,278.32,6.15,0
SC07-07361,29.8,58.39,23.18,217.92,2.87,0
SC07-07362,44.12,27.01,35.01,225.2,4.19,0
SC07-07363,74.75,37.81,34.64,327.29,5.07,0
SC07-07364,11.65,-2.07,63.17,267.61,13.43,0
SC07-07365,26.39,45.49,60.09,195.15,12.86,0
SC07-07366,24.32,29.51,18.11,239.45,6.68,0
SC07-07367,48.34,6.59,64.02,39.68,3.11,0
SC07-07368,27.42,21.86,36.92,451.23,1.02,0
SC07-07369,85.72,33.46,92.78,377.98,11.66,0
SC07-07370,46.91,16.13,59.26,334.41,11.88,0
SC07-07371,22.09,41.13,81.4,20.25,10.91,0
SC07-07372,91.81,12.66,1.23,143.33,10.35,0
SC07-07373,43.82,16.58,55.05,142.19,4.52,0
SC07-07374,56.73,30.02,27.72,462.78,4.07,0
SC07-07375,12.57,36.04,86.97,51.57,1.89,0
SC07-07376,61.01,7.29,88.33,27.66,13.71,0
SC07-07377,40.64,6.57,37.19,395.72,12.27,0
SC07-07378,36.84,56.14,31.38,453.42,8.19,0
SC07-07379,54.17,29.92,99.75,78.22,2.6,0
SC07-07380,70.39,31.61,91.62,262.67,7.84,0
SC07-07381,76.39,12.77,47.07,325.82,7.73,0
SC07-07382,77.83,45.07,98.42,232.53,13.15,0
SC07-07383,24.76,31.16,46.89,109.75,8.98,0
SC07-07384,51.55,7.31,43.73,192.41,0.38,0
SC07-07385,49.95,29.86,49.86,405.21,13.02,0
SC07-07386,97.61,45.37,75.41,343.06,4.09,0
SC07-07387,99.6,36.32,44.37,70.25,5.6,0
SC07-07388,94.52,52.63,72.93,485.39,10.37,0
SC07-07389,68.63,-8.79,44.14,115.66,2.55,0
SC07-07390,94.96,18.33,14.77,258.4,4.84,0
SC07-07391,38.58,-8.9,62.12,335.36,10.33,0
SC07-07392,42.54,-1.53,45.88,159.74,8.18,0
SC07-07393,84.02,57.01,94.56,221.15,3.89,0
SC07-07394,63.75,28.75,71.67,295.16,11.85,0
SC07-07395,55.31,36.94,98.22,335.63,4.26,0
SC07-07396,49.48,39.83,76.48,345.34,11.29,0
SC07-07397,36.46,41.92,33.87,313.33,1.99,0
SC07-07398,52.16,50.93,94.56,16.62,6.35,0
SC07-07399,69.82,-8.32,8.21,94.94,0.64,0
SC07-07400,60.6,21.39,6.48,64.25,1.49,0
SC07-07401,38.81,6.96,44.99,14.05,13.04,0
SC07-07402,48.35,56.1,93.69,112.2,7.97,0
SC07-07403,81.42,43.96,11.16,489.26,10.15,0
SC07-07404,17.06,-4.09,47.31,239.72,0.04,0
SC07-07405,88.64,38.19,56.64,414.44,7.41,0
SC07-07406,53.07,-7.67,55.93,341.73,7.03,0
SC07-07407,97.78,19.75,93.34,257.95,1.73,0
SC07-07408,44.3,3.93,39.47,167.99,5.79,0
SC07-07409,93.43,23.24,37.14,467.02,7.9,0
SC07-07410,44.89,7.05,91.4,395.38,4.07,0
SC07-07411,81.09,12.29,74.51,319.4,12.44,0
SC07-07412,48.14,36.13,35.38,5.97,0.55,0
SC07-07413,32.82,47.76,74.88,325.49,10.32,0
SC07-07414,54.81,-8.19,54.06,160.08,4.55,0
SC07-07415,44.76,4.79,48.44,145.98,5.04,0
SC07-07416,47.26,0.43,52.64,76.46,13.18,0
SC07-07417,1.64,10.04,36.98,394.6,10.29,0
SC07-07418,93.63,11.21,24.47,203.03,0.19,0
SC07-07419,67.11,19.97,68.05,57.29,4.81,0
SC07-07420,36.67,16.77,43.67,115.48,3.98,0
SC07-07421,70.46,20.83,65.44,22.52,0.58,0
SC07-07422,82.93,13.5,30.09,474.48,7.75,0
SC07-07423,13.78,33.83,2.31,437.07,7.99,0
SC07-07424,68.18,54.88,38.44,303.49,4.31,0
SC07-07425,24.2,20.6,34.83,348.01,12.54,0
SC07-07426,82.44,56.18,92.03,112.63,9.18,0
SC07-07427,21.12,5.23,29.29,70.05,2.31,0
SC07-07428,36.28,43.99,91.63,48.64,0.54,0
SC07-07429,72.95,6.5,6.46,381.59,4.16,0
SC07-07430,64.28,2.88,27.21,318.03,10.97,0
SC07-07431,63.07,39.71,40.14,123.89,8.5,0
SC07-07432,77.04,41.07,25.98,105.86,12.7,0
SC07-07433,71.01,-8.73,70.15,436.49,10.14,0
SC07-07434,86.78,28.06,73.66,247.91,2.32,0
SC07-07435,31.62,11.11,68.74,188.24,10.34,0
SC07-07436,5.09,30.57,94.52,105.38,6.97,0
SC07-07437,1.39,31.3,96.86,443.77,13.57,0
SC07-07438,95.92,53.77,10.26,446.66,3.22,0
SC07-07439,62.67,10.58,60.27,339.68,7.69,0
SC07-07440,36.48,-2.92,25.24,130.55,5.72,0
SC07-07441,99.53,15.88,23.16,77.39,4.89,0
SC07-07442,42.17,-1.09,40.24,250.29,5.53,0
SC07-07443,77.03,1.33,75.59,443.19,4.97,0
SC07-07444,49.82,42.19,58.44,154.54,3.92,0
SC07-07445,3.71,-5.81,56.41,252.81,10.97,0
SC07-07446,11.97,53.26,65.2,44.78,4.72,0
SC07-07447,49.6,55.3,3.68,138.87,5.36,0
SC07-07448,94.37,-4.23,83.43,385.0,6.27,0
SC07-07449,89.67,13.31,84.82,131.25,1.47,0
SC07-07450,18.54,8.29,96.85,341.09,7.0,0
SC07-07451,63.29,31.97,79.16,369.27,4.0,0
SC07-07452,98.6,7.99,65.99,419.64,11.17,0
SC07-07453,11.45,5.34,73.03,231.45,0.62,0
SC07-07454,59.49,23.96,42.86,10.46,2.65,0
SC07-07455,54.76,3.46,24.65,196.09,4.55,0
SC07-07456,16.48,52.93,81.68,335.06,0.03,0
SC07-07457,80.16,9.69,67.59,155.5,3.66,0
SC07-07458,76.29,8.92,79.68,217.67,1.74,0
SC07-07459,35.23,9.77,32.56,170.74,1.21,0
SC07-07460,19.75,47.21,43.02,76.22,1.24,0
SC07-07461,53.34,55.72,86.31,180.04,1.01,0
SC07-07462,0.89,36.69,27.32,66.26,13.55,0
SC07-07463,36.2,-0.1,48.12,3.31,5.63,0
SC07-07464,54.12,34.7,51.06,136.94,12.28,0
SC07-07465,92.27,38.8,43.86,235.41,2.12,0
SC07-07466,18.81,11.48,69.23,92.17,8.66,0
SC07-07467,48.87,55.54,73.33,124.12,5.69,0
SC07-07468,15.84,7.32,15.47,204.71,6.28,0
SC07-07469,91.59,20.07,29.14,441.04,4.7,0
SC07-07470,50.66,25.61,12.36,317.28,4.1,0
SC07-07471,38.48,57.87,64.02,228.9,4.12,0
SC07-07472,68.6,58.29,28.95,303.55,2.71,0
SC07-07473,7.29,19.2,34.66,442.41,2.2,0
SC07-07474,86.63,40.94,88.45,204.43,3.65,0
SC07-07475,81.5,57.48,0.46,343.37,3.22,0
SC07-07476,64.91,52.83,64.62,104.62,2.61,0
SC07-07477,19.14,17.78,90.19,355.62,2.89,0
SC07-07478,10.73,21.51,1.48,121.66,0.58,0
SC07-07479,20.74,37.64,22.16,99.85,9.16,0
SC07-07480,79.55,36.53,88.7,47.92,0.22,0
SC07-07481,39.8,9.57,81.78,78.76,5.93,0
SC07-07482,53.77,50.81,87.13,111.04,7.4,0
SC07-07483,69.31,54.01,64.45,182.68,2.72,0
SC07-07484,11.03,9.32,88.53,447.05,7.89,0
SC07-07485,54.42,-3.4,48.47,130.05,1.21,0
SC07-07486,31.75,46.24,2.15,188.79,5.97,0
SC07-07487,50.01,49.22,23.57,190.03,0.83,0
SC07-07488,39.72,56.54,41.04,494.43,2.44,0
SC07-07489,14.36,50.4,49.45,319.55,1.85,0
SC07-07490,93.31,57.14,10.48,390.91,13.9,0
SC07-07491,14.64,57.08,42.63,320.61,13.2,0
SC07-07492,77.63,13.61,95.55,62.69,0.84,0
SC07-07493,28.91,-4.58,86.64,422.18,12.46,0
SC07-07494,49.64,35.61,39.47,354.55,12.38,0
SC07-07495,6.43,29.5,61.18,321.28,2.58,0
SC07-07496,95.6,27.17,41.84,187.08,13.73,0
SC07-07497,21.44,28.66,76.28,278.58,11.33,0
SC07-07498,93.29,-2.04,4.2,476.91,6.59,0
SC07-07499,19.6,26.78,97.37,41.38,3.93,0
SC07-07500,19.77,-8.75,61.91,301.39,13.36,0
SC07-07501,2.62,-6.36,84.55,369.47,5.48,0
SC07-07502,39.78,-7.23,0.73,88.64,9.13,0
SC07-07503,28.45,9.98,82.53,446.41,6.28,0
SC07-07504,52.34,27.4,52.96,85.89,3.23,0
SC07-07505,46.18,27.31,88.98,469.64,2.14,0
SC07-07506,78.47,4.5,13.52,226.76,9.51,0
SC07-07507,96.41,12.96,3.72,148.36,9.39,0
SC07-07508,67.6,28.55,95.07,446.46,6.85,0
SC07-07509,88.33,10.41,64.09,252.93,5.63,0
SC07-07510,31.13,32.01,45.45,26.06,6.66,0
SC07-07511,62.92,48.11,17.37,491.17,10.55,0
SC07-07512,21.67,18.78,59.87,261.62,6.69,0
SC07-07513,35.04,58.46,64.96,324.16,3.92,0
SC07-07514,91.81,28.09,53.97,180.44,0.19,0
SC07-07515,74.17,42.34,96.93,308.54,0.76,0
SC07-07516,18.83,21.07,14.48,315.07,1.09,0
SC07-07517,22.7,15.38,58.76,250.16,3.96,0
SC07-07518,20.95,-2.3,75.74,336.66,8.13,0
SC07-07519,26.46,-1.91,8.34,202.85,1.27,0
SC07-07520,61.81,3.99,92.13,104.4,2.6,0
SC07-07521,84.92,20.43,98.62,404.73,5.37,0
SC07-07522,68.66,4.49,98.97,371.62,1.83,0
SC07-07523,38.63,48.65,22.67,58.49,1.32,0
SC07-07524,5.25,28.48,15.62,52.7,0.89,0
SC07-07525,8.57,21.42,60.21,291.04,4.43,0
SC07-07526,92.12,7.5,33.44,55.07,9.32,0
SC07-07527,57.27,-7.98,7.36,447.99,0.16,0
SC07-07528,84.15,43.0,33.27,385.68,11.17,0
SC07-07529,23.28,15.07,80.26,498.87,5.11,0
SC07-07530,36.91,23.03,43.22,180.76,3.69,0
SC07-07531,23.98,56.17,15.01,92.86,13.0,0
SC07-07532,52.73,43.0,47.89,48.91,5.56,0
SC07-07533,32.65,19.64,16.85,290.56,13.54,0
SC07-07534,36.63,21.2,44.38,40.58,4.21,0
SC07-07535,4.38,22.96,49.84,95.82,1.8,0
SC07-07536,49.6,37.76,93.0,423.52,6.9,0
SC07-07537,79.24,43.79,16.32,492.51,4.42,0
SC07-07538,46.46,53.89,62.44,455.06,12.94,0
SC07-07539,59.48,39.99,40.1,364.35,12.07,0
SC07-07540,9.86,57.96,31.72,478.55,1.31,0
SC07-07541,25.81,40.63,11.6,146.38,11.28,0
SC07-07542,31.18,15.5,30.54,208.23,3.04,0
SC07-07543,91.53,55.47,44.37,461.54,6.58,0
SC07-07544,84.16,39.98,9.24,445.68,0.01,0
SC07-07545,40.99,31.8,31.03,471.97,9.17,0
SC07-07546,54.27,23.29,81.44,96.03,0.1,0
SC07-07547,12.22,58.63,9.08,246.46,12.36,0
SC07-07548,8.93,-7.98,10.43,325.13,0.51,0
SC07-07549,10.35,-1.2,21.32,110.83,1.27,0
SC07-07550,95.24,34.2,65.0,227.54,0.41,0
SC07-07551,24.44,12.25,58.71,178.83,11.74,0
SC07-07552,25.95,-7.85,56.97,332.85,11.93,0
SC07-07553,92.99,53.77,29.08,64.94,5.58,0
SC07-07554,5.73,52.6,43.77,409.95,2.08,0
SC07-07555,29.09,-1.39,87.01,102.89,10.67,0
SC07-07556,17.25,57.23,70.74,421.19,11.71,0
SC07-07557,25.35,59.9,31.71,145.82,5.54,0
SC07-07558,43.65,9.23,75.29,72.93,3.2,0
SC07-07559,84.3,35.1,89.46,441.15,1.77,0
SC07-07560,7.33,-4.45,92.06,130.86,0.77,0
SC07-07561,51.85,56.45,59.76,173.85,8.79,0
SC07-07562,33.79,0.42,27.91,344.72,5.47,0
SC07-07563,14.69,49.19,49.52,212.34,4.55,0
SC07-07564,76.12,6.35,94.66,376.03,3.78,0
SC07-07565,79.25,-9.33,3.37,161.79,11.5,0
SC07-07566,10.34,38.37,21.32,490.2,13.0,0
SC07-07567,10.42,5.66,67.43,320.38,10.4,0
SC07-07568,78.98,34.29,75.69,5.94,6.95,0
SC07-07569,59.86,37.88,63.9,267.76,8.07,0
SC07-07570,68.45,12.49,74.77,26.76,7.8,0
SC07-07571,76.6,5.92,1.37,53.24,9.43,0
SC07-07572,63.4,57.68,63.87,244.23,11.73,0
SC07-07573,24.04,8.72,22.29,492.86,11.62,0
SC07-07574,85.66,22.82,43.2,301.49,0.48,0
SC07-07575,66.49,25.14,36.03,418.05,5.08,0
SC07-07576,24.14,36.6,84.17,241.84,12.08,0
SC07-07577,4.88,58.84,79.52,107.13,0.26,0
SC07-07578,91.19,-1.91,32.75,198.91,8.01,0
SC07-07579,44.77,35.1,73.78,179.23,7.91,0
SC07-07580,32.76,45.15,93.81,16.25,4.9,1
SC07-07581,92.17,0.72,6.74,133.45,10.22,0
SC07-07582,39.06,25.37,39.67,102.74,12.3,0
SC07-07583,60.56,52.42,28.8,213.01,8.9,0
SC07-07584,9.04,14.24,26.94,406.25,10.09,0
SC07-07585,92.23,34.54,93.03,190.61,10.36,0
SC07-07586,51.28,52.44,61.14,255.26,7.46,0
SC07-07587,73.57,35.93,39.38,399.53,1.25,0
SC07-07588,12.27,57.2,82.17,230.17,8.16,0
SC07-07589,60.27,51.47,14.85,413.0,2.24,0
SC07-07590,24.14,-4.31,32.93,243.02,1.92,0
SC07-07591,0.23,38.31,83.32,259.55,4.82,0
SC07-07592,75.67,20.02,42.46,344.53,9.79,0
SC07-07593,95.8,8.28,18.95,395.58,6.96,0
SC07-07594,70.84,3.2,20.16,325.28,3.26,0
SC07-07595,49.01,7.81,90.82,50.62,12.54,0
SC07-07596,72.24,-9.17,25.26,17.34,8.31,0
SC07-07597,89.64,8.26,36.96,254.09,0.92,0
SC07-07598,70.89,10.12,34.24,488.77,9.28,0
SC07-07599,99.64,-0.48,95.93,396.79,3.17,0
SC07-07600,86.99,34.87,90.7,431.76,8.05,0
SC07-07601,35.89,49.39,68.39,245.85,8.51,0
SC07-07602,96.78,32.48,39.54,335.7,2.55,0
SC07-07603,21.09,30.95,45.38,111.26,10.1,0
SC07-07604,9.95,57.26,78.49,35.72,8.16,0
SC07-07605,8.51,12.44,10.2,444.07,1.03,0
SC07-07606,65.56,-6.45,2.94,164.09,5.22,0
SC07-07607,76.49,-6.9,86.85,202.5,8.07,0
SC07-07608,95.47,48.26,81.25,355.73,12.28,0
SC07-07609,17.05,-0.24,72.93,90.68,11.99,0
SC07-07610,90.63,29.04,78.54,261.86,4.5,0
SC07-07611,70.39,46.37,5.92,384.07,10.7,0
SC07-07612,57.55,4.5,83.1,52.41,6.72,0
SC07-07613,98.4,58.25,56.19,219.8,7.27,0
SC07-07614,47.97,1.86,22.52,493.72,5.94,0
SC07-07615,94.63,28.77,14.06,324.75,7.22,0
SC07-07616,61.73,46.68,20.91,33.8,1.49,0
SC07-07617,23.19,54.78,84.25,150.8,10.0,0
SC07-07618,54.45,45.07,80.41,270.16,2.76,0
SC07-07619,63.79,58.92,43.77,370.21,3.24,0
SC07-07620,12.33,5.63,20.89,30.6,3.5,0
SC07-07621,26.66,1.83,84.23,156.58,0.44,0
SC07-07622,85.63,51.76,1.53,160.44,3.26,0
SC07-07623,35.61,35.5,50.77,65.08,2.86,0
SC07-07624,26.38,40.65,66.71,389.53,0.38,0
SC07-07625,55.54,2.54,65.19,116.17,13.89,0
SC07-07626,5.8,55.13,72.92,267.47,6.89,0
SC07-07627,59.16,28.73,16.6,170.31,6.81,0
SC07-07628,35.41,22.51,99.21,213.08,4.13,0
SC07-07629,32.11,49.49,94.72,108.18,0.47,0
SC07-07630,77.18,16.69,41.61,445.85,0.85,0
SC07-07631,89.02,38.87,21.32,452.71,1.27,0
SC07-07632,57.31,59.08,71.86,348.48,13.98,0
SC07-07633,98.92,31.32,33.7,110.11,8.33,0
SC07-07634,49.01,40.85,84.1,127.82,0.8,0
SC07-07635,48.77,33.59,97.25,4.21,13.27,0
SC07-07636,48.56,34.17,21.12,207.08,11.35,0
SC07-07637,58.07,51.54,89.62,143.4,12.87,0
SC07-07638,51.74,-6.84,14.39,48.25,2.56,0
SC07-07639,27.03,58.16,29.86,149.28,7.82,0
SC07-07640,93.17,7.07,36.02,394.67,4.5,0
SC07-07641,76.78,56.15,83.45,287.77,8.48,0
SC07-07642,33.53,52.38,38.46,457.6,6.18,0
SC07-07643,63.57,-0.94,81.44,493.31,12.69,0
SC07-07644,74.8,-7.61,34.56,274.37,9.26,0
SC07-07645,60.53,49.3,31.38,487.65,4.49,0
SC07-07646,92.04,27.6,56.84,376.76,11.05,0
SC07-07647,84.98,27.77,80.07,467.05,3.68,0
SC07-07648,32.18,12.86,70.4,499.45,10.42,0
SC07-07649,71.93,44.59,82.44,223.63,4.12,0
SC07-07650,18.54,57.88,26.03,463.27,8.9,0
SC07-07651,90.42,58.16,92.12,461.62,9.32,0
SC07-07652,41.98,45.83,28.06,281.99,2.44,0
SC07-07653,11.7,17.55,49.84,157.98,10.31,0
SC07-07654,67.96,-7.52,98.1,35.78,12.38,0
SC07-07655,86.41,-4.51,87.31,174.56,8.81,0
SC07-07656,5.22,34.11,1.91,36.08,3.57,0
SC07-07657,78.52,56.74,35.94,259.57,0.08,0
SC07-07658,4.9,-7.19,29.38,11.25,9.98,1
SC07-07659,25.49,15.11,62.33,192.52,11.09,0
SC07-07660,29.57,57.74,80.97,175.5,5.06,0
SC07-07661,1.89,59.55,55.16,302.51,12.04,0
SC07-07662,39.63,-0.58,44.35,30.26,13.53,0
SC07-07663,53.03,38.77,60.24,369.24,1.25,0
SC07-07664,50.71,1.94,89.25,396.31,5.38,0
SC07-07665,17.69,36.05,5.99,337.52,5.15,0
SC07-07666,32.99,-8.43,24.03,169.1,0.3,0
SC07-07667,86.8,55.08,7.06,248.63,1.0,0
SC07-07668,43.28,9.22,94.94,242.1,10.73,0
SC07-07669,72.17,17.11,18.87,385.16,11.41,0
SC07-07670,62.58,38.35,89.27,388.45,2.19,0
SC07-07671,24.75,30.88,40.2,28.96,5.07,0
SC07-07672,96.34,-3.03,50.99,460.32,3.89,0
SC07-07673,59.37,9.8,76.11,321.82,8.5,0
SC07-07674,75.91,7.59,30.83,470.74,7.59,0
SC07-07675,18.52,52.63,6.73,44.01,11.19,0
SC07-07676,24.21,21.08,12.7,470.86,9.56,0
SC07-07677,27.9,24.52,71.24,408.51,2.2,0
SC07-07678,57.83,42.37,32.46,287.35,10.05,0
SC07-07679,26.62,48.41,97.14,454.74,8.05,0
SC07-07680,30.57,52.23,57.44,154.77,4.76,0
SC07-07681,76.07,28.11,89.7,117.31,13.59,0
SC07-07682,58.0,35.11,28.92,370.73,11.21,0
SC07-07683,49.43,-8.72,95.76,375.97,6.7,0
SC07-07684,66.61,37.15,47.73,401.4,11.95,0
SC07-07685,47.0,4.4,53.11,160.81,3.84,0
SC07-07686,14.8,-2.19,9.96,269.01,1.72,0
SC07-07687,12.68,27.68,44.64,220.77,11.29,0
SC07-07688,43.25,38.59,40.03,28.69,8.55,0
SC07-07689,58.83,32.1,89.41,81.84,11.74,0
SC07-07690,12.62,30.38,64.86,105.3,6.28,0
SC07-07691,86.47,24.74,92.83,7.75,11.11,0
SC07-07692,42.05,50.01,31.86,58.39,8.8,0
SC07-07693,84.57,20.52,78.62,398.25,10.27,0
SC07-07694,65.21,47.7,41.57,23.2,4.24,0
SC07-07695,27.75,21.17,96.6,458.35,13.92,0
SC07-07696,27.17,14.88,45.03,423.72,13.22,0
SC07-07697,5.54,57.85,99.6,374.93,9.76,0
SC07-07698,36.0,57.39,25.6,141.09,8.96,0
SC07-07699,78.42,38.44,87.81,160.35,11.37,0
SC07-07700,13.22,17.26,62.99,245.31,13.3,0
SC07-07701,26.71,42.24,26.91,168.32,4.72,0
SC07-07702,66.91,23.14,94.22,469.76,9.42,0
SC07-07703,21.05,47.97,68.98,485.78,0.05,0
SC07-07704,90.47,13.38,99.97,449.25,13.33,0
SC07-07705,78.03,38.01,16.05,464.27,6.58,0
SC07-07706,52.8,39.47,77.46,237.4,8.0,0
SC07-07707,67.23,51.65,49.8,473.38,7.77,0
SC07-07708,99.1,48.9,86.34,367.69,9.03,0
SC07-07709,42.64,18.22,23.48,462.56,11.35,0
SC07-07710,54.03,45.16,18.74,232.34,9.54,0
SC07-07711,30.62,27.87,64.14,385.14,13.47,0
SC07-07712,80.4,9.98,69.2,23.09,13.45,0
SC07-07713,60.32,17.87,10.26,177.44,6.69,0
SC07-07714,87.07,22.69,52.55,69.78,6.87,0
SC07-07715,42.01,10.15,99.5,293.21,5.45,0
SC07-07716,94.48,19.98,33.37,427.26,9.61,0
SC07-07717,80.28,14.02,17.59,18.04,5.43,0
SC07-07718,7.4,19.9,47.64,30.99,8.75,0
SC07-07719,14.19,-6.26,66.99,10.57,0.89,1
SC07-07720,21.58,49.5,30.79,368.48,0.26,0
SC07-07721,20.85,43.96,29.97,88.92,13.82,0
SC07-07722,57.42,40.13,75.79,139.35,3.94,0
SC07-07723,55.22,-3.68,37.93,288.61,4.93,0
SC07-07724,61.08,-1.75,64.49,87.27,11.86,0
SC07-07725,42.05,8.4,24.73,495.46,7.59,0
SC07-07726,55.33,59.54,90.57,131.58,12.81,0
SC07-07727,59.01,-3.29,8.21,72.54,11.34,0
SC07-07728,82.64,29.4,90.59,490.69,13.9,0
SC07-07729,60.27,16.93,43.22,216.36,8.12,0
SC07-07730,15.42,30.18,92.72,413.55,7.81,0
SC07-07731,20.78,23.72,88.05,337.97,12.39,0
SC07-07732,28.7,1.13,50.09,192.45,6.64,0
SC07-07733,47.93,11.45,54.99,388.99,0.75,0
SC07-07734,24.36,47.14,73.1,437.1,6.65,0
SC07-07735,13.66,45.5,99.54,287.73,11.4,0
SC07-07736,40.1,15.04,94.88,165.0,2.77,0
SC07-07737,42.45,33.22,14.57,430.96,9.16,0
SC07-07738,30.52,44.18,51.1,345.49,2.01,0
SC07-07739,95.42,40.31,76.23,243.71,12.39,0
SC07-07740,73.38,51.58,52.65,416.06,12.05,0
SC07-07741,7.93,2.0,52.66,218.1,2.32,0
SC07-07742,48.76,8.0,78.85,191.77,8.63,0
SC07-07743,5.2,-8.74,37.94,435.99,10.98,0
SC07-07744,59.68,50.63,95.72,190.45,2.56,0
SC07-07745,74.93,-2.98,31.67,110.2,9.32,0
SC07-07746,5.02,-8.72,2.02,38.75,12.54,0
SC07-07747,46.02,-2.84,6.91,297.57,11.26,0
SC07-07748,24.94,38.19,45.64,494.19,2.52,0
SC07-07749,36.44,27.04,9.97,310.16,3.11,0
SC07-07750,35.76,-7.9,58.24,185.02,12.64,0
SC07-07751,66.17,-7.88,11.38,161.65,4.23,0
SC07-07752,39.57,49.03,95.44,45.81,3.06,0
SC07-07753,5.75,-6.76,69.74,32.8,9.3,0
SC07-07754,46.12,29.71,9.23,475.54,5.03,0
SC07-07755,95.16,46.13,99.89,3.41,13.21,0
SC07-07756,70.56,39.01,99.77,487.68,2.98,0
SC07-07757,21.31,48.37,48.11,316.81,0.62,0
SC07-07758,84.15,51.23,9.77,440.57,4.05,0
SC07-07759,17.18,0.95,82.71,489.75,8.63,0
SC07-07760,15.81,50.56,94.93,338.63,3.66,0
SC07-07761,98.28,19.11,20.87,190.63,3.78,0
SC07-07762,69.25,19.84,40.29,85.54,9.1,0
SC07-07763,85.52,58.31,27.08,170.7,10.11,0
SC07-07764,83.45,48.01,8.35,415.03,9.96,0
SC07-07765,3.09,45.03,95.69,169.48,1.16,0
SC07-07766,31.58,6.97,7.01,56.25,13.21,0
SC07-07767,61.12,53.79,96.21,406.35,5.69,0
SC07-07768,83.05,0.58,40.62,390.23,11.18,0
SC07-07769,70.28,9.18,92.69,378.3,13.95,0
SC07-07770,60.7,19.2,84.73,128.33,7.03,0
SC07-07771,89.1,16.32,31.68,174.97,11.72,0
SC07-07772,16.91,11.67,86.49,378.56,5.42,0
SC07-07773,87.67,36.4,69.22,207.52,1.53,0
SC07-07774,72.89,24.44,85.27,439.9,10.34,0
SC07-07775,15.94,44.4,10.94,57.9,7.86,0
SC07-07776,82.73,-3.2,5.55,482.25,0.29,0
SC07-07777,7.56,24.95,78.57,165.16,12.75,0
SC07-07778,4.2,1.93,49.19,274.2,11.9,0
SC07-07779,32.61,-6.74,27.08,144.85,12.63,0
SC07-07780,90.61,9.53,13.74,486.46,3.65,0
SC07-07781,14.5,18.31,79.1,9.39,7.54,1
SC07-07782,70.0,49.36,6.48,409.57,3.18,0
SC07-07783,66.91,36.05,97.94,440.99,5.75,0
SC07-07784,25.21,33.22,99.4,21.5,2.0,0
SC07-07785,6.28,40.79,66.53,58.2,2.1,0
SC07-07786,90.65,-9.61,97.59,329.73,1.1,0
SC07-07787,65.34,-6.91,53.49,450.84,3.08,0
SC07-07788,35.99,23.07,67.17,112.82,10.48,0
SC07-07789,78.68,17.4,73.72,341.59,4.38,0
SC07-07790,12.15,22.13,8.35,18.88,11.15,1
SC07-07791,43.24,-4.38,83.17,228.58,10.61,0
SC07-07792,11.09,41.98,88.06,2.72,6.28,1
SC07-07793,47.33,7.53,50.69,486.96,5.08,0
SC07-07794,43.68,27.06,42.79,241.6,11.19,0
SC07-07795,43.35,24.17,68.81,302.06,2.23,0
SC07-07796,82.76,28.73,23.26,293.1,1.64,0
SC07-07797,20.53,56.55,59.19,75.52,5.07,0
SC07-07798,45.25,2.37,36.35,242.64,3.11,0
SC07-07799,42.28,48.01,91.16,140.19,9.63,0
SC07-07800,89.53,37.45,10.23,343.49,0.63,0
SC07-07801,59.3,46.59,80.81,344.04,8.79,0
SC07-07802,77.33,31.36,84.74,494.48,7.55,0
SC07-07803,9.06,36.98,16.52,377.67,11.17,0
SC07-07804,6.08,5.13,9.6,7.28,7.83,1
SC07-07805,3.83,15.04,82.38,19.24,0.98,1
SC07-07806,40.34,35.43,71.77,367.61,5.58,0
SC07-07807,24.1,-5.64,90.15,463.54,8.67,0
SC07-07808,88.5,33.59,31.8,195.71,12.59,0
SC07-07809,75.33,20.49,41.34,491.28,5.68,0
SC07-07810,80.52,14.31,85.97,461.85,10.45,0
SC07-07811,38.58,59.08,13.28,179.87,13.73,0
SC07-07812,37.57,24.17,92.61,404.69,8.66,0
SC07-07813,17.78,51.12,35.96,402.54,13.92,0
SC07-07814,91.37,17.1,26.82,306.27,7.83,0
SC07-07815,93.14,47.36,82.24,453.01,12.07,0
SC07-07816,49.8,-3.22,84.01,457.38,8.9,0
SC07-07817,28.75,-1.79,5.59,25.45,0.06,0
SC07-07818,38.95,27.79,51.53,496.15,13.55,0
SC07-07819,24.08,39.81,80.9,281.78,13.37,0
SC07-07820,75.65,9.37,6.2,350.78,4.38,0
SC07-07821,65.01,18.99,70.89,304.61,11.94,0
SC07-07822,62.87,52.13,38.38,282.62,11.89,0
SC07-07823,24.5,16.11,79.68,142.31,6.54,0
SC07-07824,61.06,-6.43,83.03,157.44,7.76,0
SC07-07825,24.26,8.4,1.48,244.29,7.42,0
SC07-07826,2.36,49.41,42.55,184.16,13.97,0
SC07-07827,0.44,56.08,4.78,460.57,11.13,0
SC07-07828,89.71,-1.72,62.32,463.81,4.59,0
SC07-07829,49.09,10.91,20.98,271.06,10.85,0
SC07-07830,54.19,2.6,30.75,191.4,7.15,0
SC07-07831,50.14,44.88,44.44,172.24,3.13,0
SC07-07832,1.31,38.54,96.21,180.36,4.47,0
SC07-07833,36.98,-6.07,18.85,78.5,6.55,0
SC07-07834,9.19,20.64,51.01,336.24,13.72,0
SC07-07835,34.55,40.37,12.21,491.69,8.71,0
SC07-07836,69.16,51.41,63.51,43.9,0.34,0
SC07-07837,74.87,47.52,10.18,11.03,9.98,0
SC07-07838,82.48,24.48,63.2,20.86,3.85,0
SC07-07839,97.74,-5.26,42.78,301.85,11.73,0
SC07-07840,21.63,44.02,47.28,350.08,2.04,0
SC07-07841,77.43,29.32,89.33,291.96,6.27,0
SC07-07842,51.09,48.62,20.31,283.68,2.11,0
SC07-07843,36.96,49.55,60.27,187.74,0.72,0
SC07-07844,41.28,18.8,4.54,40.48,4.22,0
SC07-07845,81.3,-1.38,47.72,304.87,4.16,0
SC07-07846,8.65,35.16,53.52,407.05,7.94,0
SC07-07847,89.36,17.26,28.72,94.85,4.16,0
SC07-07848,96.79,14.5,69.33,42.02,4.29,0
SC07-07849,73.92,12.06,96.91,487.48,3.92,0
SC07-07850,95.23,28.63,11.73,15.86,7.6,0
SC07-07851,31.96,-2.38,29.35,350.62,11.06,0
SC07-07852,92.91,-2.45,44.77,275.3,6.7,0
SC07-07853,41.09,5.98,97.57,379.83,1.8,0
SC07-07854,0.78,0.9,82.47,120.34,3.11,0
SC07-07855,51.81,34.19,23.93,330.71,5.41,0
SC07-07856,76.85,12.71,61.06,356.85,2.15,0
SC07-07857,1.62,-9.6,77.82,122.58,11.69,0
SC07-07858,91.69,55.02,42.87,151.61,0.56,0
SC07-07859,49.96,0.7,4.28,80.1,4.4,0
SC07-07860,73.37,32.42,95.24,101.27,7.05,0
SC07-07861,35.69,57.97,48.55,264.96,11.8,0
SC07-07862,77.46,58.33,14.72,94.95,11.96,0
SC07-07863,56.42,-7.93,60.87,496.59,7.59,0
SC07-07864,29.46,25.0,63.09,233.36,1.39,0
SC07-07865,69.24,17.73,10.43,281.72,9.24,0
SC07-07866,87.63,35.93,90.13,419.75,5.65,0
SC07-07867,52.74,58.96,17.39,324.46,0.95,0
SC07-07868,42.36,56.32,38.72,6.89,10.85,0
SC07-07869,89.87,49.75,50.42,454.04,0.89,0
SC07-07870,90.69,24.04,4.69,363.46,2.29,0
SC07-07871,17.19,37.04,37.74,251.79,0.33,0
SC07-07872,54.59,-4.74,44.96,67.08,8.84,0
SC07-07873,10.09,32.78,78.62,496.7,6.2,0
SC07-07874,21.69,-7.11,6.23,106.06,7.82,0
SC07-07875,0.44,28.22,85.02,442.52,3.62,0
SC07-07876,90.83,59.03,55.1,22.26,11.48,0
SC07-07877,94.55,52.82,53.4,96.2,5.83,0
SC07-07878,79.59,27.74,91.79,228.93,10.31,0
SC07-07879,13.55,-5.81,10.0,35.12,13.94,0
SC07-07880,68.77,19.56,42.25,363.56,4.17,0
SC07-07881,32.02,34.8,88.41,238.27,9.57,0
SC07-07882,22.26,-8.3,49.87,277.89,11.79,0
SC07-07883,21.16,26.68,92.23,321.21,4.68,0
SC07-07884,92.2,6.88,10.69,209.13,12.28,0
SC07-07885,52.59,24.75,28.73,447.67,4.67,0
SC07-07886,95.47,24.06,95.05,49.22,8.84,0
SC07-07887,43.96,40.01,28.37,83.54,13.59,0
SC07-07888,84.07,36.81,38.77,68.76,6.73,0
SC07-07889,60.23,57.58,25.2,98.2,1.56,0
SC07-07890,97.6,1.13,22.6,403.6,4.93,0
SC07-07891,86.4,23.43,43.47,16.01,4.32,0
SC07-07892,1.4,53.73,52.09,357.49,5.61,0
SC07-07893,89.69,43.48,33.21,224.51,5.69,0
SC07-07894,38.62,-1.82,61.45,242.89,9.27,0
SC07-07895,84.25,14.01,12.52,451.48,9.3,0
SC07-07896,30.07,8.41,56.22,210.96,6.36,0
SC07-07897,61.01,30.08,5.48,231.61,1.89,0
SC07-07898,71.86,23.05,27.13,216.73,0.33,0
SC07-07899,31.44,44.15,10.42,258.38,6.14,0
SC07-07900,92.42,6.34,40.72,268.77,3.06,0
SC07-07901,23.66,-0.55,20.29,268.2,10.51,0
SC07-07902,52.47,-0.35,35.82,440.59,5.92,0
SC07-07903,50.1,19.49,56.3,446.72,13.76,0
SC07-07904,6.04,15.23,37.29,134.34,7.76,0
SC07-07905,55.96,11.85,49.06,463.03,9.88,0
SC07-07906,83.24,30.57,41.04,240.52,8.78,0
SC07-07907,0.41,17.92,5.23,38.57,11.51,0
SC07-07908,41.26,9.98,39.04,413.98,8.2,0
SC07-07909,43.39,9.93,78.32,283.28,12.0,0
SC07-07910,0.64,31.81,42.97,177.81,9.32,0
SC07-07911,87.3,11.62,94.28,467.75,3.48,0
SC07-07912,5.47,23.22,51.89,134.38,5.6,0
SC07-07913,65.45,50.84,72.72,431.1,9.11,0
SC07-07914,15.63,47.56,91.13,157.4,11.5,0
SC07-07915,13.05,36.56,54.99,253.22,12.5,0
SC07-07916,68.65,47.72,5.65,386.86,2.78,0
SC07-07917,10.9,59.43,37.35,387.06,5.6,0
SC07-07918,88.66,-6.79,44.74,313.6,9.5,0
SC07-07919,40.4,53.54,86.45,406.88,1.3,0
SC07-07920,66.89,7.7,63.93,178.8,13.31,0
SC07-07921,40.71,2.33,97.87,496.97,12.71,0
SC07-07922,25.72,11.71,57.53,153.3,9.4,0
SC07-07923,33.84,54.23,67.37,457.27,0.85,0
SC07-07924,31.99,3.47,49.91,245.17,11.9,0
SC07-07925,7.95,59.72,1.49,254.17,9.82,0
SC07-07926,87.72,3.46,83.85,451.61,7.69,0
SC07-07927,72.12,14.04,59.95,450.13,6.91,0
SC07-07928,31.64,55.24,18.73,130.16,0.98,0
SC07-07929,34.43,12.62,96.23,482.21,10.33,0
SC07-07930,84.05,1.53,22.84,402.91,1.39,0
SC07-07931,92.36,9.16,23.1,455.14,3.45,0
SC07-07932,96.62,-0.63,95.96,228.99,3.91,0
SC07-07933,64.34,10.11,22.79,358.78,2.04,0
SC07-07934,70.22,14.15,45.65,214.29,12.87,0
SC07-07935,49.89,35.05,28.24,353.68,4.13,0
SC07-07936,85.68,23.07,45.44,130.91,8.91,0
SC07-07937,39.33,9.18,62.04,75.17,12.15,0
SC07-07938,73.87,25.7,66.15,147.91,7.88,0
SC07-07939,1.02,21.55,89.79,329.55,1.04,0
SC07-07940,3.22,30.06,55.9,145.78,2.43,0
SC07-07941,50.79,30.53,24.76,189.64,3.64,0
SC07-07942,12.11,25.19,42.37,252.96,13.45,0
SC07-07943,46.98,44.24,96.75,433.32,2.52,0
SC07-07944,51.57,-5.0,34.24,181.86,7.89,0
SC07-07945,56.79,15.32,84.86,264.4,3.65,0
SC07-07946,26.45,59.16,89.22,175.14,1.64,0
SC07-07947,14.74,43.94,28.68,459.56,3.85,0
SC07-07948,71.67,22.72,2.68,386.09,5.8,0
SC07-07949,65.23,-5.02,73.37,295.46,8.54,0
SC07-07950,29.25,12.59,44.98,374.76,9.18,0
SC07-07951,26.95,12.83,2.05,236.29,13.96,0
SC07-07952,72.82,-1.35,52.3,36.66,1.41,0
SC07-07953,7.14,17.54,63.74,47.33,9.24,0
SC07-07954,7.87,7.92,76.82,487.34,7.07,0
SC07-07955,21.74,22.51,97.16,25.92,0.82,0
SC07-07956,85.57,21.08,62.17,473.5,10.1,0
SC07-07957,63.85,55.28,38.48,108.66,6.21,0
SC07-07958,17.93,7.88,65.68,381.49,13.83,0
SC07-07959,13.0,13.43,15.29,478.89,6.94,0
SC07-07960,52.53,7.87,49.11,240.63,8.7,0
SC07-07961,79.11,49.34,24.16,302.13,7.24,0
SC07-07962,49.46,13.02,70.04,325.88,8.68,0
SC07-07963,62.17,48.51,19.52,282.86,1.52,0
SC07-07964,51.92,15.34,26.77,433.18,11.29,0
SC07-07965,54.53,5.72,50.69,181.16,13.62,0
SC07-07966,89.03,0.75,16.56,404.29,10.39,0
SC07-07967,1.79,19.36,91.79,52.33,8.45,0
SC07-07968,57.73,1.62,92.85,223.17,11.21,0
SC07-07969,83.12,59.57,95.77,180.56,4.64,0
SC07-07970,22.39,57.28,7.07,323.8,8.04,0
SC07-07971,77.41,-5.01,66.51,320.57,11.44,0
SC07-07972,32.95,16.8,6.36,415.92,10.49,0
SC07-07973,85.94,16.56,63.04,71.25,11.24,0
SC07-07974,80.18,45.01,17.15,264.17,4.31,0
SC07-07975,61.08,29.41,88.78,410.84,9.38,0
SC07-07976,75.53,51.45,5.64,2.5,1.69,0
SC07-07977,12.52,12.79,51.27,325.92,12.24,0
SC07-07978,78.56,3.53,61.41,1.4,12.6,0
SC07-07979,88.71,48.43,38.31,299.04,2.39,0
SC07-07980,55.63,34.36,90.69,341.83,9.92,0
SC07-07981,92.55,24.86,67.55,396.72,10.85,0
SC07-07982,17.9,53.76,67.63,237.86,2.72,0
SC07-07983,7.67,51.72,16.35,130.07,11.1,0
SC07-07984,53.91,-0.62,65.63,222.24,6.24,0
SC07-07985,19.28,-3.21,86.11,149.89,9.16,0
SC07-07986,26.77,44.81,11.5,353.24,5.26,0
SC07-07987,27.02,57.84,57.47,486.1,10.68,0
SC07-07988,38.44,34.31,66.91,276.43,0.09,0
SC07-07989,57.47,55.25,82.87,383.46,6.25,0
SC07-07990,66.48,49.07,45.05,461.73,9.32,0
SC07-07991,41.4,13.2,64.71,29.4,9.43,0
SC07-07992,89.57,0.92,8.87,453.94,11.06,0
SC07-07993,93.77,-3.72,53.13,226.47,13.96,0
SC07-07994,47.69,30.53,27.39,414.34,5.23,0
SC07-07995,42.96,53.83,61.92,403.01,10.19,0
SC07-07996,68.63,45.73,96.86,359.96,0.76,0
SC07-07997,27.03,9.05,0.15,40.59,13.82,0
SC07-07998,39.22,16.04,45.36,347.19,6.46,0
SC07-07999,41.93,34.97,76.98,464.06,5.08,0
SC07-08000,45.8,3.48,13.93,321.44,6.72,0
SC07-08001,30.09,43.52,33.76,216.61,4.54,0
SC07-08002,2.1,42.66,72.65,120.65,0.76,0
SC07-08003,78.34,52.38,42.62,351.33,1.64,0
SC07-08004,70.3,34.55,86.38,418.93,11.73,0
SC07-08005,95.08,13.41,84.98,448.68,3.08,0
SC07-08006,83.53,-9.11,20.38,437.6,4.15,0
SC07-08007,54.32,-10.0,49.07,264.09,8.89,0
SC07-08008,83.21,0.43,20.24,467.28,11.24,0
SC07-08009,37.78,14.61,5.62,55.78,11.79,0
SC07-08010,43.18,-1.48,60.39,110.13,11.86,0
SC07-08011,45.96,13.22,5.86,59.21,6.44,0
SC07-08012,83.99,34.78,68.11,221.53,6.03,0
SC07-08013,20.27,31.61,97.88,206.2,0.45,0
SC07-08014,93.01,17.11,4.87,230.59,8.62,0
SC07-08015,82.74,50.41,14.96,431.41,7.16,0
SC07-08016,1.84,36.87,49.01,258.54,9.97,0
SC07-08017,45.23,29.42,50.84,252.37,3.58,0
SC07-08018,21.68,14.38,40.33,265.51,5.48,0
SC07-08019,68.66,59.74,44.7,126.82,7.03,0
SC07-08020,93.88,6.4,87.27,472.52,7.98,0
SC07-08021,44.03,52.96,25.73,407.19,8.27,0
SC07-08022,35.49,-1.9,99.43,426.01,11.23,0
SC07-08023,21.61,21.66,15.14,328.93,0.92,0
SC07-08024,32.75,21.23,73.19,483.53,3.88,0
SC07-08025,53.57,53.44,18.25,146.89,11.65,0
SC07-08026,30.86,32.64,82.99,397.91,11.38,0
SC07-08027,64.07,21.46,42.01,163.03,7.95,0
SC07-08028,67.01,1.74,81.02,108.31,1.48,0
SC07-08029,90.63,18.58,23.58,491.7,1.2,0
SC07-08030,22.27,51.74,82.97,31.37,1.49,0
SC07-08031,72.71,39.64,38.12,290.11,0.33,0
SC07-08032,27.58,20.81,4.82,216.1,4.27,0
SC07-08033,59.84,-5.8,34.71,402.71,0.91,0
SC07-08034,9.82,43.24,61.62,453.89,6.92,0
SC07-08035,56.46,-3.48,86.54,312.99,1.02,0
SC07-08036,97.74,1.24,78.96,267.45,0.76,0
SC07-08037,62.36,49.07,42.6,339.08,8.97,0
SC07-08038,82.69,26.58,89.25,416.3,4.32,0
SC07-08039,8.07,52.75,42.66,361.26,1.34,0
SC07-08040,47.69,22.66,15.21,304.66,2.28,0
SC07-08041,0.2,52.2,46.88,278.56,0.42,0
SC07-08042,74.04,42.08,34.46,76.79,13.99,0
SC07-08043,1.16,33.62,47.96,355.84,8.25,0
SC07-08044,70.22,39.12,17.66,499.23,0.47,0
SC07-08045,5.87,-4.15,6.45,393.19,12.11,0
SC07-08046,9.24,14.33,55.84,217.6,10.82,0
SC07-08047,68.63,32.75,63.37,234.12,3.7,0
SC07-08048,95.97,32.7,58.98,421.4,12.09,0
SC07-08049,93.22,2.68,36.29,299.54,0.53,0
SC07-08050,1.0,50.26,80.98,116.2,3.67,0
SC07-08051,62.28,-0.63,14.49,459.67,6.81,0
SC07-08052,75.98,-6.16,32.74,152.97,9.51,0
SC07-08053,42.26,2.06,61.7,371.77,10.38,0
SC07-08054,26.39,38.59,25.61,393.92,1.28,0
SC07-08055,52.26,-9.71,12.07,323.98,4.74,0
SC07-08056,40.54,9.35,9.97,482.81,12.18,0
SC07-08057,10.27,33.58,76.28,181.25,5.16,0
SC07-08058,97.63,1.0,93.51,235.28,0.19,0
SC07-08059,75.81,32.69,24.22,231.42,12.56,0
SC07-08060,81.58,0.48,98.06,110.18,3.9,0
SC07-08061,25.11,0.13,73.88,284.47,11.17,0
SC07-08062,48.26,30.33,43.25,471.57,2.32,0
SC07-08063,0.65,3.81,22.27,9.5,5.88,1
SC07-08064,25.9,38.35,77.13,360.22,0.62,0
SC07-08065,89.33,44.73,17.07,446.16,0.58,0
SC07-08066,85.79,27.87,51.94,93.59,10.29,0
SC07-08067,52.16,42.39,57.65,433.65,10.49,0
SC07-08068,2.33,19.94,75.27,315.02,5.06,0
SC07-08069,50.66,22.41,21.76,9.73,0.85,0
SC07-08070,35.21,-0.69,67.64,209.03,10.58,0
SC07-08071,93.71,36.51,97.2,496.81,5.23,0
SC07-08072,2.01,-4.09,19.8,67.84,13.18,0
SC07-08073,74.73,59.17,21.5,150.37,1.34,0
SC07-08074,90.45,9.99,94.31,238.4,4.72,0
SC07-08075,37.97,38.86,50.93,337.82,2.96,0
SC07-08076,48.76,6.55,43.96,295.06,7.52,0
SC07-08077,0.79,-7.83,80.88,485.55,4.66,0
SC07-08078,50.59,27.77,58.33,369.3,1.05,0
SC07-08079,17.58,0.5,78.28,111.5,9.23,0
SC07-08080,61.17,46.07,33.01,343.97,5.09,0
SC07-08081,19.53,35.16,79.21,194.46,11.29,0
SC07-08082,33.22,1.1,32.77,191.72,13.15,0
SC07-08083,15.32,27.92,87.68,102.76,3.93,0
SC07-08084,40.78,7.95,26.88,491.29,8.23,0
SC07-08085,68.72,17.07,20.97,28.44,1.05,0
SC07-08086,67.78,55.99,4.44,364.45,7.98,0
SC07-08087,79.74,4.17,59.88,169.93,0.52,0
SC07-08088,38.43,49.42,19.97,360.22,8.63,0
SC07-08089,7.06,0.2,58.22,499.97,5.29,0
SC07-08090,30.61,2.99,50.68,350.55,11.13,0
SC07-08091,10.58,-5.99,42.15,95.33,0.17,0
SC07-08092,37.66,13.31,95.35,377.8,12.78,0
SC07-08093,31.6,-7.58,58.13,306.75,1.03,0
SC07-08094,21.43,1.77,52.87,307.23,9.45,0
SC07-08095,82.29,37.42,94.32,444.79,10.64,0
SC07-08096,51.9,16.85,3.11,34.29,12.38,0
SC07-08097,0.36,-3.04,59.58,87.21,13.42,0
SC07-08098,70.4,-8.2,78.0,207.0,0.41,0
SC07-08099,65.02,58.71,66.23,143.1,10.95,0
SC07-08100,27.2,46.16,48.8,389.79,11.77,0
SC07-08101,17.38,50.12,71.4,247.18,6.94,0
SC07-08102,41.67,50.48,78.13,111.83,13.2,0
SC07-08103,71.51,-4.69,92.22,27.41,4.26,0
SC07-08104,51.25,10.79,24.07,385.57,13.77,0
SC07-08105,57.0,24.17,95.86,187.9,10.02,0
SC07-08106,26.14,-1.79,12.15,379.62,0.46,0
SC07-08107,81.07,49.38,47.25,231.33,8.38,0
SC07-08108,71.34,38.48,22.84,61.52,13.5,0
SC07-08109,35.68,38.42,30.92,3.69,0.8,0
SC07-08110,68.6,-2.52,7.22,263.91,6.27,0
SC07-08111,75.12,11.59,70.33,434.33,6.92,0
SC07-08112,31.47,28.11,9.19,39.68,4.44,0
SC07-08113,81.19,-8.31,21.86,428.52,1.63,0
SC07-08114,34.41,50.58,16.75,198.12,7.75,0
SC07-08115,56.64,-9.32,34.41,48.43,0.6,0
SC07-08116,97.36,47.79,45.97,329.41,2.53,0
SC07-08117,32.39,5.79,86.74,84.95,2.73,0
SC07-08118,65.23,-4.74,66.25,477.49,2.47,0
SC07-08119,85.06,35.69,56.0,423.63,11.66,0
SC07-08120,31.17,-4.77,91.59,138.62,8.63,0
SC07-08121,8.24,39.32,81.6,17.93,6.52,1
SC07-08122,14.28,24.36,3.63,371.5,5.1,0
SC07-08123,69.61,30.0,55.14,216.95,11.79,0
SC07-08124,20.47,37.96,88.5,114.35,13.45,0
SC07-08125,36.24,-2.16,40.22,93.75,1.85,0
SC07-08126,97.41,-7.5,84.31,288.1,5.29,0
SC07-08127,11.95,7.1,87.85,181.59,1.04,0
SC07-08128,72.92,13.65,20.69,328.76,0.41,0
SC07-08129,39.58,4.21,86.49,467.11,11.69,0
SC07-08130,82.7,0.49,97.55,238.88,1.31,0
SC07-08131,84.25,13.66,63.18,209.8,4.72,0
SC07-08132,23.65,-6.51,79.54,112.64,13.72,0
SC07-08133,95.59,15.33,27.8,110.64,1.42,0
SC07-08134,32.01,25.31,70.26,13.83,7.74,1
SC07-08135,10.2,-0.09,37.72,180.29,1.3,0
SC07-08136,31.01,26.37,64.84,134.0,5.08,0
SC07-08137,96.51,44.71,22.51,127.84,8.86,0
SC07-08138,98.54,50.71,36.08,358.3,10.17,0
SC07-08139,95.06,17.2,74.29,321.42,0.82,0
SC07-08140,50.2,43.39,91.49,10.63,2.99,0
SC07-08141,0.22,16.27,34.81,300.02,7.67,0
SC07-08142,60.4,18.42,1.58,296.92,11.92,0
SC07-08143,76.56,-7.74,96.9,59.99,13.76,0
SC07-08144,57.84,1.31,81.48,230.74,8.88,0
SC07-08145,80.24,9.64,9.41,195.73,2.23,0
SC07-08146,14.54,34.62,51.52,472.96,13.88,0
SC07-08147,73.34,37.17,34.58,268.97,10.41,0
SC07-08148,63.65,48.21,63.9,392.29,2.31,0
SC07-08149,14.22,-9.76,84.53,472.85,13.71,0
SC07-08150,8.03,-7.91,22.74,391.5,4.75,0
SC07-08151,28.43,16.36,29.54,126.26,10.99,0
SC07-08152,72.26,39.75,74.62,57.5,12.7,0
SC07-08153,93.56,55.64,33.71,32.21,4.15,0
SC07-08154,58.05,14.86,95.72,480.47,0.7,0
SC07-08155,62.81,52.84,98.01,359.45,4.9,0
SC07-08156,47.05,58.17,42.47,458.69,1.89,0
SC07-08157,44.91,-0.27,25.42,206.42,1.3,0
SC07-08158,95.39,32.71,56.55,470.21,3.65,0
SC07-08159,5.67,26.51,26.41,215.3,4.16,0
SC07-08160,4.12,48.52,41.83,219.85,1.57,0
SC07-08161,5.92,19.95,16.74,181.5,4.7,0
SC07-08162,90.81,4.15,65.84,94.1,10.4,0
SC07-08163,45.01,3.05,18.67,14.08,8.06,0
SC07-08164,29.92,-5.15,37.0,339.48,1.35,0
SC07-08165,24.73,58.45,61.41,175.5,7.69,0
SC07-08166,55.45,28.76,44.56,306.78,2.96,0
SC07-08167,84.78,42.0,61.84,451.9,0.37,0
SC07-08168,91.72,43.43,95.2,81.82,8.19,0
SC07-08169,65.17,58.29,43.41,54.54,11.37,0
SC07-08170,78.14,55.98,28.49,138.89,5.72,0
SC07-08171,94.24,23.57,25.97,277.5,4.98,0
SC07-08172,16.96,52.93,55.51,460.85,0.81,0
SC07-08173,68.05,35.41,99.87,471.32,3.47,0
SC07-08174,98.42,57.55,58.03,77.62,6.56,0
SC07-08175,1.56,30.61,88.41,257.32,1.68,0
SC07-08176,14.43,14.1,33.49,416.34,3.51,0
SC07-08177,52.87,50.08,32.23,166.78,0.16,0
SC07-08178,18.57,54.78,86.9,270.75,5.73,0
SC07-08179,83.29,-1.75,76.26,61.09,11.75,0
SC07-08180,79.17,27.04,77.9,92.84,11.99,0
SC07-08181,80.93,44.0,88.18,425.1,4.74,0
SC07-08182,1.51,20.31,21.93,7.48,9.39,1
SC07-08183,22.5,-6.28,56.2,263.65,0.26,0
SC07-08184,73.76,34.61,46.39,200.92,1.99,0
SC07-08185,68.86,-5.44,86.51,61.51,0.24,0
SC07-08186,1.27,24.27,10.15,229.1,8.43,0
SC07-08187,97.83,10.53,91.13,153.27,13.11,0
SC07-08188,27.73,49.48,59.11,494.17,1.63,0
SC07-08189,30.94,25.69,79.85,235.41,7.73,0
SC07-08190,30.52,-1.85,69.18,316.87,10.43,0
SC07-08191,37.27,24.67,60.83,299.73,6.47,0
SC07-08192,16.35,16.4,73.69,113.29,10.02,0
SC07-08193,21.84,57.43,94.78,244.51,0.6,0
SC07-08194,67.64,34.43,7.88,333.39,0.56,0
SC07-08195,40.91,43.54,68.32,487.82,12.93,0
SC07-08196,26.56,37.97,30.82,10.53,6.28,1
SC07-08197,51.84,49.91,15.03,288.65,7.1,0
SC07-08198,38.47,38.66,8.58,316.53,6.04,0
SC07-08199,93.26,46.72,62.73,291.51,6.59,0
SC07-08200,0.74,37.65,18.61,118.87,10.49,0
SC07-08201,44.14,41.02,21.5,124.69,0.63,0
SC07-08202,21.79,-4.73,99.53,96.39,1.05,0
SC07-08203,34.45,37.18,71.57,402.4,10.49,0
SC07-08204,14.29,-1.3,10.87,499.4,6.46,0
SC07-08205,92.52,1.94,44.52,127.67,7.54,0
SC07-08206,88.58,42.51,73.3,156.02,3.93,0
SC07-08207,96.42,55.22,79.35,208.78,4.27,0
SC07-08208,90.27,59.29,6.42,48.86,5.55,0
SC07-08209,53.38,31.47,40.45,115.7,8.92,0
SC07-08210,1.88,28.18,64.71,444.01,3.76,0
SC07-08211,54.88,-6.83,29.82,333.95,6.63,0
SC07-08212,73.58,52.31,40.46,450.99,0.14,0
SC07-08213,52.95,-6.69,67.78,472.0,12.56,0
SC07-08214,50.83,33.46,75.11,335.5,3.94,0
SC07-08215,94.8,46.45,18.46,263.43,2.39,0
SC07-08216,6.56,4.37,69.25,16.99,13.15,1
SC07-08217,54.51,5.23,80.84,417.25,1.09,0
SC07-08218,56.4,38.27,51.63,94.99,12.75,0
SC07-08219,76.31,31.26,20.14,372.21,0.1,0
SC07-08220,33.94,35.5,0.33,449.05,7.35,0
SC07-08221,73.84,9.4,11.19,40.45,4.01,0
SC07-08222,41.24,30.64,72.54,98.79,9.67,0
SC07-08223,40.71,46.69,20.35,116.93,10.19,0
SC07-08224,64.9,52.16,16.14,243.69,9.74,0
SC07-08225,55.84,29.08,36.38,449.04,9.23,0
SC07-08226,18.54,38.19,53.49,17.09,2.45,1
SC07-08227,20.01,24.07,40.81,325.83,3.42,0
SC07-08228,31.09,53.97,47.36,260.55,5.65,0
SC07-08229,15.45,24.52,59.78,7.19,2.24,1
SC07-08230,91.34,38.0,53.08,35.48,4.74,0
SC07-08231,3.03,31.14,41.74,268.51,2.43,0
SC07-08232,51.07,7.03,60.96,110.7,9.07,0
SC07-08233,32.89,34.39,22.33,378.42,0.81,0
SC07-08234,55.62,0.87,96.01,91.92,6.27,0
SC07-08235,95.5,-3.25,42.57,174.19,8.31,0
SC07-08236,24.51,44.18,59.01,364.56,3.4,0
SC07-08237,96.65,2.2,43.87,316.17,11.4,0
SC07-08238,41.43,50.19,8.55,215.91,12.45,0
SC07-08239,83.15,44.68,15.93,496.7,11.45,0
SC07-08240,38.88,28.68,6.45,288.0,5.4,0
SC07-08241,3.74,-4.07,70.38,38.73,2.11,0
SC07-08242,88.74,-9.94,29.49,52.6,13.78,0
SC07-08243,86.4,-7.4,56.18,378.64,1.79,0
SC07-08244,54.85,11.53,32.97,92.91,11.43,0
SC07-08245,54.45,58.26,42.57,35.11,12.97,0
SC07-08246,80.3,-0.9,45.21,484.43,0.35,0
SC07-08247,41.6,43.07,61.12,325.08,4.65,0
SC07-08248,6.63,6.81,55.73,429.91,0.69,0
SC07-08249,35.97,23.22,7.45,206.44,7.68,0
SC07-08250,64.44,57.06,41.52,465.74,3.41,0
SC07-08251,24.66,41.89,83.28,208.24,1.2,0
SC07-08252,86.06,9.07,22.14,240.93,6.74,0
SC07-08253,49.6,26.72,56.29,344.0,3.87,0
SC07-08254,33.92,6.36,7.37,486.48,13.0,0
SC07-08255,51.31,38.85,43.98,156.03,12.27,0
SC07-08256,90.4,3.31,61.95,494.74,0.53,0
SC07-08257,13.05,8.69,0.43,175.7,11.86,0
SC07-08258,49.65,-5.64,12.05,239.69,7.24,0
SC07-08259,61.78,45.26,58.77,273.28,1.0,0
SC07-08260,39.8,-2.41,0.34,117.07,10.09,0
SC07-08261,20.83,1.33,29.18,111.4,11.09,0
SC07-08262,99.28,40.84,3.09,106.94,3.58,0
SC07-08263,62.51,20.59,89.19,274.46,0.13,0
SC07-08264,73.12,12.32,85.86,7.59,5.78,0
SC07-08265,85.32,33.03,59.36,458.97,0.04,0
SC07-08266,49.6,40.78,50.24,312.32,2.89,0
SC07-08267,8.01,-1.05,30.4,83.23,6.59,0
SC07-08268,36.71,10.37,35.9,21.4,12.42,0
SC07-08269,40.35,21.38,36.49,237.39,7.3,0
SC07-08270,21.22,0.39,7.12,5.38,12.69,1
SC07-08271,49.54,42.38,0.32,170.44,0.83,0
SC07-08272,88.92,59.35,47.88,261.69,8.76,0
SC07-08273,95.66,9.87,5.08,202.36,10.9,0
SC07-08274,74.64,54.97,82.8,204.01,13.63,0
SC07-08275,67.4,-5.32,34.29,491.71,6.17,0
SC07-08276,40.59,46.32,16.45,145.94,5.24,0
SC07-08277,60.08,39.17,9.14,42.31,2.98,0
SC07-08278,75.91,52.73,81.69,433.4,13.65,0
SC07-08279,32.81,13.27,79.21,131.43,10.99,0
SC07-08280,38.45,3.34,77.48,90.33,0.3,0
SC07-08281,19.44,50.98,54.66,406.44,4.34,0
SC07-08282,70.44,56.68,58.84,188.58,0.7,0
SC07-08283,70.42,49.85,72.59,342.75,7.19,0
SC07-08284,75.78,26.23,3.62,53.99,8.95,0
SC07-08285,19.3,58.68,93.77,263.22,3.64,0
SC07-08286,10.53,46.14,39.03,453.91,12.32,0
SC07-08287,86.66,32.87,86.59,79.08,10.39,0
SC07-08288,60.73,51.54,60.07,343.92,4.12,0
SC07-08289,94.38,-5.09,16.33,395.54,3.85,0
SC07-08290,84.99,12.65,83.14,303.33,8.35,0
SC07-08291,91.97,23.28,34.26,193.68,11.93,0
SC07-08292,75.58,23.96,93.85,28.7,8.97,0
SC07-08293,94.12,14.39,86.35,487.6,6.19,0
SC07-08294,7.37,37.67,10.92,393.75,3.99,0
SC07-08295,23.61,24.0,48.33,189.82,6.81,0
SC07-08296,36.13,30.6,69.32,100.86,1.8,0
SC07-08297,95.22,8.99,60.15,239.72,6.55,0
SC07-08298,58.94,23.02,32.84,225.78,13.75,0
SC07-08299,80.91,-7.89,60.48,167.24,9.38,0
SC07-08300,92.26,27.67,62.46,343.87,12.63,0
SC07-08301,20.34,54.8,52.83,188.53,8.23,0
SC07-08302,40.37,9.52,12.11,337.55,5.42,0
SC07-08303,26.95,28.21,42.64,253.1,13.86,0
SC07-08304,39.08,51.01,51.94,239.46,5.93,0
SC07-08305,56.48,-4.49,95.41,61.1,9.7,0
SC07-08306,32.36,-7.33,72.48,311.61,8.54,0
SC07-08307,68.7,45.3,26.04,139.42,6.41,0
SC07-08308,45.27,15.36,27.27,363.17,6.73,0
SC07-08309,41.2,-5.74,33.4,230.03,9.09,0
SC07-08310,54.96,9.41,5.48,158.8,1.27,0
SC07-08311,61.36,32.77,93.16,190.91,0.1,0
SC07-08312,44.88,1.78,55.89,441.07,3.2,0
SC07-08313,41.39,56.47,60.93,57.57,12.66,0
SC07-08314,55.98,35.27,53.49,240.15,0.01,0
SC07-08315,71.96,15.08,10.63,287.86,9.41,0
SC07-08316,21.55,46.19,62.79,492.56,5.51,0
SC07-08317,94.86,48.63,93.03,499.91,6.69,0
SC07-08318,77.16,44.12,80.99,407.24,1.29,0
SC07-08319,98.24,44.44,6.7,201.63,5.69,0
SC07-08320,73.11,41.44,85.08,205.58,5.65,0
SC07-08321,23.24,5.85,56.17,103.81,7.48,0
SC07-08322,24.18,55.69,14.24,399.69,1.82,0
SC07-08323,68.48,33.05,42.14,13.61,3.54,0
SC07-08324,39.65,46.64,27.68,243.26,0.42,0
SC07-08325,31.28,17.59,26.9,477.73,3.48,0
SC07-08326,25.67,29.42,33.65,51.59,1.53,0
SC07-08327,46.51,1.93,90.51,326.07,11.87,0
SC07-08328,70.06,50.48,61.57,448.37,12.85,0
SC07-08329,16.35,-9.36,2.36,337.06,2.28,0
SC07-08330,1.88,7.23,38.53,12.94,8.86,1
SC07-08331,39.94,19.84,41.88,19.71,12.98,0
SC07-08332,60.11,51.36,18.81,392.82,4.43,0
SC07-08333,80.61,-8.98,27.24,476.45,12.99,0
SC07-08334,63.73,12.89,68.95,347.6,2.04,0
SC07-08335,42.32,19.21,84.56,325.83,2.44,0
SC07-08336,44.91,54.2,95.48,285.31,11.9,0
SC07-08337,80.43,5.83,82.9,217.94,11.78,0
SC07-08338,31.07,0.83,9.37,133.88,11.15,0
SC07-08339,44.77,57.42,8.4,434.4,10.04,0
SC07-08340,94.46,51.9,84.12,456.97,10.8,0
SC07-08341,5.3,19.01,6.53,106.9,7.48,0
SC07-08342,6.3,35.54,87.82,243.42,3.44,0
SC07-08343,18.06,18.56,82.64,105.98,8.88,0
SC07-08344,42.8,39.08,89.75,140.72,10.47,0
SC07-08345,12.75,36.14,6.16,380.42,7.58,0
SC07-08346,73.74,18.8,67.54,217.8,4.24,0
SC07-08347,5.18,51.09,94.34,376.84,8.65,0
SC07-08348,70.54,25.71,60.16,446.31,9.52,0
SC07-08349,82.74,58.75,33.97,407.65,3.67,0
SC07-08350,18.02,34.07,96.4,214.89,11.61,0
SC07-08351,53.29,50.44,80.61,323.26,6.95,0
SC07-08352,98.97,-4.07,75.86,391.09,13.99,0
SC07-08353,28.37,39.81,79.51,423.41,3.43,0
SC07-08354,76.47,44.22,46.32,136.6,1.23,0
SC07-08355,86.94,12.21,37.43,438.47,12.39,0
SC07-08356,13.86,8.23,75.82,335.81,4.41,0
SC07-08357,26.94,39.87,7.81,29.73,8.64,0
SC07-08358,66.19,35.13,10.86,312.12,10.95,0
SC07-08359,34.88,31.43,21.85,219.81,4.59,0
SC07-08360,79.07,6.24,31.56,136.44,4.33,0
SC07-08361,96.59,31.72,25.03,446.02,10.62,0
SC07-08362,54.7,38.16,25.42,8.43,8.18,0
SC07-08363,16.49,53.77,75.42,53.73,4.97,0
SC07-08364,92.49,56.91,56.02,121.47,12.33,0
SC07-08365,34.23,3.23,2.7,18.97,10.63,1
SC07-08366,63.4,43.45,20.92,93.09,8.72,0
SC07-08367,87.99,-0.05,89.36,340.68,10.77,0
SC07-08368,36.77,14.23,92.85,496.35,11.47,0
SC07-08369,88.81,11.11,49.78,192.28,4.83,0
SC07-08370,92.41,28.25,21.96,492.1,3.21,0
SC07-08371,24.29,30.63,28.93,35.82,8.1,0
SC07-08372,35.11,57.98,50.46,176.74,6.23,0
SC07-08373,43.99,54.48,78.52,264.67,11.98,0
SC07-08374,67.89,29.61,48.23,363.02,11.63,0
SC07-08375,24.22,21.2,19.86,341.06,1.0,0
SC07-08376,60.25,20.25,36.14,321.72,12.0,0
SC07-08377,68.04,10.47,75.59,317.52,10.24,0
SC07-08378,83.26,42.76,34.15,209.78,9.37,0
SC07-08379,67.89,16.4,46.78,447.98,12.77,0
SC07-08380,44.75,55.75,80.72,253.79,4.99,0
SC07-08381,45.2,12.97,79.47,276.08,0.45,0
SC07-08382,13.22,23.99,88.61,331.51,1.78,0
SC07-08383,25.21,45.52,58.54,23.5,6.48,0
SC07-08384,28.75,30.67,63.28,412.94,12.87,0
SC07-08385,25.14,59.69,19.01,83.87,2.09,0
SC07-08386,62.91,7.88,89.61,134.46,9.55,0
SC07-08387,23.55,-2.91,48.38,454.46,9.14,0
SC07-08388,74.9,-9.97,6.76,28.96,2.74,0
SC07-08389,39.76,53.68,61.04,485.2,1.01,0
SC07-08390,39.48,46.38,25.27,62.66,6.07,0
SC07-08391,97.88,44.36,39.23,331.14,3.84,0
SC07-08392,6.63,-7.96,69.44,109.94,2.56,0
SC07-08393,34.17,15.67,98.86,353.62,7.61,0
SC07-08394,10.64,37.93,89.5,375.56,0.16,0
SC07-08395,0.52,41.56,8.01,432.9,3.1,0
SC07-08396,9.06,1.08,56.87,23.38,11.75,0
SC07-08397,49.23,-5.14,73.83,438.14,9.96,0
SC07-08398,26.78,56.46,54.98,12.1,4.15,1
SC07-08399,55.62,36.44,9.64,245.37,2.97,0
SC07-08400,85.13,11.05,83.68,126.07,3.93,0
SC07-08401,11.57,16.65,79.07,30.65,6.36,0
SC07-08402,64.39,24.4,45.31,265.82,8.66,0
SC07-08403,7.24,-1.44,11.79,29.98,2.25,0
SC07-08404,60.81,25.26,25.72,310.33,13.22,0
SC07-08405,53.31,-6.75,10.47,47.52,0.85,0
SC07-08406,34.48,17.35,46.5,434.95,6.0,0
SC07-08407,33.1,34.09,45.45,182.33,8.3,0
SC07-08408,88.64,46.39,22.49,314.22,12.19,0
SC07-08409,32.02,31.23,72.79,139.75,6.85,0
SC07-08410,60.32,-4.18,97.28,409.17,10.65,0
SC07-08411,71.61,30.88,62.58,371.14,13.18,0
SC07-08412,52.93,27.8,85.31,157.24,3.04,0
SC07-08413,4.3,-9.69,31.58,107.0,3.7,0
SC07-08414,21.2,8.46,81.78,87.05,11.03,0
SC07-08415,84.87,-9.85,15.39,476.48,6.56,0
SC07-08416,33.76,21.27,20.23,354.45,8.62,0
SC07-08417,80.49,45.29,8.94,212.19,7.41,0
SC07-08418,34.15,-2.71,85.38,70.53,13.81,0
SC07-08419,20.23,3.47,80.92,253.48,1.26,0
SC07-08420,80.15,2.27,38.83,112.56,3.47,0
SC07-08421,2.92,43.67,5.29,473.0,12.85,0
SC07-08422,55.34,58.14,81.37,494.52,0.18,0
SC07-08423,88.9,26.09,42.92,347.32,1.5,0
SC07-08424,77.18,25.15,30.26,351.04,3.24,0
SC07-08425,39.78,12.3,82.89,232.21,6.77,0
SC07-08426,9.28,-0.65,10.7,202.33,1.48,0
SC07-08427,56.47,53.0,96.46,425.52,12.21,0
SC07-08428,99.92,53.02,97.42,456.43,1.8,0
SC07-08429,33.38,55.25,48.4,414.06,6.32,0
SC07-08430,7.27,21.64,0.66,197.47,5.75,0
SC07-08431,64.48,9.19,99.21,415.73,1.41,0
SC07-08432,47.27,6.47,87.49,419.95,5.99,0
SC07-08433,56.93,3.4,46.66,488.5,4.8,0
SC07-08434,31.75,21.1,37.98,291.47,7.97,0
SC07-08435,69.47,40.22,81.12,110.55,11.61,0
SC07-08436,37.39,17.16,90.05,17.0,10.15,0
SC07-08437,97.42,35.56,65.66,369.8,0.42,0
SC07-08438,26.5,40.71,88.18,176.47,9.05,0
SC07-08439,6.18,20.79,64.61,38.34,9.02,0
SC07-08440,76.76,33.47,94.6,364.2,8.84,0
SC07-08441,22.25,5.65,65.05,243.83,6.88,0
SC07-08442,33.68,31.37,7.53,45.73,8.94,0
SC07-08443,64.24,58.37,34.46,342.36,12.02,0
SC07-08444,23.01,44.44,77.36,45.81,1.76,0
SC07-08445,75.68,37.84,57.97,486.15,12.62,0
SC07-08446,1.73,2.96,73.51,254.43,4.49,0
SC07-08447,69.56,18.6,5.36,414.17,12.72,0
SC07-08448,2.67,55.11,53.51,175.68,1.17,0
SC07-08449,52.2,8.41,20.0,407.84,2.87,0
SC07-08450,24.97,20.46,6.12,498.12,7.31,0
SC07-08451,44.29,34.03,75.72,460.56,3.98,0
SC07-08452,14.5,53.15,26.06,351.92,6.49,0
SC07-08453,14.42,46.05,49.08,145.12,0.29,0
SC07-08454,40.71,24.98,13.05,320.14,1.96,0
SC07-08455,52.83,41.06,52.25,12.09,10.07,0
SC07-08456,63.84,30.86,33.56,210.31,2.36,0
SC07-08457,70.96,-7.16,31.22,132.41,11.05,0
SC07-08458,37.76,20.67,90.58,111.62,12.06,0
SC07-08459,18.72,26.48,13.06,384.27,11.78,0
SC07-08460,91.15,17.53,40.24,132.98,3.59,0
SC07-08461,10.43,20.96,86.71,126.15,12.88,0
SC07-08462,46.76,13.88,18.21,384.58,4.25,0
SC07-08463,84.48,18.08,79.83,470.04,1.61,0
SC07-08464,59.27,-5.34,37.07,230.69,3.47,0
SC07-08465,68.77,0.05,55.34,163.85,8.99,0
SC07-08466,2.92,33.83,32.71,312.81,4.96,0
SC07-08467,88.46,8.19,33.25,263.27,0.61,0
SC07-08468,41.6,11.87,45.96,149.06,3.16,0
SC07-08469,66.65,-1.67,45.61,23.23,7.5,0
SC07-08470,23.49,14.51,28.62,88.23,12.84,0
SC07-08471,78.13,54.41,36.23,143.47,13.35,0
SC07-08472,75.7,27.57,38.69,7.73,2.65,0
SC07-08473,36.46,7.38,10.79,211.96,11.62,0
SC07-08474,31.14,-2.54,26.2,51.6,10.72,0
SC07-08475,65.58,-7.72,9.98,336.79,6.47,0
SC07-08476,22.24,34.86,68.05,39.75,2.37,0
SC07-08477,57.7,47.36,23.53,402.5,7.28,0
SC07-08478,28.17,58.83,71.0,337.1,1.89,0
SC07-08479,47.48,-0.52,44.24,244.92,1.47,0
SC07-08480,32.17,35.3,99.56,97.32,11.67,0
SC07-08481,0.45,31.35,68.11,140.89,6.82,0
SC07-08482,91.01,7.67,91.21,1.0,2.69,0
SC07-08483,79.33,57.96,75.67,297.55,2.24,0
SC07-08484,56.62,-6.87,40.24,414.06,8.47,0
SC07-08485,76.38,12.81,74.88,16.47,9.72,0
SC07-08486,24.51,19.45,32.2,410.71,8.96,0
SC07-08487,55.51,57.63,52.47,464.4,3.33,0
SC07-08488,87.86,12.42,17.84,207.03,13.83,0
SC07-08489,55.44,15.55,54.37,334.56,1.68,0
SC07-08490,52.57,28.62,1.35,349.5,0.0,0
SC07-08491,33.22,3.66,53.81,273.08,5.56,0
SC07-08492,52.39,23.53,16.03,362.28,11.86,0
SC07-08493,15.46,53.58,99.86,5.04,0.99,1
SC07-08494,98.5,27.97,89.96,212.05,10.33,0
SC07-08495,93.95,4.35,70.76,233.69,13.23,0
SC07-08496,39.16,-2.1,26.91,174.2,13.69,0
SC07-08497,6.78,30.49,56.13,222.67,11.74,0
SC07-08498,67.9,-1.12,73.39,309.83,2.33,0
SC07-08499,82.14,31.6,84.89,466.08,9.27,0
SC07-08500,40.89,13.25,76.89,118.86,8.17,0
SC07-08501,70.35,17.33,55.94,385.68,8.92,0
SC07-08502,54.06,35.14,26.93,161.9,8.53,0
SC07-08503,5.3,-0.14,77.39,114.85,3.36,0
SC07-08504,36.32,26.71,34.84,422.62,2.08,0
SC07-08505,51.55,5.47,40.0,107.77,7.22,0
SC07-08506,60.9,52.12,8.16,299.94,4.9,0
SC07-08507,96.0,28.86,36.57,9.28,8.91,0
SC07-08508,58.7,-3.96,71.96,300.73,10.61,0
SC07-08509,98.07,51.27,85.83,467.5,4.17,0
SC07-08510,42.86,29.64,62.72,78.41,0.59,0
SC07-08511,46.42,44.65,50.8,341.11,9.66,0
SC07-08512,27.48,49.56,92.21,40.44,0.99,0
SC07-08513,95.24,57.09,47.32,80.87,3.91,0
SC07-08514,78.32,11.06,73.87,135.22,3.6,0
SC07-08515,84.17,30.34,17.43,91.92,12.76,0
SC07-08516,51.68,17.85,73.5,420.15,13.72,0
SC07-08517,49.32,2.98,2.14,27.9,8.93,0
SC07-08518,2.25,21.98,2.07,284.92,6.97,0
SC07-08519,86.41,57.51,65.76,497.17,6.25,0
SC07-08520,68.56,36.03,61.69,165.09,13.92,0
SC07-08521,90.46,43.16,87.32,210.83,0.34,0
SC07-08522,68.76,8.8,81.8,364.46,0.02,0
SC07-08523,33.95,35.73,11.12,390.2,5.32,0
SC07-08524,15.23,39.26,29.34,322.76,9.57,0
SC07-08525,78.47,37.49,0.47,486.55,4.83,0
SC07-08526,57.22,-7.21,89.63,224.24,1.95,0
SC07-08527,69.44,44.68,5.06,469.38,11.32,0
SC07-08528,47.3,23.92,15.93,143.63,6.71,0
SC07-08529,28.88,17.04,95.26,478.53,13.21,0
SC07-08530,53.14,13.33,13.2,268.3,0.41,0
SC07-08531,61.8,50.11,67.43,18.48,9.67,0
SC07-08532,41.76,8.69,46.02,313.78,9.45,0
SC07-08533,50.49,47.4,88.94,67.31,9.49,0
SC07-08534,15.69,-8.92,78.1,281.84,12.26,0
SC07-08535,45.67,5.04,77.72,216.36,7.77,0
SC07-08536,65.25,3.11,50.13,240.09,4.82,0
SC07-08537,44.93,40.94,34.7,165.93,5.79,0
SC07-08538,32.38,16.89,54.06,12.24,13.39,1
SC07-08539,76.22,8.72,96.77,238.48,2.35,0
SC07-08540,40.09,51.24,51.02,55.78,0.63,0
SC07-08541,5.38,14.04,26.12,320.54,4.77,0
SC07-08542,24.93,10.0,62.17,174.56,8.19,0
SC07-08543,63.54,58.3,28.62,227.56,4.01,0
SC07-08544,11.83,38.94,37.19,164.47,10.43,0
SC07-08545,21.2,3.71,4.04,301.68,4.69,0
SC07-08546,10.59,-5.4,10.44,196.95,1.69,0
SC07-08547,53.48,20.86,87.47,327.48,4.88,0
SC07-08548,56.38,1.45,57.49,469.6,9.31,0
SC07-08549,24.62,55.17,15.18,38.28,9.35,0
SC07-08550,46.03,57.33,46.2,43.56,7.28,0
SC07-08551,86.08,39.97,37.74,348.57,6.45,0
SC07-08552,94.08,3.56,5.16,132.0,8.73,0
SC07-08553,0.25,31.52,33.18,77.63,1.39,0
SC07-08554,25.83,37.91,57.34,135.65,3.54,0
SC07-08555,60.45,57.85,30.58,239.98,9.76,0
SC07-08556,51.68,30.76,71.53,208.96,5.47,0
SC07-08557,73.73,39.04,52.64,240.26,6.43,0
SC07-08558,30.71,40.9,52.35,27.88,4.1,0
SC07-08559,8.13,33.28,63.45,81.28,0.94,0
SC07-08560,69.43,48.61,73.61,320.1,0.39,0
SC07-08561,32.13,36.43,13.42,209.96,5.19,0
SC07-08562,69.69,24.31,6.21,453.34,13.93,0
SC07-08563,53.15,55.07,92.64,310.59,7.53,0
SC07-08564,96.85,20.93,57.32,187.16,12.19,0
SC07-08565,9.41,1.94,51.59,113.57,6.94,0
SC07-08566,24.18,50.68,10.92,260.11,9.66,0
SC07-08567,34.86,54.31,10.91,368.29,10.71,0
SC07-08568,98.91,12.94,71.68,100.91,11.35,0
SC07-08569,69.3,-6.09,74.91,144.49,4.47,0
SC07-08570,49.99,54.19,76.59,496.91,11.35,0
SC07-08571,46.52,44.0,33.29,455.2,3.96,0
SC07-08572,12.56,47.51,20.12,247.91,0.77,0
SC07-08573,20.55,22.53,63.39,478.41,1.82,0
SC07-08574,74.36,-6.89,38.03,390.59,11.94,0
SC07-08575,38.79,48.13,27.38,103.81,9.52,0
SC07-08576,0.21,35.47,96.64,373.66,13.59,0
SC07-08577,20.81,40.72,39.81,36.92,5.65,0
SC07-08578,17.92,46.33,66.4,247.66,11.36,0
SC07-08579,33.08,-3.38,72.11,437.93,3.77,0
SC07-08580,63.98,40.93,94.71,427.23,1.33,0
SC07-08581,13.07,3.86,38.13,253.67,0.61,0
SC07-08582,73.02,45.6,31.2,181.83,5.44,0
SC07-08583,63.35,42.58,82.19,495.85,4.67,0
SC07-08584,65.51,0.76,16.85,17.77,4.47,0
SC07-08585,72.43,15.21,81.33,118.58,10.69,0
SC07-08586,89.49,57.28,99.34,306.4,0.06,0
SC07-08587,36.56,27.16,60.43,236.64,11.84,0
SC07-08588,16.51,8.76,50.66,17.88,5.24,1
SC07-08589,56.24,53.18,99.26,112.73,4.68,0
SC07-08590,95.0,18.13,50.91,295.03,0.89,0
SC07-08591,77.01,28.96,88.3,306.26,10.89,0
SC07-08592,29.71,45.31,57.98,21.17,12.24,0
SC07-08593,71.66,24.18,95.9,412.81,11.77,0
SC07-08594,90.74,-9.77,62.37,367.19,1.76,0
SC07-08595,62.97,-9.93,67.38,5.02,3.53,0
SC07-08596,88.45,15.92,10.26,403.65,0.22,0
SC07-08597,41.24,48.71,34.7,161.62,8.33,0
SC07-08598,61.19,57.65,3.89,198.86,7.49,0
SC07-08599,39.69,31.35,86.53,374.36,9.98,0
SC07-08600,16.38,1.85,18.17,126.03,0.25,0
SC07-08601,39.93,38.31,57.42,433.7,11.57,0
SC07-08602,85.26,22.85,84.58,369.49,3.45,0
SC07-08603,75.88,13.79,7.85,335.83,11.24,0
SC07-08604,84.51,58.74,14.7,24.71,11.71,0
SC07-08605,54.76,-2.38,81.57,108.15,7.75,0
SC07-08606,67.93,54.13,76.03,134.78,10.02,0
SC07-08607,13.16,10.13,32.99,68.18,3.66,0
SC07-08608,59.46,1.96,23.99,74.33,9.68,0
SC07-08609,77.4,-6.1,2.72,95.34,6.27,0
SC07-08610,93.82,1.99,65.93,80.56,9.27,0
SC07-08611,33.29,34.85,83.62,283.59,10.0,0
SC07-08612,23.33,6.12,16.18,161.36,5.33,0
SC07-08613,63.62,23.93,41.08,294.19,12.52,0
SC07-08614,69.63,9.24,73.53,399.92,4.0,0
SC07-08615,89.96,27.61,96.65,430.21,12.15,0
SC07-08616,45.84,55.38,21.55,34.56,3.85,0
SC07-08617,55.18,-9.98,46.49,298.71,5.49,0
SC07-08618,89.61,6.62,5.47,242.58,2.63,0
SC07-08619,12.2,57.87,42.31,419.76,2.29,0
SC07-08620,6.89,42.21,91.41,98.9,2.62,0
SC07-08621,14.56,12.49,59.82,272.61,6.59,0
SC07-08622,45.05,21.84,54.39,370.62,9.68,0
SC07-08623,19.42,25.17,6.4,216.09,8.32,0
SC07-08624,16.58,59.41,94.61,427.07,2.76,0
SC07-08625,72.07,-4.21,50.01,463.9,2.47,0
SC07-08626,16.33,13.65,99.44,192.39,6.79,0
SC07-08627,2.74,30.66,70.54,459.69,11.45,0
SC07-08628,4.24,40.34,9.59,138.95,1.04,0
SC07-08629,31.15,54.71,18.55,493.67,3.52,0
SC07-08630,36.97,20.99,2.63,332.67,9.03,0
SC07-08631,22.05,39.44,90.51,348.67,4.88,0
SC07-08632,27.95,53.62,69.41,306.8,2.65,0
SC07-08633,64.27,22.14,11.29,461.57,12.03,0
SC07-08634,55.28,46.87,88.48,431.92,2.9,0
SC07-08635,52.23,25.59,94.33,182.61,8.74,0
SC07-08636,73.14,46.46,60.94,170.17,10.67,0
SC07-08637,57.93,42.12,34.03,241.11,7.99,0
SC07-08638,5.92,38.95,18.52,404.31,6.68,0
SC07-08639,22.5,41.87,68.09,7.0,6.75,1
SC07-08640,55.96,51.18,7.0,217.87,11.39,0
SC07-08641,50.3,10.86,68.13,142.56,10.07,0
SC07-08642,75.32,1.77,61.98,134.44,3.49,0
SC07-08643,36.67,35.24,86.94,20.67,8.93,0
SC07-08644,38.1,-0.45,83.84,229.04,13.14,0
SC07-08645,93.52,-9.95,17.27,409.38,9.48,0
SC07-08646,36.9,46.12,66.8,132.09,8.76,0
SC07-08647,79.6,42.22,6.21,375.22,5.15,0
SC07-08648,73.89,2.46,30.33,35.85,5.92,0
SC07-08649,40.82,19.46,64.49,13.09,9.06,0
SC07-08650,56.96,8.57,4.94,156.54,5.63,0
SC07-08651,48.39,7.38,42.43,133.32,11.78,0
SC07-08652,84.24,12.74,19.86,357.57,0.33,0
SC07-08653,32.02,49.52,73.25,70.12,5.71,0
SC07-08654,6.72,59.2,29.84,29.33,9.32,0
SC07-08655,89.47,43.65,83.24,239.23,4.83,0
SC07-08656,88.96,39.79,19.01,59.88,8.52,0
SC07-08657,33.51,49.03,41.13,123.73,12.74,0
SC07-08658,61.91,52.53,36.52,363.3,13.27,0
SC07-08659,74.74,3.04,99.14,81.72,12.04,0
SC07-08660,40.19,31.05,28.17,274.51,0.86,0
SC07-08661,43.83,33.82,38.13,140.91,7.09,0
SC07-08662,62.73,50.84,3.7,491.33,10.32,0
SC07-08663,46.02,-4.45,3.98,34.59,0.51,0
SC07-08664,13.52,59.97,96.99,261.86,0.13,0
SC07-08665,39.17,34.81,94.24,52.39,10.34,0
SC07-08666,48.24,40.15,65.29,12.76,3.59,0
SC07-08667,6.96,-6.17,96.89,361.55,6.15,0
SC07-08668,69.86,38.14,73.2,402.8,12.85,0
SC07-08669,17.3,-7.85,56.84,104.0,9.98,0
SC07-08670,41.42,-6.04,26.49,65.05,0.83,0
SC07-08671,4.01,49.32,68.51,103.47,0.41,0
SC07-08672,34.8,45.01,21.7,182.22,7.31,0
SC07-08673,45.57,12.15,38.7,7.71,6.03,0
SC07-08674,96.67,15.04,11.58,58.01,7.31,0
SC07-08675,34.56,-4.96,40.31,283.4,1.69,0
SC07-08676,71.94,55.19,47.41,342.65,0.91,0
SC07-08677,77.84,27.79,11.49,482.31,1.71,0
SC07-08678,7.93,39.65,17.42,362.45,11.84,0
SC07-08679,25.61,42.6,61.63,131.62,0.5,0
SC07-08680,10.5,49.99,96.35,5.21,3.57,1
SC07-08681,69.75,24.92,94.7,173.88,1.7,0
SC07-08682,69.88,24.77,49.93,37.19,2.04,0
SC07-08683,43.87,12.53,3.18,323.98,4.29,0
SC07-08684,81.37,42.33,30.06,10.0,7.25,0
SC07-08685,71.92,-7.59,60.97,337.13,1.8,0
SC07-08686,76.58,6.12,23.48,19.49,9.41,0
SC07-08687,92.28,30.76,65.49,287.55,10.95,0
SC07-08688,83.32,31.35,9.84,386.52,11.72,0
SC07-08689,77.26,-8.2,59.51,341.5,1.6,0
SC07-08690,83.46,50.3,45.17,353.65,13.92,0
SC07-08691,58.72,36.32,84.53,321.44,7.23,0
SC07-08692,44.75,52.9,73.3,167.72,8.28,0
SC07-08693,90.39,33.58,80.05,132.34,2.68,0
SC07-08694,70.77,47.46,14.86,213.19,9.03,0
SC07-08695,47.92,27.28,70.98,312.68,11.96,0
SC07-08696,83.98,52.6,54.87,439.36,0.53,0
SC07-08697,7.01,43.62,56.55,364.8,9.78,0
SC07-08698,46.83,47.34,18.9,367.96,6.9,0
SC07-08699,49.77,26.17,66.32,227.76,7.11,0
SC07-08700,1.16,-9.79,69.12,67.38,13.45,0
SC07-08701,50.33,45.47,63.31,41.62,9.72,0
SC07-08702,88.64,3.37,76.2,496.68,6.36,0
SC07-08703,17.84,29.33,67.18,395.73,5.39,0
SC07-08704,82.86,17.12,16.4,41.17,11.57,0
SC07-08705,91.7,31.27,96.72,366.75,9.51,0
SC07-08706,38.14,48.99,40.12,440.81,7.87,0
SC07-08707,86.35,56.58,42.33,55.18,1.22,0
SC07-08708,96.43,28.83,0.16,119.68,0.38,0
SC07-08709,56.8,36.08,67.16,499.7,5.48,0
SC07-08710,48.34,43.02,2.06,264.32,3.2,0
SC07-08711,80.43,5.3,58.32,324.09,4.85,0
SC07-08712,39.11,39.15,64.28,246.61,0.12,0
SC07-08713,71.6,14.8,52.61,13.25,0.52,0
SC07-08714,83.15,-6.59,60.84,274.2,0.6,0
SC07-08715,62.57,3.08,4.8,354.85,10.66,0
SC07-08716,82.95,14.6,97.61,185.38,6.04,0
SC07-08717,29.5,46.0,58.5,374.4,10.85,0
SC07-08718,84.42,8.29,41.78,196.22,5.21,0
SC07-08719,69.92,31.74,75.16,292.18,13.56,0
SC07-08720,44.02,-3.55,11.77,315.17,1.53,0
SC07-08721,89.83,11.73,87.74,105.25,6.91,0
SC07-08722,26.35,-9.0,13.39,472.74,6.3,0
SC07-08723,27.91,48.35,69.55,487.04,10.74,0
SC07-08724,43.55,13.3,2.33,346.55,9.35,0
SC07-08725,4.06,3.18,49.37,320.84,2.79,0
SC07-08726,87.45,13.27,44.58,322.31,9.31,0
SC07-08727,13.23,2.42,32.22,358.09,3.47,0
SC07-08728,55.89,-7.5,19.78,291.62,2.98,0
SC07-08729,49.57,28.87,44.21,180.03,5.54,0
SC07-08730,95.15,49.74,77.2,162.5,1.05,0
SC07-08731,31.55,8.11,69.87,489.33,3.98,0
SC07-08732,59.85,-0.44,0.1,52.33,0.79,0
SC07-08733,54.57,43.38,71.52,103.74,7.56,0
SC07-08734,85.62,-1.9,24.91,71.65,12.12,0
SC07-08735,50.28,49.3,25.71,48.42,10.76,0
SC07-08736,0.96,37.98,2.46,232.02,6.85,0
SC07-08737,52.03,46.46,35.35,443.31,5.58,0
SC07-08738,56.25,24.91,39.62,156.22,12.54,0
SC07-08739,4.8,5.64,59.0,372.43,9.89,0
SC07-08740,88.69,40.23,43.42,323.43,1.75,0
SC07-08741,16.89,22.64,84.01,221.96,6.04,0
SC07-08742,1.87,8.8,64.82,428.6,0.53,0
SC07-08743,72.42,-8.65,84.93,261.61,4.23,0
SC07-08744,79.52,14.9,33.11,71.06,1.27,0
SC07-08745,53.04,12.19,54.09,404.15,12.65,0
SC07-08746,87.35,33.73,89.77,424.91,9.36,0
SC07-08747,44.98,9.21,19.02,303.24,0.89,0
SC07-08748,4.26,6.33,29.4,220.45,1.18,0
SC07-08749,63.9,11.26,22.39,358.05,3.14,0
SC07-08750,67.59,20.88,23.18,385.57,9.04,0
SC07-08751,62.05,49.2,51.21,219.18,3.12,0
SC07-08752,73.82,32.2,44.28,376.88,1.47,0
SC07-08753,71.53,35.77,17.97,286.21,0.18,0
SC07-08754,28.55,31.55,64.23,268.61,11.15,0
SC07-08755,15.71,4.19,39.95,475.25,1.1,0
SC07-08756,6.94,58.36,95.99,55.68,11.4,0
SC07-08757,49.19,41.46,82.06,465.69,5.72,0
SC07-08758,8.86,16.47,89.22,436.85,7.08,0
SC07-08759,62.17,25.14,16.01,155.22,10.29,0
SC07-08760,84.75,15.24,13.08,288.32,7.8,0
SC07-08761,32.96,39.17,91.66,313.98,4.21,0
SC07-08762,29.46,13.57,68.94,440.64,7.71,0
SC07-08763,19.36,51.85,19.85,126.88,13.72,0
SC07-08764,99.01,32.19,2.27,59.9,3.6,0
SC07-08765,60.72,17.39,4.35,302.51,5.66,0
SC07-08766,33.07,5.76,68.73,354.84,3.12,0
SC07-08767,7.67,36.4,20.14,239.69,6.53,0
SC07-08768,60.09,59.34,61.8,397.96,9.88,0
SC07-08769,69.6,26.15,94.38,37.85,0.87,0
SC07-08770,71.08,34.61,22.59,480.7,13.02,0
SC07-08771,27.72,12.31,17.93,263.91,8.44,0
SC07-08772,64.56,7.6,27.34,43.48,2.92,0
SC07-08773,77.87,29.2,10.81,325.3,10.54,0
SC07-08774,70.85,0.13,35.01,228.93,12.81,0
SC07-08775,22.24,49.09,4.58,100.0,4.98,0
SC07-08776,67.33,35.53,80.25,221.64,5.99,0
SC07-08777,44.65,13.31,0.06,388.65,2.66,0
SC07-08778,74.99,23.89,90.78,318.52,12.5,0
SC07-08779,38.38,-5.82,21.99,429.31,2.93,0
SC07-08780,99.74,-5.24,18.08,126.6,3.93,0
SC07-08781,99.51,43.51,9.32,217.27,3.13,0
SC07-08782,61.58,20.57,70.88,320.63,7.12,0
SC07-08783,76.93,45.68,15.63,349.73,9.14,0
SC07-08784,41.66,28.2,7.52,263.75,9.74,0
SC07-08785,68.12,42.12,47.41,30.09,5.42,0
SC07-08786,26.04,53.87,2.95,246.3,3.57,0
SC07-08787,8.6,16.45,2.57,362.85,0.86,0
SC07-08788,72.84,0.86,41.23,255.38,2.83,0
SC07-08789,84.9,13.1,60.05,460.41,11.61,0
SC07-08790,44.61,7.46,80.72,278.43,6.69,0
SC07-08791,38.24,8.25,13.41,148.83,13.96,0
SC07-08792,76.19,9.82,11.45,96.63,3.82,0
SC07-08793,87.81,44.57,53.17,390.92,5.85,0
SC07-08794,35.61,46.91,77.15,482.06,2.53,0
SC07-08795,22.28,36.73,47.87,194.25,6.36,0
SC07-08796,76.16,13.87,82.49,6.94,10.91,0
SC07-08797,58.41,57.81,75.6,485.19,3.46,0
SC07-08798,44.89,33.41,32.92,199.66,4.18,0
SC07-08799,93.91,2.68,4.91,289.19,6.13,0
SC07-08800,33.17,51.98,49.49,198.86,7.06,0
SC07-08801,70.87,4.06,66.16,383.59,11.96,0
SC07-08802,1.12,56.14,72.86,234.25,10.82,0
SC07-08803,87.38,1.51,44.63,136.28,3.36,0
SC07-08804,54.02,53.33,14.67,435.3,6.31,0
SC07-08805,85.13,14.72,68.96,116.67,9.12,0
SC07-08806,64.86,8.66,2.47,411.48,8.68,0
SC07-08807,66.23,52.9,24.01,158.96,3.78,0
SC07-08808,84.73,46.22,6.07,307.65,13.94,0
SC07-08809,25.95,52.13,76.47,150.77,5.94,0
SC07-08810,52.52,39.18,88.99,310.05,13.41,0
SC07-08811,63.63,-6.73,71.22,200.28,12.44,0
SC07-08812,84.07,55.67,17.41,82.78,6.15,0
SC07-08813,46.53,-2.2,44.54,228.05,6.73,0
SC07-08814,94.29,-4.04,88.92,61.3,12.37,0
SC07-08815,15.69,41.84,21.16,466.2,11.83,0
SC07-08816,23.45,26.93,49.52,31.53,0.28,0
SC07-08817,63.98,5.09,7.54,345.42,1.64,0
SC07-08818,42.52,50.7,71.83,212.1,4.35,0
SC07-08819,67.43,17.8,72.44,261.36,8.08,0
SC07-08820,73.23,23.57,92.25,86.15,10.31,0
SC07-08821,50.22,2.61,46.44,486.83,8.82,0
SC07-08822,12.6,24.58,65.23,444.89,7.73,0
SC07-08823,44.0,59.08,45.58,196.21,6.2,0
SC07-08824,63.79,26.32,57.08,230.13,1.97,0
SC07-08825,45.61,15.94,17.25,478.3,13.95,0
SC07-08826,59.77,-6.14,99.76,392.57,2.65,0
SC07-08827,75.85,5.59,44.15,125.57,3.77,0
SC07-08828,99.56,23.48,87.2,378.06,13.5,0
SC07-08829,34.59,12.03,99.19,428.75,13.28,0
SC07-08830,55.74,47.87,33.32,222.31,10.95,0
SC07-08831,96.79,21.57,2.6,228.11,9.14,0
SC07-08832,97.51,32.4,82.67,58.48,1.36,0
SC07-08833,84.78,53.12,29.77,121.89,2.75,0
SC07-08834,40.02,10.72,34.88,493.86,11.97,0
SC07-08835,96.1,7.14,69.44,368.86,10.14,0
SC07-08836,17.48,41.29,3.31,80.25,13.27,0
SC07-08837,69.81,21.58,76.93,297.88,4.09,0
SC07-08838,58.88,32.37,84.91,381.48,10.59,0
SC07-08839,47.12,6.27,70.29,240.04,5.05,0
SC07-08840,53.29,40.79,36.97,98.09,0.58,0
SC07-08841,89.9,46.11,21.64,153.31,5.44,0
SC07-08842,91.44,3.51,39.61,235.41,7.14,0
SC07-08843,68.65,58.83,23.05,250.28,3.29,0
SC07-08844,63.27,48.27,98.3,155.95,4.33,0
SC07-08845,57.95,51.35,3.04,201.9,13.36,0
SC07-08846,75.16,44.88,85.94,380.68,7.9,0
SC07-08847,63.38,16.39,70.97,11.51,1.97,0
SC07-08848,99.22,10.62,61.6,431.89,10.59,0
SC07-08849,8.96,48.07,26.64,131.32,2.97,0
SC07-08850,76.12,34.15,5.01,301.03,6.77,0
SC07-08851,89.97,-5.82,57.9,103.52,6.72,0
SC07-08852,87.49,-3.39,93.11,107.77,2.11,0
SC07-08853,59.2,25.37,58.75,410.32,8.34,0
SC07-08854,83.41,-7.13,36.91,1.29,9.33,0
SC07-08855,78.03,58.35,62.17,470.12,6.86,0
SC07-08856,42.58,20.42,98.76,30.46,8.79,0
SC07-08857,38.82,-7.59,23.75,155.18,13.54,0
SC07-08858,3.08,50.51,32.67,491.48,3.78,0
SC07-08859,42.0,-8.81,80.39,384.4,1.66,0
SC07-08860,86.92,9.19,91.77,208.14,12.82,0
SC07-08861,49.36,3.72,10.24,441.18,1.68,0
SC07-08862,98.58,8.62,33.24,315.68,9.18,0
SC07-08863,62.33,30.45,75.86,236.99,10.3,0
SC07-08864,10.78,16.52,99.12,442.59,11.19,0
SC07-08865,4.72,50.5,23.49,146.4,6.86,0
SC07-08866,41.63,56.8,56.9,9.03,11.77,0
SC07-08867,36.86,30.18,54.2,101.99,5.57,0
SC07-08868,90.1,59.31,88.99,493.53,5.89,0
SC07-08869,51.98,-2.48,8.21,446.92,11.54,0
SC07-08870,21.67,41.93,1.8,192.5,2.94,0
SC07-08871,29.94,34.22,98.3,327.61,12.53,0
SC07-08872,49.29,-1.17,0.3,291.7,0.47,0
SC07-08873,11.65,3.75,20.15,315.35,13.64,0
SC07-08874,2.9,5.43,79.44,171.94,6.05,0
SC07-08875,17.28,11.58,98.87,280.3,10.39,0
SC07-08876,56.16,57.64,82.02,269.75,12.1,0
SC07-08877,30.04,31.72,4.32,205.9,7.72,0
SC07-08878,70.1,12.59,98.16,48.63,5.66,0
SC07-08879,73.22,1.41,28.28,421.7,12.49,0
SC07-08880,63.86,21.53,79.28,476.71,4.05,0
SC07-08881,8.06,34.81,20.49,99.51,1.37,0
SC07-08882,0.15,25.92,77.61,36.8,5.55,0
SC07-08883,76.92,24.83,68.72,312.24,9.49,0
SC07-08884,36.03,-4.92,50.74,416.23,9.47,0
SC07-08885,85.05,16.51,87.53,21.42,9.73,0
SC07-08886,18.91,8.23,58.99,16.35,11.1,1
SC07-08887,67.69,27.18,98.71,163.28,12.76,0
SC07-08888,53.98,34.41,48.41,395.38,8.52,0
SC07-08889,81.89,28.1,19.17,11.85,6.33,0
SC07-08890,20.62,-4.22,5.17,483.58,11.06,0
SC07-08891,40.95,34.97,30.59,177.39,9.69,0
SC07-08892,45.69,26.44,94.74,38.82,2.64,0
SC07-08893,97.51,40.6,34.91,326.92,12.94,0
SC07-08894,1.43,-5.99,7.19,50.49,9.95,0
SC07-08895,70.95,-4.75,87.86,1.18,13.56,0
SC07-08896,51.47,15.05,72.82,54.58,11.9,0
SC07-08897,96.55,-0.54,19.23,125.42,12.95,0
SC07-08898,0.84,40.76,28.44,162.68,4.46,0
SC07-08899,88.41,38.98,38.52,161.6,5.06,0
SC07-08900,7.83,8.83,93.68,331.58,10.03,0
SC07-08901,69.24,41.35,56.4,222.72,0.88,0
SC07-08902,84.03,32.85,66.13,60.58,2.04,0
SC07-08903,25.57,24.74,43.13,55.34,12.39,0
SC07-08904,30.79,57.87,15.76,375.07,0.53,0
SC07-08905,40.62,14.0,75.71,465.71,5.76,0
SC07-08906,7.64,-1.36,81.78,206.47,10.0,0
SC07-08907,29.86,-3.84,70.27,318.56,0.03,0
SC07-08908,6.43,39.67,21.93,348.0,1.72,0
SC07-08909,45.48,47.79,33.73,184.34,13.82,0
SC07-08910,65.05,53.4,18.68,274.18,9.06,0
SC07-08911,98.43,3.45,50.49,49.72,3.37,0
SC07-08912,28.16,52.37,17.52,252.65,10.5,0
SC07-08913,26.38,32.19,5.58,490.7,7.17,0
SC07-08914,99.58,41.13,77.87,6.81,10.22,0
SC07-08915,36.72,33.03,90.36,364.7,3.78,0
SC07-08916,52.47,-5.19,54.34,198.63,4.64,0
SC07-08917,44.56,2.54,2.63,250.96,2.59,0
SC07-08918,28.67,54.7,95.34,416.34,5.22,0
SC07-08919,7.96,57.02,34.98,230.28,12.17,0
SC07-08920,50.89,48.61,87.53,186.56,4.71,0
SC07-08921,55.18,31.51,71.82,395.03,2.34,0
SC07-08922,42.42,7.28,31.74,68.86,6.77,0
SC07-08923,12.82,11.38,26.45,262.25,12.97,0
SC07-08924,67.0,29.66,5.97,81.05,12.48,0
SC07-08925,61.72,35.05,45.9,86.17,4.4,0
SC07-08926,10.64,35.35,71.9,72.8,4.37,0
SC07-08927,33.56,24.34,75.35,493.77,3.42,0
SC07-08928,29.1,57.12,86.34,68.59,5.22,0
SC07-08929,6.06,-5.77,13.85,424.93,3.07,0
SC07-08930,1.52,-2.08,6.59,212.15,11.66,0
SC07-08931,18.49,9.74,46.5,239.06,9.49,0
SC07-08932,67.7,57.52,37.13,331.9,8.64,0
SC07-08933,73.9,52.41,96.58,11.77,9.25,0
SC07-08934,42.74,41.83,56.34,199.75,13.09,0
SC07-08935,47.3,30.86,96.61,468.27,9.74,0
SC07-08936,35.15,37.03,43.6,389.89,1.09,0
SC07-08937,21.17,-8.92,44.78,217.23,4.06,0
SC07-08938,62.26,21.62,70.06,353.27,2.66,0
SC07-08939,56.47,25.42,94.56,221.45,12.75,0
SC07-08940,61.6,9.79,31.42,329.08,10.93,0
SC07-08941,63.5,-1.03,9.52,72.02,11.81,0
SC07-08942,83.17,47.02,97.3,366.11,1.99,0
SC07-08943,95.62,15.85,56.99,111.7,9.09,0
SC07-08944,90.98,4.72,55.19,404.1,3.25,0
SC07-08945,11.17,52.65,95.0,215.69,5.69,0
SC07-08946,86.26,51.58,47.17,339.1,12.76,0
SC07-08947,41.33,24.06,48.77,56.0,13.94,0
SC07-08948,80.71,30.6,89.75,395.9,1.65,0
SC07-08949,49.41,53.18,12.84,291.45,12.79,0
SC07-08950,49.47,12.54,36.89,461.17,5.61,0
SC07-08951,18.18,11.1,21.02,435.04,10.13,0
SC07-08952,30.23,45.79,53.77,490.07,9.96,0
SC07-08953,74.08,49.55,44.6,406.22,6.46,0
SC07-08954,55.14,14.25,2.58,335.03,5.0,0
SC07-08955,69.37,33.9,6.75,487.45,11.83,0
SC07-08956,52.86,34.25,27.91,30.22,10.27,0
SC07-08957,82.53,44.17,60.24,84.99,4.3,0
SC07-08958,23.11,32.52,20.49,194.87,13.4,0
SC07-08959,28.66,27.71,39.72,499.14,6.42,0
SC07-08960,11.95,26.68,40.71,263.04,10.36,0
SC07-08961,71.68,35.12,29.58,222.7,4.04,0
SC07-08962,41.76,58.07,74.09,187.45,1.76,0
SC07-08963,89.6,38.41,24.24,317.0,1.43,0
SC07-08964,51.65,46.22,52.0,158.82,6.94,0
SC07-08965,85.5,-1.54,21.36,167.56,8.79,0
SC07-08966,87.45,14.63,66.19,298.59,8.91,0
SC07-08967,2.99,22.22,78.37,30.51,12.51,0
SC07-08968,64.19,48.27,63.09,186.64,13.56,0
SC07-08969,2.68,-8.62,48.49,51.94,12.99,0
SC07-08970,10.43,22.95,96.15,293.88,1.52,0
SC07-08971,18.34,33.84,35.74,223.9,1.78,0
SC07-08972,5.23,15.62,78.81,457.55,2.28,0
SC07-08973,85.13,-2.68,46.91,317.33,4.97,0
SC07-08974,32.07,54.62,40.36,456.27,10.63,0
SC07-08975,74.89,5.12,30.78,252.64,1.89,0
SC07-08976,15.39,2.94,5.13,36.42,5.86,0
SC07-08977,90.45,18.41,45.76,188.0,2.19,0
SC07-08978,6.17,48.0,68.66,362.09,7.19,0
SC07-08979,41.94,33.6,45.14,115.94,2.38,0
SC07-08980,3.35,30.15,99.13,487.12,10.29,0
SC07-08981,34.25,40.45,99.0,97.56,2.51,0
SC07-08982,37.45,-9.93,72.83,20.84,12.51,0
SC07-08983,38.83,33.99,67.3,384.03,4.7,0
SC07-08984,54.1,7.74,66.94,63.3,5.56,0
SC07-08985,58.04,8.51,10.35,371.35,11.21,0
SC07-08986,79.48,37.42,3.32,284.86,6.88,0
SC07-08987,74.67,10.82,94.76,205.96,3.43,0
SC07-08988,18.65,48.56,11.98,481.62,6.53,0
SC07-08989,12.46,16.34,59.02,89.42,8.07,0
SC07-08990,2.75,26.61,35.36,40.31,3.79,0
SC07-08991,79.66,8.93,17.81,16.4,11.58,0
SC07-08992,90.21,5.19,79.0,22.63,6.38,0
SC07-08993,16.84,0.04,46.68,308.95,13.29,0
SC07-08994,87.04,53.88,56.64,366.94,6.81,0
SC07-08995,29.31,27.85,39.75,41.02,10.83,0
SC07-08996,98.45,38.37,47.12,433.23,6.3,0
SC07-08997,21.34,25.19,87.53,28.68,1.45,0
SC07-08998,80.65,-7.68,35.01,343.52,8.13,0
SC07-08999,94.5,27.07,36.41,482.53,2.07,0
SC07-09000,46.55,13.48,26.98,397.83,11.23,0
SC07-09001,39.75,6.95,18.71,139.33,9.54,0
SC07-09002,39.91,7.52,3.46,422.12,12.97,0
SC07-09003,71.29,19.27,39.6,371.79,4.55,0
SC07-09004,31.1,22.7,24.76,329.34,7.99,0
SC07-09005,5.57,-1.55,88.39,335.17,1.08,0
SC07-09006,38.55,48.05,75.79,155.93,9.37,0
SC07-09007,7.29,0.42,61.07,213.63,10.61,0
SC07-09008,64.92,15.67,29.38,293.5,0.62,0
SC07-09009,79.62,3.89,46.49,16.56,8.65,0
SC07-09010,41.44,54.72,3.29,5.31,4.5,0
SC07-09011,77.85,48.24,23.77,225.55,2.62,0
SC07-09012,75.3,17.79,26.85,162.75,13.87,0
SC07-09013,39.72,10.59,76.0,445.04,12.21,0
SC07-09014,8.5,31.52,91.14,160.11,5.5,0
SC07-09015,23.53,50.3,67.33,242.61,1.0,0
SC07-09016,11.54,47.0,50.87,57.03,4.87,0
SC07-09017,71.14,37.71,17.85,483.77,1.08,0
SC07-09018,59.69,56.09,76.28,65.37,11.87,0
SC07-09019,14.2,14.37,54.63,35.34,6.2,0
SC07-09020,79.06,23.49,92.89,43.32,5.67,0
SC07-09021,67.96,1.33,66.99,431.41,13.01,0
SC07-09022,84.07,52.87,52.05,431.31,3.3,0
SC07-09023,43.29,24.98,55.96,117.45,9.28,0
SC07-09024,4.77,4.07,81.36,97.25,7.16,0
SC07-09025,39.24,34.49,35.17,317.26,2.56,0
SC07-09026,38.91,26.57,38.25,258.83,7.59,0
SC07-09027,2.21,31.22,41.71,119.29,0.35,0
SC07-09028,18.64,0.02,99.88,6.76,2.82,1
SC07-09029,40.92,46.99,28.09,436.86,8.66,0
SC07-09030,56.03,6.44,22.21,400.86,3.71,0
SC07-09031,68.22,5.11,47.23,224.79,2.47,0
SC07-09032,82.78,5.94,17.54,71.94,5.71,0
SC07-09033,72.38,25.23,27.83,285.29,3.64,0
SC07-09034,49.87,19.16,87.6,305.37,10.21,0
SC07-09035,76.09,55.79,73.1,436.08,7.15,0
SC07-09036,14.13,11.66,67.9,86.93,12.83,0
SC07-09037,8.55,59.45,82.9,305.86,1.47,0
SC07-09038,91.0,19.15,7.53,250.59,8.25,0
SC07-09039,50.62,42.58,59.98,280.65,0.87,0
SC07-09040,1.94,4.55,39.4,88.5,2.05,0
SC07-09041,26.87,11.15,82.91,92.84,5.03,0
SC07-09042,25.9,17.28,23.26,66.93,9.85,0
SC07-09043,70.61,2.56,89.57,50.95,4.42,0
SC07-09044,34.83,0.22,5.02,48.17,8.66,0
SC07-09045,57.85,44.41,18.59,466.17,6.2,0
SC07-09046,36.15,-4.03,66.51,169.13,9.83,0
SC07-09047,78.07,-5.21,0.42,199.49,10.85,0
SC07-09048,29.62,31.5,32.5,53.12,2.79,0
SC07-09049,42.52,46.93,0.47,367.72,4.77,0
SC07-09050,46.43,49.07,64.14,203.05,10.41,0
SC07-09051,90.68,23.52,97.62,46.75,1.2,0
SC07-09052,91.26,-0.58,0.38,77.52,10.32,0
SC07-09053,11.87,39.69,53.73,486.69,4.61,0
SC07-09054,36.49,-6.2,41.08,108.66,8.12,0
SC07-09055,66.44,25.6,99.69,393.88,13.58,0
SC07-09056,45.81,41.62,42.05,437.0,4.97,0
SC07-09057,61.87,42.66,7.52,478.94,5.31,0
SC07-09058,82.47,30.97,40.6,370.32,1.93,0
SC07-09059,37.82,58.84,57.21,286.68,11.18,0
SC07-09060,68.63,49.33,23.45,333.31,10.33,0
SC07-09061,19.71,37.59,97.38,148.38,1.45,0
SC07-09062,41.81,20.09,11.96,233.96,10.7,0
SC07-09063,70.82,9.14,18.11,49.38,2.6,0
SC07-09064,30.15,57.69,10.77,358.31,8.26,0
SC07-09065,47.96,58.13,9.26,366.29,11.23,0
SC07-09066,57.63,54.17,25.74,102.0,6.35,0
SC07-09067,10.09,36.31,59.09,182.68,3.31,0
SC07-09068,55.95,-8.97,73.55,117.58,6.64,0
SC07-09069,2.44,11.99,73.6,161.31,13.51,0
SC07-09070,31.78,19.85,20.18,336.04,4.13,0
SC07-09071,22.52,38.77,96.3,302.72,13.49,0
SC07-09072,96.63,52.57,38.07,464.88,2.74,0
SC07-09073,34.82,21.24,8.51,179.26,3.65,0
SC07-09074,99.11,7.02,63.89,252.95,12.59,0
SC07-09075,32.36,-2.46,80.08,272.26,13.49,0
SC07-09076,68.93,0.3,39.81,269.7,7.97,0
SC07-09077,64.5,53.16,25.47,386.25,9.63,0
SC07-09078,17.37,25.86,30.36,230.43,9.44,0
SC07-09079,41.76,56.79,98.01,378.26,9.29,0
SC07-09080,51.42,-4.03,74.36,184.57,4.11,0
SC07-09081,60.5,-2.53,30.24,124.4,5.86,0
SC07-09082,9.98,5.19,51.73,216.81,11.01,0
SC07-09083,41.43,38.46,84.87,40.87,1.41,0
SC07-09084,82.6,12.31,24.1,226.34,0.28,0
SC07-09085,75.23,45.53,83.12,191.28,1.1,0
SC07-09086,49.82,8.18,0.41,302.74,12.8,0
SC07-09087,37.49,6.75,7.81,54.01,11.05,0
SC07-09088,81.53,31.64,85.63,331.52,5.43,0
SC07-09089,76.96,-0.17,59.41,223.15,1.97,0
SC07-09090,5.26,-3.76,43.0,306.43,0.91,0
SC07-09091,75.59,-2.6,37.7,221.89,12.96,0
SC07-09092,63.28,11.95,68.95,279.1,9.66,0
SC07-09093,49.14,8.09,88.87,441.76,8.51,0
SC07-09094,14.38,15.45,24.68,60.34,13.64,0
SC07-09095,32.62,-9.92,39.11,51.4,1.57,0
SC07-09096,70.6,27.91,73.32,465.26,0.68,0
SC07-09097,60.3,22.62,84.54,238.38,3.94,0
SC07-09098,44.0,47.3,63.23,290.94,1.25,0
SC07-09099,12.95,55.36,75.24,308.26,5.49,0
SC07-09100,40.87,41.19,21.81,165.04,4.51,0
SC07-09101,50.71,26.6,18.98,470.27,2.08,0
SC07-09102,61.97,19.93,51.17,447.02,12.03,0
SC07-09103,20.27,15.13,69.93,335.57,8.65,0
SC07-09104,10.81,32.45,88.2,233.07,3.46,0
SC07-09105,36.2,55.18,70.36,328.76,2.07,0
SC07-09106,33.41,35.3,98.83,113.29,9.69,0
SC07-09107,19.61,18.37,50.26,48.48,6.46,0
SC07-09108,11.59,46.53,37.09,106.09,8.92,0
SC07-09109,59.7,13.3,97.72,302.75,12.95,0
SC07-09110,80.68,19.75,56.81,307.67,7.04,0
SC07-09111,65.73,32.48,53.81,117.74,11.23,0
SC07-09112,60.67,41.17,70.39,260.25,4.55,0
SC07-09113,62.79,-1.5,58.04,350.4,10.76,0
SC07-09114,29.92,5.35,31.22,282.99,1.66,0
SC07-09115,15.89,-5.01,25.24,361.11,13.7,0
SC07-09116,3.32,18.1,84.26,73.52,12.74,0
SC07-09117,55.02,56.65,49.46,16.5,0.32,0
SC07-09118,77.8,1.12,66.97,242.44,9.67,0
SC07-09119,99.18,45.32,20.11,125.74,6.47,0
SC07-09120,38.04,46.95,81.44,25.0,6.34,0
SC07-09121,96.46,51.71,57.03,303.83,4.49,0
SC07-09122,66.71,-9.97,2.82,352.0,4.95,0
SC07-09123,81.7,53.71,62.15,141.47,6.83,0
SC07-09124,82.66,57.64,28.05,402.37,1.44,0
SC07-09125,72.64,9.04,71.21,31.27,0.7,0
SC07-09126,15.29,0.61,5.26,71.77,4.45,0
SC07-09127,75.71,4.74,2.84,89.67,9.64,0
SC07-09128,4.48,44.81,9.37,220.6,12.64,0
SC07-09129,82.9,21.2,61.69,27.41,4.86,0
SC07-09130,37.01,-1.14,48.16,93.89,8.65,0
SC07-09131,25.25,57.21,49.45,240.04,10.78,0
SC07-09132,31.33,54.98,28.32,68.2,5.35,0
SC07-09133,19.56,47.63,24.56,449.38,8.88,0
SC07-09134,54.4,11.53,73.03,207.19,0.93,0
SC07-09135,91.89,4.5,29.1,99.92,0.74,0
SC07-09136,13.79,-3.76,4.11,211.12,0.69,0
SC07-09137,66.18,45.29,66.15,369.67,11.26,0
SC07-09138,4.1,15.63,74.43,121.54,13.93,0
SC07-09139,92.73,-1.69,48.53,242.02,12.38,0
SC07-09140,98.08,4.27,71.83,325.7,13.09,0
SC07-09141,70.87,-7.03,75.81,417.13,12.82,0
SC07-09142,11.1,40.38,15.19,488.03,8.76,0
SC07-09143,53.13,-3.56,38.29,8.44,6.07,0
SC07-09144,18.83,1.55,21.97,264.04,5.27,0
SC07-09145,99.14,36.61,11.35,42.48,11.28,0
SC07-09146,2.73,46.17,92.9,77.13,12.18,0
SC07-09147,91.84,29.0,88.73,498.61,9.52,0
SC07-09148,90.98,43.92,14.04,420.07,11.1,0
SC07-09149,44.97,51.79,23.98,178.85,4.33,0
SC07-09150,65.94,53.25,60.57,340.8,4.88,0
SC07-09151,90.99,21.6,18.48,195.35,8.29,0
SC07-09152,56.56,17.45,30.62,8.33,2.2,0
SC07-09153,50.22,8.37,62.3,28.79,0.98,0
SC07-09154,63.37,33.61,26.13,5.01,0.62,0
SC07-09155,64.27,35.84,62.21,182.61,6.71,0
SC07-09156,52.12,16.34,24.15,170.0,8.07,0
SC07-09157,63.92,55.82,83.18,12.28,11.9,0
SC07-09158,48.08,5.41,91.97,92.16,5.38,0
SC07-09159,98.64,47.4,94.8,147.74,9.38,0
SC07-09160,85.91,38.46,57.65,195.61,8.62,0
SC07-09161,70.43,6.48,55.73,273.92,10.14,0
SC07-09162,73.91,-8.09,0.16,461.41,13.75,0
SC07-09163,69.94,53.24,92.47,339.9,9.5,0
SC07-09164,30.27,11.57,84.92,245.64,1.98,0
SC07-09165,44.66,-6.01,10.48,363.91,9.68,0
SC07-09166,85.55,22.64,97.35,339.26,2.38,0
SC07-09167,72.26,21.64,32.82,306.15,1.88,0
SC07-09168,77.74,42.37,62.71,469.1,7.41,0
SC07-09169,57.42,-8.18,98.49,87.97,9.68,0
SC07-09170,10.58,-6.34,63.99,65.62,10.67,0
SC07-09171,5.48,0.51,75.24,298.72,2.41,0
SC07-09172,34.16,48.28,32.67,178.6,13.57,0
SC07-09173,15.58,5.02,5.58,27.89,10.68,0
SC07-09174,42.63,54.89,65.52,105.78,9.83,0
SC07-09175,79.68,1.09,10.35,193.56,6.12,0
SC07-09176,53.25,32.78,11.81,82.12,4.0,0
SC07-09177,16.04,49.73,21.41,182.21,12.47,0
SC07-09178,34.76,2.4,62.26,183.76,5.57,0
SC07-09179,35.05,1.17,58.01,85.55,13.09,0
SC07-09180,32.62,31.88,58.35,366.98,4.26,0
SC07-09181,29.7,42.55,49.85,459.28,10.65,0
SC07-09182,42.76,3.72,45.19,277.82,9.94,0
SC07-09183,82.29,14.42,41.74,146.06,7.11,0
SC07-09184,54.34,53.68,99.51,218.48,8.17,0
SC07-09185,89.87,12.63,49.67,361.46,4.5,0
SC07-09186,56.07,50.31,94.11,26.13,6.5,0
SC07-09187,72.97,30.67,92.34,432.15,0.93,0
SC07-09188,37.41,34.88,31.3,68.67,13.97,0
SC07-09189,33.14,25.22,0.28,436.29,5.95,0
SC07-09190,37.79,32.72,61.73,23.19,10.21,0
SC07-09191,4.71,44.37,68.86,203.62,0.09,0
SC07-09192,95.2,17.28,50.72,391.1,11.6,0
SC07-09193,50.45,-7.78,29.58,208.76,10.68,0
SC07-09194,33.02,50.12,62.96,81.38,8.95,0
SC07-09195,15.79,13.42,10.99,382.98,11.39,0
SC07-09196,56.11,2.22,81.7,360.69,3.72,0
SC07-09197,82.01,58.53,87.88,67.21,6.9,0
SC07-09198,24.35,56.94,9.59,435.64,7.16,0
SC07-09199,26.36,49.71,63.0,157.56,1.37,0
SC07-09200,67.29,56.35,27.58,376.9,7.84,0
SC07-09201,24.04,58.94,31.31,448.78,13.86,0
SC07-09202,22.71,25.02,66.08,285.24,8.78,0
SC07-09203,60.29,32.99,75.23,216.63,4.86,0
SC07-09204,94.4,54.56,64.51,300.02,4.76,0
SC07-09205,13.35,40.08,65.23,160.85,1.82,0
SC07-09206,0.7,38.51,6.57,44.91,9.34,0
SC07-09207,75.41,22.03,76.61,61.25,4.02,0
SC07-09208,60.72,6.72,42.36,12.73,7.6,0
SC07-09209,71.8,55.05,5.38,334.73,3.95,0
SC07-09210,99.53,12.56,75.19,317.56,1.43,0
SC07-09211,65.44,52.99,96.21,30.8,11.86,0
SC07-09212,36.21,24.35,77.65,103.97,12.76,0
SC07-09213,99.21,15.03,73.54,84.01,0.23,0
SC07-09214,29.97,-8.83,50.89,147.2,1.26,0
SC07-09215,51.37,28.17,92.62,203.53,3.8,0
SC07-09216,3.6,22.56,44.29,162.22,0.49,0
SC07-09217,37.33,-1.64,99.26,60.4,0.67,0
SC07-09218,20.51,15.88,44.77,232.94,0.03,0
SC07-09219,83.61,21.0,78.4,497.65,9.2,0
SC07-09220,2.96,50.03,40.19,454.09,5.93,0
SC07-09221,27.56,4.79,36.51,50.29,11.44,0
SC07-09222,26.26,50.36,20.5,423.92,4.38,0
SC07-09223,77.64,15.2,82.98,269.05,2.24,0
SC07-09224,46.3,-5.69,40.92,309.69,1.84,0
SC07-09225,13.65,31.93,65.63,410.31,5.44,0
SC07-09226,67.28,52.38,59.8,217.48,0.29,0
SC07-09227,52.37,2.47,42.47,9.72,2.38,0
SC07-09228,22.53,47.0,65.8,13.56,8.73,1
SC07-09229,86.8,15.58,58.64,388.83,8.17,0
SC07-09230,33.43,44.68,20.55,130.46,3.66,0
SC07-09231,19.47,14.23,63.48,211.56,2.86,0
SC07-09232,35.85,50.66,69.5,134.29,9.7,0
SC07-09233,24.27,27.84,47.36,353.37,6.97,0
SC07-09234,0.27,29.28,8.86,391.73,9.64,0
SC07-09235,70.5,-3.88,72.09,116.82,6.63,0
SC07-09236,32.58,36.8,15.98,101.02,3.72,0
SC07-09237,16.64,-4.29,90.52,6.23,6.51,1
SC07-09238,75.84,-3.12,48.97,242.58,8.42,0
SC07-09239,24.0,42.2,48.53,406.5,9.04,0
SC07-09240,84.17,40.73,19.2,473.75,2.42,0
SC07-09241,5.05,25.52,14.17,439.59,4.27,0
SC07-09242,51.91,36.12,71.63,430.76,1.57,0
SC07-09243,49.08,44.34,77.83,49.05,12.33,0
SC07-09244,58.61,23.31,80.31,17.19,4.07,0
SC07-09245,14.12,50.93,99.16,295.6,0.21,0
SC07-09246,78.17,34.24,51.12,82.03,3.85,0
SC07-09247,9.75,-6.94,12.44,400.36,9.15,0
SC07-09248,94.63,5.62,62.68,47.84,6.92,0
SC07-09249,67.6,4.67,3.49,493.48,12.7,0
SC07-09250,83.96,41.72,47.3,85.28,9.9,0
SC07-09251,63.91,24.86,22.3,460.87,7.29,0
SC07-09252,23.26,25.06,76.01,23.44,8.79,0
SC07-09253,33.47,0.92,95.6,344.44,8.63,0
SC07-09254,55.3,59.95,40.4,40.67,5.4,0
SC07-09255,45.17,34.37,41.71,21.78,1.92,0
SC07-09256,10.58,-0.71,0.99,419.88,9.19,0
SC07-09257,43.27,40.33,63.61,333.91,2.98,0
SC07-09258,15.24,30.25,11.63,348.06,12.44,0
SC07-09259,33.27,34.31,10.04,119.91,3.59,0
SC07-09260,60.57,27.92,68.87,491.99,11.49,0
SC07-09261,32.62,31.29,81.99,41.31,11.55,0
SC07-09262,28.53,55.83,93.04,128.29,3.8,0
SC07-09263,91.14,30.88,73.53,219.59,4.93,0
SC07-09264,46.62,0.27,89.93,27.53,6.85,0
SC07-09265,78.69,11.46,12.55,53.88,11.71,0
SC07-09266,41.19,29.83,58.68,470.66,11.39,0
SC07-09267,32.56,51.11,30.11,152.58,9.71,0
SC07-09268,36.31,11.66,6.82,146.2,4.45,0
SC07-09269,31.71,39.23,51.16,255.4,9.33,0
SC07-09270,39.39,16.52,86.46,442.39,8.55,0
SC07-09271,89.51,7.5,98.12,237.83,7.81,0
SC07-09272,15.53,6.63,59.6,111.9,6.12,0
SC07-09273,60.94,56.39,34.02,263.47,8.61,0
SC07-09274,48.77,23.86,99.94,374.2,13.95,0
SC07-09275,73.78,59.9,25.14,75.81,3.6,0
SC07-09276,16.42,12.21,76.26,397.88,10.03,0
SC07-09277,85.18,37.42,27.51,48.97,4.03,0
SC07-09278,13.74,6.07,86.5,227.66,2.05,0
SC07-09279,44.45,53.98,59.92,172.77,11.52,0
SC07-09280,4.93,37.24,85.59,118.1,3.29,0
SC07-09281,91.7,32.29,66.4,277.77,6.85,0
SC07-09282,45.6,5.83,37.28,48.49,0.01,0
SC07-09283,34.15,27.06,96.77,230.02,4.99,0
SC07-09284,92.88,52.48,78.56,484.67,13.22,0
SC07-09285,15.91,-3.87,60.36,400.05,10.79,0
SC07-09286,36.96,-2.99,6.09,261.66,10.71,0
SC07-09287,56.39,38.24,51.59,355.0,1.31,0
SC07-09288,12.25,-3.02,95.43,310.18,2.54,0
SC07-09289,12.01,47.25,71.08,117.57,1.89,0
SC07-09290,64.25,18.82,18.97,329.01,8.24,0
SC07-09291,65.59,58.74,33.94,405.38,2.74,0
SC07-09292,28.38,37.4,71.23,384.33,6.23,0
SC07-09293,62.54,8.93,82.87,435.84,9.45,0
SC07-09294,21.57,10.37,27.7,97.99,8.77,0
SC07-09295,77.22,49.44,86.59,306.45,1.13,0
SC07-09296,74.05,43.4,22.5,188.09,3.1,0
SC07-09297,29.34,5.92,65.77,327.67,9.31,0
SC07-09298,76.49,1.95,25.45,251.36,11.75,0
SC07-09299,73.67,54.6,11.88,67.68,12.75,0
SC07-09300,16.7,24.7,81.12,471.22,6.04,0
SC07-09301,60.01,-4.53,14.65,425.71,7.96,0
SC07-09302,50.31,47.07,17.92,382.62,13.95,0
SC07-09303,29.09,33.64,17.65,18.66,5.37,1
SC07-09304,58.29,47.03,35.57,408.06,7.57,0
SC07-09305,8.53,55.38,56.55,246.5,8.07,0
SC07-09306,10.67,18.4,85.45,28.17,1.49,0
SC07-09307,53.49,-6.32,27.6,486.74,10.52,0
SC07-09308,46.68,17.29,11.71,432.65,3.11,0
SC07-09309,38.9,13.77,47.14,46.05,13.76,0
SC07-09310,1.93,17.02,41.1,268.72,6.6,0
SC07-09311,31.23,30.99,93.13,237.39,9.0,0
SC07-09312,54.87,50.03,45.1,319.45,11.12,0
SC07-09313,74.51,28.27,80.19,183.05,1.04,0
SC07-09314,38.84,50.27,92.59,53.58,8.29,0
SC07-09315,7.78,1.13,40.7,491.16,6.64,0
SC07-09316,13.41,47.78,9.34,297.88,7.3,0
SC07-09317,3.13,50.93,95.5,360.04,0.74,0
SC07-09318,38.06,6.27,2.46,18.53,10.95,0
SC07-09319,67.34,28.99,93.27,338.24,2.24,0
SC07-09320,99.59,30.3,32.6,424.43,11.22,0
SC07-09321,33.67,47.18,70.39,139.29,5.26,0
SC07-09322,81.17,20.27,9.22,185.29,12.59,0
SC07-09323,95.22,-6.25,38.49,112.65,13.99,0
SC07-09324,92.54,52.26,15.86,465.65,6.17,0
SC07-09325,98.82,7.89,42.41,433.46,10.43,0
SC07-09326,12.57,18.65,69.8,194.92,6.9,0
SC07-09327,64.4,31.16,27.75,177.83,10.52,0
SC07-09328,93.97,42.93,29.42,378.41,9.69,0
SC07-09329,36.0,44.72,26.07,493.79,5.13,0
SC07-09330,60.43,27.27,37.54,114.71,1.16,0
SC07-09331,84.2,57.19,92.69,20.0,9.06,0
SC07-09332,29.01,42.55,51.16,242.91,13.24,0
SC07-09333,6.91,19.97,12.29,190.04,4.81,0
SC07-09334,88.8,29.63,37.05,463.49,1.34,0
SC07-09335,74.22,41.17,68.19,139.98,2.57,0
SC07-09336,0.48,14.31,67.66,130.56,11.77,0
SC07-09337,46.53,58.3,6.08,262.34,11.73,0
SC07-09338,2.68,46.32,24.1,263.65,10.48,0
SC07-09339,89.24,59.02,64.49,474.79,5.98,0
SC07-09340,32.07,34.36,44.83,382.76,6.29,0
SC07-09341,56.52,43.29,48.31,66.49,10.27,0
SC07-09342,92.2,34.24,64.8,28.91,10.76,0
SC07-09343,30.32,16.92,16.76,238.72,5.65,0
SC07-09344,25.58,58.57,88.62,264.0,0.86,0
SC07-09345,69.28,54.53,52.25,320.44,6.04,0
SC07-09346,80.21,54.85,76.3,116.28,10.63,0
SC07-09347,10.7,27.1,54.33,202.03,6.15,0
SC07-09348,67.47,54.74,59.54,186.57,1.51,0
SC07-09349,95.42,32.17,22.24,452.8,2.22,0
SC07-09350,28.34,23.76,64.57,321.26,8.64,0
SC07-09351,15.43,13.53,21.64,449.87,0.28,0
SC07-09352,0.84,0.28,79.68,480.67,5.15,0
SC07-09353,61.24,17.0,31.82,400.8,7.83,0
SC07-09354,48.58,21.67,36.62,407.32,0.58,0
SC07-09355,71.83,16.34,22.13,315.6,0.91,0
SC07-09356,31.18,18.51,79.04,54.17,13.41,0
SC07-09357,15.77,29.51,96.99,144.49,9.21,0
SC07-09358,21.13,24.51,53.06,7.1,7.96,1
SC07-09359,72.0,0.76,73.0,386.58,7.34,0
SC07-09360,59.14,-7.21,96.03,228.03,11.65,0
SC07-09361,88.46,42.53,94.96,242.27,8.67,0
SC07-09362,10.13,8.51,83.35,295.53,7.73,0
SC07-09363,47.61,38.86,47.58,485.55,1.48,0
SC07-09364,41.61,29.98,14.32,172.52,2.37,0
SC07-09365,30.95,54.85,8.43,8.11,5.6,1
SC07-09366,60.93,35.63,44.25,146.03,0.02,0
SC07-09367,68.9,-6.15,51.36,66.13,8.82,0
SC07-09368,68.91,17.88,74.37,35.67,0.12,0
SC07-09369,9.38,26.87,33.87,121.84,6.35,0
SC07-09370,0.65,-5.63,2.07,3.09,2.1,1
SC07-09371,14.05,40.74,16.93,197.88,11.6,0
SC07-09372,87.4,56.07,4.18,47.9,10.43,0
SC07-09373,12.19,57.65,7.67,457.23,7.64,0
SC07-09374,6.82,16.52,19.59,134.3,8.23,0
SC07-09375,0.52,16.74,46.32,308.0,12.61,0
SC07-09376,84.31,-7.22,98.07,140.81,4.27,0
SC07-09377,8.16,46.23,77.7,212.77,11.7,0
SC07-09378,55.86,42.06,36.28,283.71,3.6,0
SC07-09379,13.51,57.9,59.01,164.68,8.84,0
SC07-09380,12.15,21.22,10.85,449.12,6.79,0
SC07-09381,86.76,0.92,32.68,426.9,11.01,0
SC07-09382,59.51,12.13,3.6,78.52,3.86,0
SC07-09383,73.88,53.07,8.36,259.13,13.5,0
SC07-09384,14.19,12.79,79.95,318.26,0.71,0
SC07-09385,69.53,56.33,61.77,485.45,0.03,0
SC07-09386,88.01,10.61,96.84,325.42,1.94,0
SC07-09387,21.53,57.54,17.94,57.68,6.48,0
SC07-09388,32.03,25.22,49.77,62.47,9.61,0
SC07-09389,19.43,-9.83,1.66,45.05,2.89,0
SC07-09390,80.2,-0.88,23.51,389.07,5.81,0
SC07-09391,42.53,41.24,81.66,140.04,7.25,0
SC07-09392,16.72,25.72,48.92,5.44,12.77,1
SC07-09393,61.49,-6.93,83.41,149.64,6.05,0
SC07-09394,3.13,30.5,38.67,195.7,6.29,0
SC07-09395,83.67,2.22,37.83,316.38,13.26,0
SC07-09396,70.91,49.43,94.55,155.94,8.54,0
SC07-09397,7.01,58.65,4.16,396.0,6.9,0
SC07-09398,98.4,10.85,99.77,163.82,3.6,0
SC07-09399,83.05,12.45,50.21,132.34,4.27,0
SC07-09400,40.7,22.74,71.7,59.02,9.63,0
SC07-09401,90.02,21.51,34.46,127.33,6.52,0
SC07-09402,74.64,4.83,84.23,260.56,11.88,0
SC07-09403,76.98,0.22,78.3,86.76,6.56,0
SC07-09404,37.76,57.26,25.71,366.82,8.84,0
SC07-09405,12.81,50.29,76.85,385.22,4.05,0
SC07-09406,42.83,11.37,62.8,323.82,2.65,0
SC07-09407,72.95,40.41,15.53,50.06,4.2,0
SC07-09408,38.47,12.85,85.11,482.49,4.11,0
SC07-09409,89.91,4.09,99.01,86.1,13.7,0
SC07-09410,13.65,7.42,78.95,166.45,3.43,0
SC07-09411,34.91,19.21,80.91,492.92,10.84,0
SC07-09412,52.39,57.43,76.52,407.98,10.79,0
SC07-09413,67.08,11.23,90.16,74.38,0.07,0
SC07-09414,78.72,5.48,69.98,273.59,1.58,0
SC07-09415,23.28,34.49,63.88,36.61,8.56,0
SC07-09416,90.02,37.04,48.18,4.01,12.8,0
SC07-09417,87.66,-1.94,7.9,374.35,7.4,0
SC07-09418,63.67,48.64,21.19,176.83,8.53,0
SC07-09419,16.05,-4.87,35.82,231.32,10.11,0
SC07-09420,40.5,-7.27,77.58,188.19,12.58,0
SC07-09421,44.85,34.63,2.27,443.49,11.48,0
SC07-09422,60.55,44.99,13.71,435.88,5.19,0
SC07-09423,3.85,55.7,55.67,46.24,0.43,0
SC07-09424,57.82,8.54,22.1,17.75,6.43,0
SC07-09425,22.53,42.5,67.73,167.95,7.92,0
SC07-09426,14.6,35.03,62.85,276.8,11.68,0
SC07-09427,52.61,16.79,19.77,82.48,5.51,0
SC07-09428,44.53,41.56,69.5,50.23,4.33,0
SC07-09429,7.92,-5.7,33.97,429.77,7.04,0
SC07-09430,85.32,50.28,99.25,138.16,3.73,0
SC07-09431,97.68,3.02,72.12,145.92,8.29,0
SC07-09432,3.07,16.35,99.48,128.64,5.34,0
SC07-09433,11.2,55.83,50.62,100.89,12.67,0
SC07-09434,50.63,42.22,41.3,150.23,10.14,0
SC07-09435,69.05,40.84,83.31,454.14,12.21,0
SC07-09436,35.58,9.91,47.46,123.06,11.07,0
SC07-09437,29.28,51.4,13.36,254.15,8.25,0
SC07-09438,80.11,1.34,30.52,408.42,6.42,0
SC07-09439,56.39,55.98,54.32,93.57,11.17,0
SC07-09440,33.99,38.44,2.64,325.61,3.91,0
SC07-09441,12.21,-9.34,30.02,295.78,5.59,0
SC07-09442,10.95,48.08,47.32,263.37,11.2,0
SC07-09443,37.18,29.61,83.62,15.67,4.85,0
SC07-09444,70.35,28.25,38.43,64.03,10.42,0
SC07-09445,59.46,49.47,21.5,283.26,11.22,0
SC07-09446,92.64,41.17,0.84,373.03,8.8,0
SC07-09447,12.79,14.25,35.12,97.67,4.69,0
SC07-09448,65.88,50.64,36.92,346.6,6.36,0
SC07-09449,82.23,36.77,21.82,87.86,5.02,0
SC07-09450,31.15,27.16,84.03,403.35,1.72,0
SC07-09451,99.98,41.67,11.7,222.45,1.71,0
SC07-09452,23.76,4.44,55.72,205.63,12.48,0
SC07-09453,83.23,34.24,12.43,43.27,6.0,0
SC07-09454,30.9,5.42,49.55,273.82,0.98,0
SC07-09455,93.18,6.17,95.09,442.01,3.02,0
SC07-09456,89.6,36.83,68.09,41.91,0.79,0
SC07-09457,34.98,47.46,53.85,385.63,13.92,0
SC07-09458,33.08,1.13,90.86,106.46,5.94,0
SC07-09459,28.06,37.13,20.21,62.33,1.15,0
SC07-09460,15.42,35.09,61.64,466.67,5.89,0
SC07-09461,53.35,40.56,47.56,146.63,9.33,0
SC07-09462,47.21,13.14,31.45,198.51,6.16,0
SC07-09463,13.68,38.51,43.96,471.98,13.23,0
SC07-09464,3.61,16.87,61.6,51.92,13.07,0
SC07-09465,12.84,41.3,31.37,427.63,5.54,0
SC07-09466,32.96,50.29,29.13,210.19,11.5,0
SC07-09467,23.66,-3.05,90.52,43.58,5.34,0
SC07-09468,63.72,27.94,31.22,14.24,5.42,0
SC07-09469,84.3,-3.04,4.13,358.29,9.19,0
SC07-09470,0.98,7.19,97.69,124.91,3.23,0
SC07-09471,36.93,-1.43,32.53,85.86,8.33,0
SC07-09472,8.9,47.34,39.9,99.64,12.53,0
SC07-09473,83.65,41.43,24.05,310.06,13.37,0
SC07-09474,7.85,36.91,51.12,340.81,13.35,0
SC07-09475,30.79,50.88,2.97,232.1,4.09,0
SC07-09476,33.69,37.28,89.74,225.36,6.84,0
SC07-09477,92.03,-1.52,88.86,449.35,11.51,0
SC07-09478,74.83,45.4,86.78,250.71,1.36,0
SC07-09479,24.45,43.04,88.57,110.85,10.99,0
SC07-09480,88.89,39.41,19.69,166.26,10.28,0
SC07-09481,46.33,25.4,37.97,437.38,6.35,0
SC07-09482,5.84,47.91,86.64,11.61,10.07,1
SC07-09483,38.18,19.87,93.63,287.79,9.43,0
SC07-09484,1.93,55.55,71.18,213.27,13.28,0
SC07-09485,42.09,33.14,37.25,429.76,10.29,0
SC07-09486,13.59,43.43,25.46,135.57,1.5,0
SC07-09487,70.91,-5.51,67.25,7.0,10.54,0
SC07-09488,26.0,29.82,52.04,257.4,2.94,0
SC07-09489,58.31,44.04,5.01,2.67,0.94,0
SC07-09490,66.01,0.88,90.17,244.13,5.42,0
SC07-09491,21.67,52.12,12.18,107.76,9.48,0
SC07-09492,63.14,0.16,8.12,47.54,8.29,0
SC07-09493,80.68,29.13,85.6,476.8,7.48,0
SC07-09494,87.52,-1.0,41.33,1.36,11.87,0
SC07-09495,95.51,22.57,36.2,210.49,0.11,0
SC07-09496,51.14,57.57,43.1,219.77,11.79,0
SC07-09497,74.94,-1.17,13.12,298.55,1.21,0
SC07-09498,12.87,26.28,22.48,255.18,12.7,0
SC07-09499,98.7,18.26,43.65,396.81,1.13,0
SC07-09500,94.81,4.06,20.62,422.87,10.75,0
SC07-09501,46.09,10.28,24.6,119.64,1.93,0
SC07-09502,97.14,42.07,67.64,213.36,2.55,0
SC07-09503,80.15,13.99,24.7,245.93,9.23,0
SC07-09504,6.26,50.3,87.81,160.24,10.55,0
SC07-09505,42.39,44.18,11.03,107.25,1.54,0
SC07-09506,16.95,-3.31,32.97,267.4,2.72,0
SC07-09507,17.22,-3.49,73.81,472.53,4.02,0
SC07-09508,23.43,13.36,18.78,141.63,0.17,0
SC07-09509,47.34,59.42,41.58,317.35,7.07,0
SC07-09510,32.58,11.11,74.49,213.95,4.41,0
SC07-09511,70.89,27.72,11.49,423.67,11.97,0
SC07-09512,48.84,33.04,55.77,88.45,10.61,0
SC07-09513,89.43,53.38,51.01,469.72,13.42,0
SC07-09514,27.95,-7.2,77.9,29.04,10.77,0
SC07-09515,34.04,4.56,76.41,189.62,0.75,0
SC07-09516,70.46,19.11,69.33,309.83,12.88,0
SC07-09517,68.97,5.34,49.04,133.24,6.71,0
SC07-09518,49.2,5.99,8.68,169.73,3.34,0
SC07-09519,80.16,48.51,92.21,388.4,3.48,0
SC07-09520,86.39,-3.89,42.39,388.27,11.58,0
SC07-09521,13.53,41.12,97.75,310.39,6.24,0
SC07-09522,83.89,15.67,76.44,474.62,10.83,0
SC07-09523,87.67,47.26,63.18,433.5,12.49,0
SC07-09524,23.31,58.53,44.06,340.05,6.36,0
SC07-09525,31.14,-3.35,86.23,448.0,9.57,0
SC07-09526,25.19,30.98,90.2,374.67,10.67,0
SC07-09527,51.98,59.04,5.5,6.12,9.4,0
SC07-09528,91.46,-7.54,73.57,167.67,10.57,0
SC07-09529,18.32,41.52,11.34,441.39,2.77,0
SC07-09530,72.99,-0.54,95.96,26.49,1.12,0
SC07-09531,1.08,17.82,28.14,217.79,5.03,0
SC07-09532,84.25,25.11,26.68,254.39,7.11,0
SC07-09533,71.61,34.97,46.7,274.55,13.83,0
SC07-09534,34.97,25.04,70.45,245.8,10.25,0
SC07-09535,35.55,39.04,47.71,49.48,12.23,0
SC07-09536,8.66,54.22,60.16,146.85,0.94,0
SC07-09537,86.75,-6.21,37.56,354.24,13.16,0
SC07-09538,79.99,34.7,57.11,177.18,0.29,0
SC07-09539,86.03,57.39,72.27,367.95,2.86,0
SC07-09540,13.29,24.52,51.67,198.85,7.28,0
SC07-09541,42.57,57.98,98.25,285.65,4.22,0
SC07-09542,1.77,6.03,94.21,469.66,4.63,0
SC07-09543,64.15,59.72,87.82,457.93,3.66,0
SC07-09544,9.66,42.84,3.93,221.49,5.7,0
SC07-09545,84.39,59.89,22.3,168.65,11.75,0
SC07-09546,28.22,16.15,43.72,124.35,13.85,0
SC07-09547,75.31,19.23,68.93,496.91,7.56,0
SC07-09548,78.66,55.93,67.97,82.29,10.06,0
SC07-09549,47.79,11.07,31.73,260.75,5.94,0
SC07-09550,44.42,-5.11,69.48,283.9,5.76,0
SC07-09551,37.67,-2.05,63.67,428.7,4.69,0
SC07-09552,63.1,18.28,6.82,140.37,3.17,0
SC07-09553,85.07,14.11,19.74,332.57,7.17,0
SC07-09554,19.12,51.56,55.85,417.47,8.07,0
SC07-09555,58.6,50.63,24.5,464.88,2.5,0
SC07-09556,98.48,-6.46,51.98,165.89,12.92,0
SC07-09557,31.18,58.07,2.95,87.69,1.46,0
SC07-09558,67.74,-7.76,40.45,125.76,12.38,0
SC07-09559,79.82,40.6,21.77,102.28,11.44,0
SC07-09560,14.91,-5.62,88.44,219.91,11.23,0
SC07-09561,57.23,23.76,82.64,81.22,1.05,0
SC07-09562,48.03,51.77,60.55,463.53,11.4,0
SC07-09563,72.72,10.6,14.11,473.23,8.54,0
SC07-09564,9.85,47.1,49.5,247.86,3.75,0
SC07-09565,76.7,-4.34,34.07,43.45,6.72,0
SC07-09566,33.71,-8.61,93.32,341.93,5.91,0
SC07-09567,8.02,0.06,68.74,331.22,10.17,0
SC07-09568,27.44,17.26,8.03,450.17,9.79,0
SC07-09569,97.38,12.33,61.03,196.08,6.74,0
SC07-09570,27.64,23.9,98.91,158.21,9.66,0
SC07-09571,90.17,20.34,50.74,81.45,10.78,0
SC07-09572,84.77,20.92,37.2,375.39,6.47,0
SC07-09573,67.61,58.05,12.3,32.92,8.27,0
SC07-09574,96.74,49.8,65.57,302.53,1.21,0
SC07-09575,37.97,42.0,0.1,431.33,13.73,0
SC07-09576,63.69,-9.9,17.13,219.28,12.07,0
SC07-09577,77.49,41.56,30.61,91.52,7.08,0
SC07-09578,84.77,56.43,0.01,484.68,3.07,0
SC07-09579,54.51,25.05,75.47,210.02,10.96,0
SC07-09580,28.68,52.87,34.05,282.02,10.33,0
SC07-09581,8.77,43.4,54.05,271.4,10.26,0
SC07-09582,83.21,32.07,51.12,348.48,8.43,0
SC07-09583,19.34,2.49,20.95,290.65,2.34,0
SC07-09584,55.29,55.2,50.12,12.82,9.59,0
SC07-09585,47.04,16.05,98.83,396.27,7.44,0
SC07-09586,78.61,10.09,48.41,346.83,5.41,0
SC07-09587,32.43,-9.7,14.33,373.62,5.86,0
SC07-09588,20.51,53.77,11.16,64.48,2.43,0
SC07-09589,97.85,15.94,25.87,69.06,5.9,0
SC07-09590,30.59,6.7,79.78,365.46,0.04,0
SC07-09591,28.12,53.42,36.99,369.56,9.02,0
SC07-09592,23.24,10.05,57.01,329.75,5.94,0
SC07-09593,17.73,46.56,25.32,219.2,0.03,0
SC07-09594,98.0,0.66,68.04,251.16,6.74,0
SC07-09595,7.03,-6.57,25.51,262.81,11.84,0
SC07-09596,52.82,43.05,27.28,314.48,9.17,0
SC07-09597,23.93,32.21,38.91,239.17,3.42,0
SC07-09598,87.34,44.7,63.97,377.93,8.58,0
SC07-09599,20.31,25.38,72.44,263.49,11.47,0
SC07-09600,55.39,4.72,71.97,199.28,8.13,0
SC07-09601,52.93,14.18,12.28,223.71,7.8,0
SC07-09602,71.99,57.67,10.25,498.93,4.88,0
SC07-09603,74.28,7.46,3.71,404.13,8.89,0
SC07-09604,83.38,34.23,23.56,271.71,6.87,0
SC07-09605,73.28,15.19,11.4,301.82,0.35,0
SC07-09606,94.2,7.9,91.48,201.94,9.34,0
SC07-09607,92.96,55.04,17.65,454.35,10.92,0
SC07-09608,72.47,-5.97,39.46,76.98,10.07,0
SC07-09609,40.83,34.18,18.51,44.09,0.79,0
SC07-09610,40.42,21.98,98.09,403.27,7.54,0
SC07-09611,41.33,21.02,71.2,350.61,6.75,0
SC07-09612,53.28,-5.27,60.88,179.44,8.07,0
SC07-09613,26.48,20.11,94.96,287.08,7.96,0
SC07-09614,21.72,15.31,69.22,140.31,9.36,0
SC07-09615,15.78,7.94,38.79,27.67,3.3,0
SC07-09616,15.14,58.87,69.29,249.05,5.45,0
SC07-09617,10.87,27.56,77.99,55.52,7.51,0
SC07-09618,40.89,17.54,21.15,290.16,0.3,0
SC07-09619,23.82,15.5,47.26,132.2,5.64,0
SC07-09620,20.39,28.55,47.58,73.71,5.55,0
SC07-09621,69.96,12.6,1.12,69.94,13.0,0
SC07-09622,70.69,49.04,50.81,356.02,4.97,0
SC07-09623,77.48,45.45,2.7,310.96,8.24,0
SC07-09624,51.1,20.36,68.68,350.0,2.25,0
SC07-09625,69.73,8.74,79.74,494.46,9.66,0
SC07-09626,92.98,-5.46,26.73,14.35,7.05,0
SC07-09627,46.72,5.64,72.08,243.89,3.83,0
SC07-09628,83.63,56.59,32.16,495.7,11.77,0
SC07-09629,61.86,17.42,71.58,243.66,10.1,0
SC07-09630,57.39,34.52,45.65,74.75,1.98,0
SC07-09631,42.93,50.92,37.89,337.48,10.59,0
SC07-09632,32.38,6.94,94.98,5.24,6.95,1
SC07-09633,13.58,44.26,74.22,428.03,6.67,0
SC07-09634,41.95,51.12,98.97,235.19,12.5,0
SC07-09635,43.69,29.41,85.64,345.94,12.56,0
SC07-09636,10.83,15.08,87.08,188.67,8.32,0
SC07-09637,0.98,55.15,51.57,436.37,2.17,0
SC07-09638,95.66,-7.38,34.2,3.2,0.35,0
SC07-09639,61.19,43.92,61.78,40.44,4.87,0
SC07-09640,52.97,54.91,92.79,109.52,8.2,0
SC07-09641,66.17,50.55,86.66,128.07,4.98,0
SC07-09642,43.61,2.79,18.15,47.96,10.4,0
SC07-09643,53.61,33.05,27.96,41.96,8.71,0
SC07-09644,77.36,30.22,65.6,454.97,5.63,0
SC07-09645,59.97,4.6,5.18,275.82,4.44,0
SC07-09646,58.38,31.11,4.16,6.63,10.33,0
SC07-09647,67.38,20.47,36.93,32.58,11.75,0
SC07-09648,82.22,4.61,90.35,325.4,0.89,0
SC07-09649,14.02,49.61,29.13,352.47,7.03,0
SC07-09650,11.31,21.74,19.07,12.43,5.26,1
SC07-09651,79.48,6.04,53.04,34.62,4.4,0
SC07-09652,54.52,52.24,80.54,291.5,10.61,0
SC07-09653,88.88,17.76,50.53,480.89,3.28,0
SC07-09654,78.08,3.1,28.69,180.31,1.05,0
SC07-09655,35.92,12.43,86.44,279.82,2.66,0
SC07-09656,10.68,-3.28,65.26,26.69,9.82,0
SC07-09657,54.63,42.1,52.83,210.52,3.69,0
SC07-09658,93.57,-5.24,97.33,136.17,0.22,0
SC07-09659,87.39,28.05,94.04,213.93,13.86,0
SC07-09660,45.91,33.55,18.67,249.79,11.82,0
SC07-09661,5.14,56.7,25.35,228.68,7.41,0
SC07-09662,3.69,17.94,15.32,13.72,11.0,1
SC07-09663,72.68,48.36,39.25,3.39,9.08,0
SC07-09664,30.87,33.83,87.16,180.36,12.03,0
SC07-09665,13.85,52.27,78.01,389.32,3.1,0
SC07-09666,33.45,19.19,62.84,429.88,6.06,0
SC07-09667,5.53,58.97,36.01,492.26,8.65,0
SC07-09668,83.44,49.68,64.39,348.12,5.99,0
SC07-09669,48.47,52.39,21.28,402.21,8.02,0
SC07-09670,96.74,30.85,92.67,154.19,3.73,0
SC07-09671,46.17,51.34,84.33,20.83,2.67,0
SC07-09672,86.96,-4.21,79.07,388.02,10.25,0
SC07-09673,93.17,46.56,1.83,62.37,1.93,0
SC07-09674,42.26,44.72,49.71,454.64,10.77,0
SC07-09675,30.85,7.58,65.23,84.17,1.41,0
SC07-09676,81.34,30.66,13.08,324.02,10.67,0
SC07-09677,13.37,23.95,19.21,316.2,7.73,0
SC07-09678,78.28,56.39,78.89,3.72,12.69,0
SC07-09679,53.72,-3.16,26.32,489.12,3.5,0
SC07-09680,53.4,43.78,1.31,154.34,3.04,0
SC07-09681,19.61,51.74,51.5,132.13,2.15,0
SC07-09682,36.44,12.39,96.44,453.67,5.5,0
SC07-09683,76.04,-7.61,65.84,166.83,7.75,0
SC07-09684,3.14,40.09,90.74,287.88,4.9,0
SC07-09685,88.05,42.76,54.45,163.81,11.65,0
SC07-09686,86.52,-6.28,9.25,156.99,3.09,0
SC07-09687,54.35,38.18,80.48,166.51,7.57,0
SC07-09688,55.98,-6.55,48.09,310.5,12.75,0
SC07-09689,80.02,33.35,72.4,53.31,3.95,0
SC07-09690,53.05,26.37,80.7,173.78,10.61,0
SC07-09691,63.46,45.1,11.42,147.48,5.99,0
SC07-09692,9.27,31.76,59.39,126.27,6.36,0
SC07-09693,3.55,50.74,40.67,181.72,11.81,0
SC07-09694,91.07,17.36,53.63,181.02,11.99,0
SC07-09695,31.37,13.28,77.73,316.9,5.59,0
SC07-09696,49.76,46.19,42.56,180.29,8.69,0
SC07-09697,35.22,31.97,16.87,114.32,3.94,0
SC07-09698,77.39,-0.71,89.41,280.52,11.69,0
SC07-09699,18.1,16.68,97.25,255.19,4.34,0
SC07-09700,64.62,26.85,39.21,156.03,12.41,0
SC07-09701,54.87,6.36,21.79,167.58,13.17,0
SC07-09702,65.92,42.63,20.08,329.13,1.15,0
SC07-09703,19.97,37.43,19.7,215.49,11.41,0
SC07-09704,94.62,52.77,16.39,253.38,6.65,0
SC07-09705,29.71,21.94,83.04,394.36,6.24,0
SC07-09706,74.81,5.87,62.06,403.16,1.54,0
SC07-09707,76.37,-4.67,69.89,433.86,7.81,0
SC07-09708,88.11,14.24,54.63,333.14,7.32,0
SC07-09709,94.77,46.98,66.15,60.06,8.88,0
SC07-09710,75.13,38.74,68.08,152.21,7.39,0
SC07-09711,30.74,9.17,86.53,97.65,6.67,0
SC07-09712,57.47,19.39,74.59,173.61,4.78,0
SC07-09713,48.51,30.02,84.86,192.43,7.1,0
SC07-09714,24.29,10.24,14.93,62.16,7.08,0
SC07-09715,59.73,8.25,31.32,292.51,13.29,0
SC07-09716,12.6,-2.69,92.19,256.94,6.05,0
SC07-09717,31.13,7.58,6.67,212.96,10.83,0
SC07-09718,67.08,-6.64,83.2,333.75,3.53,0
SC07-09719,91.01,11.3,32.54,499.67,6.89,0
SC07-09720,96.04,49.02,2.01,409.5,5.34,0
SC07-09721,9.56,20.48,67.32,189.8,13.23,0
SC07-09722,99.37,14.55,47.4,93.89,5.96,0
SC07-09723,97.18,8.91,72.38,44.32,3.74,0
SC07-09724,62.93,25.48,1.56,2.88,1.56,0
SC07-09725,37.43,34.96,65.7,149.55,4.83,0
SC07-09726,31.16,15.09,27.98,428.58,9.12,0
SC07-09727,32.69,44.24,54.26,428.74,5.37,0
SC07-09728,3.63,51.04,17.48,197.02,10.17,0
SC07-09729,84.49,26.22,53.51,120.62,7.29,0
SC07-09730,88.49,16.78,54.09,264.73,12.01,0
SC07-09731,71.35,58.53,65.21,11.6,8.32,0
SC07-09732,3.15,54.96,78.76,361.73,5.39,0
SC07-09733,25.07,-9.78,2.19,3.43,9.4,1
SC07-09734,26.17,39.92,12.44,305.1,0.67,0
SC07-09735,8.36,25.93,23.08,26.38,2.48,0
SC07-09736,63.81,16.43,71.45,69.35,13.98,0
SC07-09737,18.33,4.47,49.62,416.36,8.58,0
SC07-09738,32.4,8.32,20.75,458.4,5.4,0
SC07-09739,4.48,30.96,26.04,116.91,2.95,0
SC07-09740,84.34,1.5,75.76,328.45,5.12,0
SC07-09741,58.97,-6.33,79.38,380.73,12.06,0
SC07-09742,96.14,29.43,88.86,384.43,11.81,0
SC07-09743,9.65,37.39,34.67,307.29,6.08,0
SC07-09744,14.51,-5.85,37.98,30.97,0.36,0
SC07-09745,56.17,39.46,15.63,127.63,0.15,0
SC07-09746,31.43,8.09,69.92,57.23,11.93,0
SC07-09747,29.1,45.38,60.8,427.31,9.82,0
SC07-09748,43.42,19.39,71.72,486.73,13.69,0
SC07-09749,15.64,15.25,28.85,413.21,5.99,0
SC07-09750,4.21,-1.1,75.25,287.59,2.56,0
SC07-09751,18.93,8.18,36.0,231.25,12.78,0
SC07-09752,18.76,35.24,31.92,286.56,5.14,0
SC07-09753,90.47,29.57,15.56,31.9,6.76,0
SC07-09754,86.72,12.55,59.65,311.34,6.42,0
SC07-09755,39.81,12.03,16.24,423.0,11.34,0
SC07-09756,67.32,33.25,33.31,217.82,7.5,0
SC07-09757,42.82,18.55,34.71,227.03,2.94,0
SC07-09758,73.52,-4.52,12.76,35.69,3.14,0
SC07-09759,76.02,38.99,51.58,178.22,2.94,0
SC07-09760,77.7,44.96,17.86,150.65,10.32,0
SC07-09761,21.45,45.49,28.85,387.76,4.64,0
SC07-09762,78.42,10.2,50.65,356.08,3.23,0
SC07-09763,42.49,26.42,20.02,346.57,5.07,0
SC07-09764,37.16,10.04,3.59,428.56,13.14,0
SC07-09765,68.92,55.24,33.96,482.24,4.93,0
SC07-09766,49.02,37.62,28.65,189.89,13.24,0
SC07-09767,2.13,45.04,95.29,361.88,8.96,0
SC07-09768,80.92,41.44,15.16,374.41,6.58,0
SC07-09769,96.25,23.31,32.09,445.73,0.24,0
SC07-09770,4.64,53.7,3.89,106.67,0.28,0
SC07-09771,17.95,-2.82,13.99,291.06,13.46,0
SC07-09772,10.66,-3.24,81.31,298.16,3.14,0
SC07-09773,19.1,28.88,91.12,49.36,13.67,0
SC07-09774,93.55,18.65,23.07,66.53,10.41,0
SC07-09775,74.65,-2.03,26.41,101.46,6.65,0
SC07-09776,33.61,-7.46,32.18,417.37,5.5,0
SC07-09777,54.36,20.84,55.04,404.9,10.72,0
SC07-09778,96.0,37.53,63.89,380.78,1.41,0
SC07-09779,17.86,27.57,18.62,453.18,9.89,0
SC07-09780,39.32,13.64,79.31,207.26,9.53,0
SC07-09781,20.76,40.21,82.24,281.32,2.64,0
SC07-09782,3.51,51.51,34.12,41.43,6.37,0
SC07-09783,17.6,39.22,10.02,146.64,4.74,0
SC07-09784,45.41,59.16,55.92,234.65,8.94,0
SC07-09785,16.16,16.67,87.95,439.42,4.62,0
SC07-09786,28.42,59.12,58.33,7.27,8.57,1
SC07-09787,61.59,20.35,60.7,39.15,10.14,0
SC07-09788,1.25,38.71,43.66,469.0,13.88,0
SC07-09789,56.95,32.47,21.73,262.3,1.52,0
SC07-09790,56.95,35.23,88.69,313.83,4.07,0
SC07-09791,97.0,53.78,46.01,194.39,2.43,0
SC07-09792,96.32,-4.16,69.59,4.39,1.99,0
SC07-09793,9.1,13.58,49.44,456.4,7.28,0
SC07-09794,39.65,5.24,92.2,226.54,4.67,0
SC07-09795,20.27,51.57,3.43,252.35,11.41,0
SC07-09796,60.45,18.59,43.45,216.38,12.43,0
SC07-09797,53.3,46.94,83.33,134.29,0.97,0
SC07-09798,38.52,53.96,5.94,335.62,5.67,0
SC07-09799,86.32,42.82,30.47,307.88,11.79,0
SC07-09800,20.67,32.95,40.26,181.83,11.07,0
SC07-09801,74.91,-4.53,33.99,219.47,0.93,0
SC07-09802,4.52,4.34,5.5,330.58,2.01,0
SC07-09803,33.05,19.0,55.72,314.82,13.86,0
SC07-09804,76.33,28.36,60.98,303.95,13.84,0
SC07-09805,86.76,10.96,25.59,80.55,1.4,0
SC07-09806,56.74,43.84,16.71,50.71,4.84,0
SC07-09807,86.98,55.32,43.32,212.13,9.0,0
SC07-09808,76.13,42.96,89.54,53.74,0.62,0
SC07-09809,27.25,35.73,87.28,360.28,10.2,0
SC07-09810,61.88,-1.92,12.41,482.04,10.43,0
SC07-09811,29.18,15.08,5.96,174.33,9.31,0
SC07-09812,70.4,37.22,47.92,136.38,2.26,0
SC07-09813,60.14,18.11,21.92,207.32,1.01,0
SC07-09814,18.26,46.26,30.32,67.83,9.69,0
SC07-09815,68.93,38.96,73.98,89.15,4.77,0
SC07-09816,59.97,40.67,1.31,144.62,3.55,0
SC07-09817,53.69,-4.14,28.32,314.55,1.94,0
SC07-09818,67.27,55.04,69.93,411.26,11.27,0
SC07-09819,40.02,35.59,75.15,92.87,11.11,0
SC07-09820,94.71,20.28,85.61,9.58,1.37,0
SC07-09821,64.75,-2.85,15.24,391.67,10.77,0
SC07-09822,38.98,55.5,88.37,389.67,7.52,0
SC07-09823,60.54,24.18,16.14,303.99,11.79,0
SC07-09824,58.69,-8.93,43.53,123.42,12.13,0
SC07-09825,10.15,48.15,31.82,38.7,6.57,0
SC07-09826,64.94,6.5,43.99,67.64,11.84,0
SC07-09827,89.53,6.75,59.86,0.85,5.45,0
SC07-09828,30.84,35.3,46.77,239.3,4.84,0
SC07-09829,46.08,43.81,19.83,43.21,1.94,0
SC07-09830,68.47,12.63,24.01,12.41,2.8,0
SC07-09831,86.87,13.57,38.28,456.36,5.82,0
SC07-09832,44.5,7.6,90.11,95.42,12.69,0
SC07-09833,6.99,-2.97,9.14,207.28,3.18,0
SC07-09834,29.07,27.76,78.96,150.57,1.97,0
SC07-09835,65.6,3.82,36.8,441.66,0.25,0
SC07-09836,88.05,33.04,99.68,321.02,9.14,0
SC07-09837,31.12,29.79,24.68,177.89,5.33,0
SC07-09838,34.26,50.12,70.95,216.05,1.23,0
SC07-09839,40.09,19.31,90.7,97.88,1.17,0
SC07-09840,92.78,12.74,18.38,377.43,1.9,0
SC07-09841,13.92,12.76,21.63,154.4,9.24,0
SC07-09842,72.52,47.67,59.56,381.12,7.95,0
SC07-09843,71.2,31.73,40.63,486.76,6.39,0
SC07-09844,54.98,59.9,22.12,88.14,9.37,0
SC07-09845,49.62,58.55,38.76,3.26,6.07,0
SC07-09846,8.83,3.74,69.21,393.31,8.97,0
SC07-09847,32.35,-7.14,30.82,489.98,7.04,0
SC07-09848,0.83,56.26,89.0,7.27,5.6,1
SC07-09849,14.17,34.41,95.86,325.37,8.0,0
SC07-09850,25.27,50.6,67.58,62.68,13.28,0
SC07-09851,62.85,4.07,92.86,467.17,2.34,0
SC07-09852,93.26,41.12,18.75,436.87,13.26,0
SC07-09853,26.15,11.93,28.49,193.76,5.85,0
SC07-09854,64.79,43.75,61.12,216.75,9.23,0
SC07-09855,38.99,34.07,92.7,193.2,7.19,0
SC07-09856,70.93,-9.67,78.79,345.46,2.89,0
SC07-09857,13.26,33.05,56.09,401.21,10.06,0
SC07-09858,94.92,46.82,82.99,0.58,8.97,0
SC07-09859,41.7,50.27,12.06,283.34,0.99,0
SC07-09860,85.67,9.82,9.4,270.03,1.67,0
SC07-09861,73.47,14.83,95.09,487.34,10.35,0
SC07-09862,79.62,28.13,58.32,163.14,9.67,0
SC07-09863,39.83,47.34,51.54,91.96,2.21,0
SC07-09864,50.17,29.64,71.07,35.82,10.9,0
SC07-09865,75.33,29.59,38.04,34.97,13.1,0
SC07-09866,61.5,33.45,19.0,365.86,13.34,0
SC07-09867,45.18,31.94,91.11,252.34,11.16,0
SC07-09868,4.33,29.79,19.12,406.98,12.3,0
SC07-09869,22.26,41.51,95.57,368.36,11.45,0
SC07-09870,96.03,41.41,7.84,24.63,6.56,0
SC07-09871,2.45,49.01,13.9,117.18,7.39,0
SC07-09872,81.52,15.38,57.33,165.28,12.21,0
SC07-09873,9.74,38.09,59.25,77.03,13.33,0
SC07-09874,46.47,0.3,4.57,102.33,5.2,0
SC07-09875,55.34,5.58,57.63,308.64,5.03,0
SC07-09876,10.56,-1.6,24.11,382.27,8.68,0
SC07-09877,49.71,41.9,91.93,121.82,11.53,0
SC07-09878,45.77,1.01,55.13,233.89,13.72,0
SC07-09879,94.22,47.51,24.59,3.84,7.72,0
SC07-09880,29.3,-0.88,77.04,404.9,10.61,0
SC07-09881,83.61,13.03,30.46,343.15,11.15,0
SC07-09882,37.68,22.17,19.8,449.2,2.17,0
SC07-09883,2.32,26.95,30.94,338.12,11.82,0
SC07-09884,63.6,46.66,61.44,61.68,7.08,0
SC07-09885,43.9,-6.47,84.3,256.97,0.88,0
SC07-09886,1.01,-9.67,27.17,461.05,3.06,0
SC07-09887,11.96,10.27,8.42,352.73,1.63,0
SC07-09888,98.99,39.05,63.3,295.44,3.49,0
SC07-09889,19.5,33.8,99.57,499.34,10.54,0
SC07-09890,27.96,57.16,5.28,141.14,3.35,0
SC07-09891,87.33,20.87,82.58,295.3,7.99,0
SC07-09892,88.68,57.53,14.21,260.04,13.67,0
SC07-09893,64.99,43.35,11.15,392.04,1.21,0
SC07-09894,37.78,4.92,68.39,204.24,2.5,0
SC07-09895,83.09,26.37,52.62,165.22,12.1,0
SC07-09896,94.44,35.83,42.78,66.36,7.08,0
SC07-09897,19.58,-9.02,90.02,160.07,9.97,0
SC07-09898,29.43,-7.36,47.58,463.6,2.45,0
SC07-09899,85.3,13.42,26.78,359.36,1.8,0
SC07-09900,93.11,45.73,21.03,174.96,11.23,0
SC07-09901,23.43,24.51,7.33,399.48,5.76,0
SC07-09902,78.74,9.46,43.37,411.26,3.85,0
SC07-09903,47.89,47.62,17.06,455.33,0.82,0
SC07-09904,90.17,44.32,88.74,416.02,9.08,0
SC07-09905,93.99,26.5,85.91,428.52,12.07,0
SC07-09906,68.51,48.73,55.09,262.83,12.82,0
SC07-09907,82.66,-6.28,28.52,22.82,2.68,0
SC07-09908,74.55,7.5,33.78,392.72,13.6,0
SC07-09909,50.94,25.72,1.47,392.3,13.47,0
SC07-09910,53.79,49.44,69.32,168.3,3.19,0
SC07-09911,8.16,24.66,38.25,24.53,6.34,0
SC07-09912,39.7,30.81,46.32,448.06,7.77,0
SC07-09913,27.47,22.8,77.15,395.18,13.42,0
SC07-09914,54.53,49.76,19.88,477.18,3.21,0
SC07-09915,49.86,52.87,74.72,174.04,1.24,0
SC07-09916,64.84,43.4,71.66,237.16,13.88,0
SC07-09917,98.99,28.83,18.48,258.58,13.18,0
SC07-09918,21.56,39.3,69.72,419.29,2.42,0
SC07-09919,62.91,49.9,83.1,150.45,3.28,0
SC07-09920,27.4,10.69,38.18,232.22,8.77,0
SC07-09921,29.67,45.75,56.26,110.53,8.11,0
SC07-09922,83.64,-8.9,2.13,45.72,6.32,0
SC07-09923,52.6,41.13,22.61,138.38,0.1,0
SC07-09924,25.83,33.29,8.93,43.32,8.81,0
SC07-09925,21.45,21.03,38.89,195.1,6.67,0
SC07-09926,38.71,55.09,38.77,361.67,7.79,0
SC07-09927,26.76,18.96,79.62,269.23,12.76,0
SC07-09928,79.59,58.17,93.11,261.1,1.77,0
SC07-09929,30.95,26.63,83.33,35.43,1.48,0
SC07-09930,38.92,17.52,13.97,390.37,3.56,0
SC07-09931,25.61,12.86,43.99,425.32,4.33,0
SC07-09932,75.6,1.98,79.09,390.26,5.74,0
SC07-09933,19.6,57.55,15.27,353.58,8.16,0
SC07-09934,40.82,56.52,96.86,292.11,12.9,0
SC07-09935,95.21,23.39,70.08,432.12,0.96,0
SC07-09936,62.41,-5.62,5.59,400.93,5.93,0
SC07-09937,82.38,54.52,24.28,218.94,1.4,0
SC07-09938,54.55,15.41,55.48,107.73,4.84,0
SC07-09939,94.06,40.87,92.27,327.61,11.29,0
SC07-09940,30.47,-7.24,86.44,183.09,6.39,0
SC07-09941,82.7,46.28,83.17,158.81,13.46,0
SC07-09942,38.41,53.48,27.83,340.29,4.42,0
SC07-09943,38.98,22.03,33.52,386.53,13.22,0
SC07-09944,97.11,47.55,14.03,468.6,0.25,0
SC07-09945,52.23,36.0,69.26,313.0,10.75,0
SC07-09946,19.18,15.71,42.28,315.57,11.32,0
SC07-09947,80.4,51.89,18.24,360.72,4.75,0
SC07-09948,34.52,19.47,34.94,355.71,12.82,0
SC07-09949,98.77,6.64,34.72,412.42,11.17,0
SC07-09950,51.33,8.07,4.72,257.86,0.92,0
SC07-09951,43.11,43.2,69.12,258.27,13.39,0
SC07-09952,75.18,47.34,20.42,476.87,2.25,0
SC07-09953,60.29,36.58,49.6,186.82,1.83,0
SC07-09954,86.79,38.37,0.33,355.98,3.07,0
SC07-09955,58.29,29.57,21.72,282.55,3.93,0
SC07-09956,4.74,24.3,81.32,210.18,7.76,0
SC07-09957,83.37,54.39,65.63,330.7,0.22,0
SC07-09958,89.17,-7.03,33.91,166.41,0.01,0
SC07-09959,83.41,21.51,48.84,336.29,11.44,0
SC07-09960,59.78,32.75,61.06,71.51,12.84,0
SC07-09961,73.55,29.45,27.12,96.45,8.46,0
SC07-09962,6.8,31.64,57.54,55.71,10.71,0
SC07-09963,76.84,19.4,26.67,377.09,2.63,0
SC07-09964,13.31,31.07,94.88,39.76,9.81,0
SC07-09965,38.89,21.16,96.67,442.73,6.38,0
SC07-09966,70.94,12.28,59.77,357.93,9.54,0
SC07-09967,70.66,55.34,78.86,344.47,8.72,0
SC07-09968,35.75,9.04,54.03,307.06,12.95,0
SC07-09969,54.42,-3.84,63.65,48.14,1.94,0
SC07-09970,32.79,1.47,44.47,411.29,0.5,0
SC07-09971,3.82,27.33,97.45,168.92,4.73,0
SC07-09972,32.21,1.41,29.53,411.53,1.12,0
SC07-09973,74.28,45.9,74.59,360.63,7.51,0
SC07-09974,65.93,54.02,44.19,480.47,10.02,0
SC07-09975,86.39,-2.9,88.71,56.45,8.08,0
SC07-09976,52.56,-5.64,92.1,418.96,1.13,0
SC07-09977,87.57,-8.46,24.08,418.15,11.42,0
SC07-09978,78.97,50.09,21.18,492.45,10.46,0
SC07-09979,54.58,43.5,7.52,448.65,0.23,0
SC07-09980,39.04,11.84,53.29,343.66,2.74,0
SC07-09981,35.77,20.8,75.26,107.83,9.28,0
SC07-09982,48.15,5.91,4.74,330.42,0.16,0
SC07-09983,30.58,44.36,30.99,327.65,3.97,0
SC07-09984,90.29,57.49,17.86,31.42,10.46,0
SC07-09985,98.5,50.57,59.39,147.96,8.42,0
SC07-09986,56.21,-2.88,46.05,358.98,2.63,0
SC07-09987,78.18,23.06,93.2,286.45,1.06,0
SC07-09988,87.04,29.98,64.1,485.78,9.13,0
SC07-09989,84.37,25.07,79.87,463.48,3.91,0
SC07-09990,44.59,-5.23,1.92,287.13,1.65,0
SC07-09991,75.24,5.08,84.0,201.98,13.57,0
SC07-09992,31.85,38.52,13.3,28.38,13.94,0
SC07-09993,62.58,-7.64,52.67,173.22,10.61,0
SC07-09994,86.08,58.18,34.34,11.65,11.26,0
SC07-09995,76.52,10.85,7.37,213.22,11.8,0
SC07-09996,76.84,37.59,4.13,453.78,10.18,0
SC07-09997,89.6,24.78,43.38,400.97,12.67,0
SC07-09998,18.74,1.46,45.1,270.34,2.5,0
SC07-09999,92.11,4.85,70.05,160.21,6.43,0
SC07-10000,11.75,5.88,47.81,196.21,10.37,0
